unit_nr,time_cycles,RUL,Predicted_RUL
1,1,191,177.85
1,2,190,182.77
1,3,189,181.95
1,4,188,185.2
1,5,187,167.63
1,6,186,181.21
1,7,185,180.27
1,8,184,181.38
1,9,183,190.41
1,10,182,186.58
1,11,181,176.99
1,12,180,188.16
1,13,179,172.59
1,14,178,170.69
1,15,177,172.2
1,16,176,180.09
1,17,175,163.84
1,18,174,176.39
1,19,173,179.47
1,20,172,183.7
1,21,171,172.46
1,22,170,167.91
1,23,169,176.72
1,24,168,166.79
1,25,167,180.25
1,26,166,168.98
1,27,165,180.25
1,28,164,169.13
1,29,163,166.63
1,30,162,167.46
1,31,161,161.55
1,32,160,173.19
1,33,159,174.7
1,34,158,164.49
1,35,157,171.13
1,36,156,163.26
1,37,155,168.04
1,38,154,159.25
1,39,153,182.32
1,40,152,162.09
1,41,151,158.81
1,42,150,144.13
1,43,149,152.39
1,44,148,158.32
1,45,147,158.59
1,46,146,155.55
1,47,145,164.05
1,48,144,151.93
1,49,143,160.11
1,50,142,145.44
1,51,141,149.47
1,52,140,154.88
1,53,139,163.21
1,54,138,143.97
1,55,137,144.02
1,56,136,150.77
1,57,135,143.1
1,58,134,145.42
1,59,133,149.46
1,60,132,143.98
1,61,131,145.13
1,62,130,153.21
1,63,129,143.44
1,64,128,139.07
1,65,127,132.25
1,66,126,131.97
1,67,125,143.98
1,68,124,142.54
1,69,123,138.52
1,70,122,141.06
1,71,121,140.55
1,72,120,143.66
1,73,119,138.62
1,74,118,131.01
1,75,117,139.7
1,76,116,128.92
1,77,115,129.53
1,78,114,145.08
1,79,113,128.59
1,80,112,125.71
1,81,111,126.56
1,82,110,131.38
1,83,109,125.82
1,84,108,125.86
1,85,107,128.06
1,86,106,127.89
1,87,105,124.51
1,88,104,121.64
1,89,103,117.93
1,90,102,116.97
1,91,101,131.72
1,92,100,119.19
1,93,99,119.7
1,94,98,110.8
1,95,97,127.25
1,96,96,125.69
1,97,95,114.75
1,98,94,116.02
1,99,93,106.3
1,100,92,128.33
1,101,91,117.8
1,102,90,121.33
1,103,89,123.89
1,104,88,119.24
1,105,87,109.81
1,106,86,112.19
1,107,85,113.58
1,108,84,115.9
1,109,83,105.92
1,110,82,112.04
1,111,81,104.27
1,112,80,112.85
1,113,79,103.39
1,114,78,102.87
1,115,77,99.08
1,116,76,105.78
1,117,75,106.09
1,118,74,99.5
1,119,73,112.32
1,120,72,96.08
1,121,71,102.51
1,122,70,85.76
1,123,69,82.21
1,124,68,88.84
1,125,67,92.73
1,126,66,91.51
1,127,65,91.43
1,128,64,87.25
1,129,63,94.88
1,130,62,101.5
1,131,61,99.86
1,132,60,88.91
1,133,59,80.74
1,134,58,86.78
1,135,57,97.79
1,136,56,96.32
1,137,55,81.98
1,138,54,88.23
1,139,53,86.59
1,140,52,80.19
1,141,51,69.47
1,142,50,79.78
1,143,49,92.61
1,144,48,86.62
1,145,47,68.47
1,146,46,78.4
1,147,45,78.9
1,148,44,65.08
1,149,43,52.1
1,150,42,66.74
1,151,41,54.25
1,152,40,40.75
1,153,39,48.34
1,154,38,45.75
1,155,37,58.71
1,156,36,59.07
1,157,35,51.33
1,158,34,49.21
1,159,33,40.29
1,160,32,35.01
1,161,31,38.7
1,162,30,32.75
1,163,29,28.2
1,164,28,31.0
1,165,27,32.97
1,166,26,24.11
1,167,25,34.09
1,168,24,32.14
1,169,23,29.05
1,170,22,23.19
1,171,21,23.2
1,172,20,26.33
1,173,19,19.56
1,174,18,20.67
1,175,17,18.31
1,176,16,20.07
1,177,15,15.8
1,178,14,15.84
1,179,13,13.91
1,180,12,17.95
1,181,11,13.66
1,182,10,10.87
1,183,9,11.41
1,184,8,5.9
1,185,7,6.82
1,186,6,7.84
1,187,5,5.04
1,188,4,4.99
1,189,3,2.88
1,190,2,2.56
1,191,1,2.42
1,192,0,2.29
2,1,286,262.7
2,2,285,251.57
2,3,284,258.44
2,4,283,250.83
2,5,282,239.94
2,6,281,257.77
2,7,280,243.57
2,8,279,245.54
2,9,278,248.27
2,10,277,255.11
2,11,276,246.46
2,12,275,257.44
2,13,274,240.54
2,14,273,249.11
2,15,272,231.77
2,16,271,247.59
2,17,270,238.36
2,18,269,241.4
2,19,268,246.67
2,20,267,250.38
2,21,266,246.89
2,22,265,231.73
2,23,264,241.41
2,24,263,230.71
2,25,262,242.09
2,26,261,245.67
2,27,260,235.26
2,28,259,242.85
2,29,258,236.47
2,30,257,239.88
2,31,256,239.86
2,32,255,245.8
2,33,254,225.33
2,34,253,228.34
2,35,252,228.23
2,36,251,236.67
2,37,250,235.92
2,38,249,218.21
2,39,248,220.05
2,40,247,223.58
2,41,246,216.44
2,42,245,234.01
2,43,244,228.34
2,44,243,227.51
2,45,242,209.02
2,46,241,222.39
2,47,240,226.79
2,48,239,226.15
2,49,238,229.71
2,50,237,221.14
2,51,236,225.12
2,52,235,225.41
2,53,234,224.49
2,54,233,212.88
2,55,232,220.22
2,56,231,225.58
2,57,230,221.0
2,58,229,225.7
2,59,228,217.7
2,60,227,199.27
2,61,226,213.01
2,62,225,218.2
2,63,224,208.15
2,64,223,216.0
2,65,222,204.11
2,66,221,205.34
2,67,220,216.34
2,68,219,209.23
2,69,218,204.6
2,70,217,202.02
2,71,216,206.16
2,72,215,207.44
2,73,214,201.8
2,74,213,201.55
2,75,212,216.05
2,76,211,210.35
2,77,210,200.89
2,78,209,209.17
2,79,208,195.78
2,80,207,211.51
2,81,206,206.22
2,82,205,205.71
2,83,204,206.37
2,84,203,190.33
2,85,202,208.07
2,86,201,197.5
2,87,200,193.45
2,88,199,203.23
2,89,198,199.61
2,90,197,198.42
2,91,196,193.74
2,92,195,190.33
2,93,194,191.0
2,94,193,182.15
2,95,192,190.38
2,96,191,183.91
2,97,190,184.0
2,98,189,192.97
2,99,188,185.75
2,100,187,185.16
2,101,186,184.55
2,102,185,180.95
2,103,184,184.15
2,104,183,182.57
2,105,182,171.73
2,106,181,183.64
2,107,180,178.47
2,108,179,187.24
2,109,178,174.18
2,110,177,179.03
2,111,176,182.91
2,112,175,168.68
2,113,174,179.74
2,114,173,178.51
2,115,172,170.89
2,116,171,183.62
2,117,170,166.92
2,118,169,172.92
2,119,168,168.2
2,120,167,179.66
2,121,166,174.56
2,122,165,174.48
2,123,164,167.65
2,124,163,178.44
2,125,162,162.41
2,126,161,166.94
2,127,160,168.21
2,128,159,167.57
2,129,158,176.86
2,130,157,161.32
2,131,156,168.54
2,132,155,153.31
2,133,154,149.8
2,134,153,145.47
2,135,152,162.4
2,136,151,157.7
2,137,150,160.39
2,138,149,153.32
2,139,148,153.14
2,140,147,163.31
2,141,146,151.06
2,142,145,158.7
2,143,144,145.8
2,144,143,149.93
2,145,142,147.64
2,146,141,147.25
2,147,140,146.54
2,148,139,152.08
2,149,138,145.6
2,150,137,144.65
2,151,136,142.49
2,152,135,145.69
2,153,134,145.45
2,154,133,153.93
2,155,132,144.0
2,156,131,136.38
2,157,130,133.52
2,158,129,140.87
2,159,128,135.29
2,160,127,136.81
2,161,126,141.87
2,162,125,138.05
2,163,124,140.29
2,164,123,136.18
2,165,122,133.74
2,166,121,128.83
2,167,120,127.97
2,168,119,132.81
2,169,118,135.08
2,170,117,135.54
2,171,116,128.25
2,172,115,134.28
2,173,114,128.3
2,174,113,123.21
2,175,112,120.89
2,176,111,126.24
2,177,110,131.82
2,178,109,116.79
2,179,108,125.99
2,180,107,117.2
2,181,106,125.54
2,182,105,121.55
2,183,104,115.73
2,184,103,125.45
2,185,102,111.11
2,186,101,116.23
2,187,100,113.73
2,188,99,128.03
2,189,98,110.94
2,190,97,112.88
2,191,96,112.83
2,192,95,99.53
2,193,94,109.16
2,194,93,101.33
2,195,92,111.78
2,196,91,113.79
2,197,90,107.34
2,198,89,114.1
2,199,88,95.72
2,200,87,102.82
2,201,86,99.84
2,202,85,91.85
2,203,84,89.2
2,204,83,93.01
2,205,82,96.44
2,206,81,102.26
2,207,80,88.64
2,208,79,90.17
2,209,78,92.64
2,210,77,97.86
2,211,76,90.34
2,212,75,78.02
2,213,74,90.12
2,214,73,92.44
2,215,72,74.85
2,216,71,93.99
2,217,70,83.12
2,218,69,71.67
2,219,68,68.66
2,220,67,74.58
2,221,66,74.7
2,222,65,71.61
2,223,64,70.95
2,224,63,64.31
2,225,62,69.86
2,226,61,84.5
2,227,60,63.44
2,228,59,62.86
2,229,58,68.33
2,230,57,57.99
2,231,56,68.68
2,232,55,59.08
2,233,54,61.08
2,234,53,63.47
2,235,52,53.96
2,236,51,59.44
2,237,50,50.2
2,238,49,53.83
2,239,48,52.45
2,240,47,51.8
2,241,46,50.98
2,242,45,54.18
2,243,44,46.18
2,244,43,45.42
2,245,42,43.35
2,246,41,47.1
2,247,40,42.12
2,248,39,40.24
2,249,38,40.96
2,250,37,41.65
2,251,36,43.72
2,252,35,35.73
2,253,34,37.44
2,254,33,32.28
2,255,32,36.89
2,256,31,33.8
2,257,30,28.58
2,258,29,30.22
2,259,28,31.05
2,260,27,29.08
2,261,26,25.62
2,262,25,32.29
2,263,24,29.92
2,264,23,22.87
2,265,22,27.24
2,266,21,25.97
2,267,20,25.86
2,268,19,21.39
2,269,18,16.86
2,270,17,15.73
2,271,16,12.7
2,272,15,17.64
2,273,14,16.82
2,274,13,10.7
2,275,12,13.3
2,276,11,10.15
2,277,10,11.24
2,278,9,9.06
2,279,8,6.44
2,280,7,8.65
2,281,6,6.14
2,282,5,5.54
2,283,4,3.63
2,284,3,3.57
2,285,2,2.36
2,286,1,2.18
2,287,0,0.95
3,1,178,177.31
3,2,177,175.53
3,3,176,183.2
3,4,175,165.0
3,5,174,178.5
3,6,173,174.16
3,7,172,159.63
3,8,171,159.04
3,9,170,172.44
3,10,169,181.11
3,11,168,177.07
3,12,167,157.69
3,13,166,173.95
3,14,165,154.85
3,15,164,163.81
3,16,163,173.05
3,17,162,160.13
3,18,161,156.04
3,19,160,170.52
3,20,159,174.98
3,21,158,162.07
3,22,157,161.72
3,23,156,165.53
3,24,155,154.29
3,25,154,169.36
3,26,153,153.09
3,27,152,153.01
3,28,151,161.54
3,29,150,164.29
3,30,149,160.07
3,31,148,153.12
3,32,147,160.55
3,33,146,166.11
3,34,145,147.44
3,35,144,152.95
3,36,143,146.11
3,37,142,155.53
3,38,141,143.57
3,39,140,151.86
3,40,139,158.22
3,41,138,149.06
3,42,137,147.57
3,43,136,148.27
3,44,135,148.38
3,45,134,151.52
3,46,133,137.48
3,47,132,142.81
3,48,131,142.6
3,49,130,150.86
3,50,129,144.62
3,51,128,147.96
3,52,127,141.36
3,53,126,142.57
3,54,125,140.58
3,55,124,137.58
3,56,123,149.73
3,57,122,138.57
3,58,121,143.08
3,59,120,144.49
3,60,119,138.99
3,61,118,144.7
3,62,117,129.49
3,63,116,128.06
3,64,115,121.15
3,65,114,127.37
3,66,113,135.61
3,67,112,129.04
3,68,111,129.14
3,69,110,120.3
3,70,109,121.45
3,71,108,124.9
3,72,107,122.65
3,73,106,133.49
3,74,105,114.22
3,75,104,119.81
3,76,103,128.01
3,77,102,132.15
3,78,101,123.38
3,79,100,117.23
3,80,99,125.74
3,81,98,120.72
3,82,97,112.98
3,83,96,120.62
3,84,95,112.72
3,85,94,115.23
3,86,93,105.71
3,87,92,112.58
3,88,91,111.1
3,89,90,109.9
3,90,89,108.45
3,91,88,111.63
3,92,87,104.81
3,93,86,98.01
3,94,85,118.59
3,95,84,107.09
3,96,83,99.96
3,97,82,90.87
3,98,81,92.79
3,99,80,94.99
3,100,79,95.9
3,101,78,98.96
3,102,77,99.6
3,103,76,86.22
3,104,75,88.43
3,105,74,86.49
3,106,73,89.01
3,107,72,80.8
3,108,71,91.67
3,109,70,85.9
3,110,69,75.67
3,111,68,89.71
3,112,67,85.83
3,113,66,83.9
3,114,65,79.11
3,115,64,70.31
3,116,63,88.91
3,117,62,70.55
3,118,61,68.8
3,119,60,67.49
3,120,59,70.49
3,121,58,63.54
3,122,57,62.84
3,123,56,68.39
3,124,55,62.34
3,125,54,59.8
3,126,53,64.24
3,127,52,57.58
3,128,51,57.97
3,129,50,58.04
3,130,49,52.11
3,131,48,55.4
3,132,47,49.69
3,133,46,53.97
3,134,45,49.91
3,135,44,52.55
3,136,43,46.02
3,137,42,48.97
3,138,41,48.84
3,139,40,46.04
3,140,39,45.89
3,141,38,39.46
3,142,37,38.96
3,143,36,40.96
3,144,35,38.15
3,145,34,38.16
3,146,33,34.65
3,147,32,36.23
3,148,31,32.82
3,149,30,31.9
3,150,29,30.43
3,151,28,29.76
3,152,27,29.06
3,153,26,28.19
3,154,25,26.45
3,155,24,25.2
3,156,23,24.74
3,157,22,22.42
3,158,21,20.65
3,159,20,21.88
3,160,19,21.26
3,161,18,17.91
3,162,17,18.87
3,163,16,18.24
3,164,15,15.78
3,165,14,14.84
3,166,13,14.81
3,167,12,11.86
3,168,11,11.01
3,169,10,10.37
3,170,9,9.69
3,171,8,8.79
3,172,7,10.25
3,173,6,7.62
3,174,5,5.57
3,175,4,4.79
3,176,3,4.2
3,177,2,3.03
3,178,1,1.91
3,179,0,1.64
4,1,188,183.39
4,2,187,182.87
4,3,186,169.55
4,4,185,173.94
4,5,184,178.32
4,6,183,171.06
4,7,182,170.45
4,8,181,182.88
4,9,180,167.98
4,10,179,166.72
4,11,178,182.63
4,12,177,173.45
4,13,176,175.08
4,14,175,174.18
4,15,174,174.57
4,16,173,170.83
4,17,172,164.12
4,18,171,146.83
4,19,170,163.55
4,20,169,165.88
4,21,168,158.5
4,22,167,154.54
4,23,166,162.94
4,24,165,157.52
4,25,164,164.7
4,26,163,154.28
4,27,162,159.27
4,28,161,155.66
4,29,160,156.93
4,30,159,157.67
4,31,158,160.72
4,32,157,161.96
4,33,156,162.05
4,34,155,148.32
4,35,154,155.65
4,36,153,149.66
4,37,152,154.53
4,38,151,159.5
4,39,150,150.12
4,40,149,148.89
4,41,148,159.53
4,42,147,151.94
4,43,146,153.64
4,44,145,154.73
4,45,144,150.02
4,46,143,136.13
4,47,142,140.42
4,48,141,139.23
4,49,140,142.24
4,50,139,145.01
4,51,138,157.41
4,52,137,135.54
4,53,136,152.21
4,54,135,134.15
4,55,134,149.94
4,56,133,145.95
4,57,132,139.8
4,58,131,138.34
4,59,130,151.75
4,60,129,144.53
4,61,128,134.13
4,62,127,139.33
4,63,126,134.24
4,64,125,132.38
4,65,124,148.36
4,66,123,143.21
4,67,122,142.71
4,68,121,132.9
4,69,120,136.83
4,70,119,131.59
4,71,118,132.48
4,72,117,122.95
4,73,116,131.7
4,74,115,121.64
4,75,114,127.14
4,76,113,129.51
4,77,112,132.63
4,78,111,124.91
4,79,110,127.92
4,80,109,125.08
4,81,108,125.13
4,82,107,126.66
4,83,106,126.27
4,84,105,123.35
4,85,104,113.53
4,86,103,122.62
4,87,102,117.83
4,88,101,119.26
4,89,100,118.59
4,90,99,110.77
4,91,98,111.12
4,92,97,108.99
4,93,96,115.7
4,94,95,119.6
4,95,94,112.65
4,96,93,121.71
4,97,92,101.93
4,98,91,110.06
4,99,90,105.76
4,100,89,109.36
4,101,88,105.94
4,102,87,105.81
4,103,86,115.8
4,104,85,104.29
4,105,84,101.21
4,106,83,102.58
4,107,82,94.87
4,108,81,89.37
4,109,80,90.24
4,110,79,99.33
4,111,78,106.34
4,112,77,88.21
4,113,76,87.42
4,114,75,87.85
4,115,74,90.78
4,116,73,84.79
4,117,72,82.82
4,118,71,111.62
4,119,70,79.28
4,120,69,82.93
4,121,68,76.12
4,122,67,84.67
4,123,66,77.52
4,124,65,69.87
4,125,64,85.67
4,126,63,63.58
4,127,62,68.39
4,128,61,61.61
4,129,60,75.95
4,130,59,69.29
4,131,58,69.37
4,132,57,57.39
4,133,56,62.98
4,134,55,58.78
4,135,54,54.35
4,136,53,54.1
4,137,52,56.29
4,138,51,58.91
4,139,50,53.73
4,140,49,51.47
4,141,48,53.59
4,142,47,51.32
4,143,46,52.48
4,144,45,48.31
4,145,44,46.55
4,146,43,45.04
4,147,42,42.91
4,148,41,44.9
4,149,40,40.78
4,150,39,43.43
4,151,38,39.1
4,152,37,43.93
4,153,36,39.01
4,154,35,34.55
4,155,34,34.13
4,156,33,36.99
4,157,32,34.01
4,158,31,30.93
4,159,30,34.17
4,160,29,29.57
4,161,28,30.72
4,162,27,28.17
4,163,26,24.36
4,164,25,24.86
4,165,24,25.12
4,166,23,23.29
4,167,22,22.39
4,168,21,21.03
4,169,20,20.27
4,170,19,18.62
4,171,18,18.05
4,172,17,16.36
4,173,16,17.52
4,174,15,14.58
4,175,14,13.18
4,176,13,13.42
4,177,12,10.72
4,178,11,10.24
4,179,10,8.98
4,180,9,8.07
4,181,8,10.03
4,182,7,6.72
4,183,6,5.51
4,184,5,5.43
4,185,4,3.48
4,186,3,4.27
4,187,2,2.98
4,188,1,1.38
4,189,0,0.7
5,1,268,229.2
5,2,267,227.05
5,3,266,238.65
5,4,265,237.12
5,5,264,238.41
5,6,263,242.68
5,7,262,233.41
5,8,261,242.43
5,9,260,228.48
5,10,259,233.06
5,11,258,227.78
5,12,257,228.07
5,13,256,230.33
5,14,255,220.56
5,15,254,221.84
5,16,253,224.33
5,17,252,227.99
5,18,251,224.39
5,19,250,226.61
5,20,249,226.03
5,21,248,222.11
5,22,247,221.75
5,23,246,224.34
5,24,245,204.38
5,25,244,218.08
5,26,243,222.92
5,27,242,222.84
5,28,241,212.64
5,29,240,223.17
5,30,239,218.88
5,31,238,210.2
5,32,237,218.53
5,33,236,204.96
5,34,235,208.37
5,35,234,206.68
5,36,233,215.25
5,37,232,211.75
5,38,231,207.82
5,39,230,210.3
5,40,229,202.64
5,41,228,205.98
5,42,227,201.58
5,43,226,212.75
5,44,225,205.44
5,45,224,208.18
5,46,223,200.17
5,47,222,209.32
5,48,221,213.11
5,49,220,218.56
5,50,219,200.73
5,51,218,199.37
5,52,217,197.19
5,53,216,188.39
5,54,215,205.23
5,55,214,205.08
5,56,213,205.71
5,57,212,203.26
5,58,211,203.66
5,59,210,192.22
5,60,209,196.11
5,61,208,195.35
5,62,207,191.14
5,63,206,196.23
5,64,205,195.8
5,65,204,193.93
5,66,203,189.24
5,67,202,197.8
5,68,201,187.86
5,69,200,200.91
5,70,199,194.11
5,71,198,173.74
5,72,197,189.89
5,73,196,179.89
5,74,195,177.42
5,75,194,185.47
5,76,193,175.47
5,77,192,184.98
5,78,191,177.36
5,79,190,182.78
5,80,189,186.13
5,81,188,177.39
5,82,187,184.13
5,83,186,178.87
5,84,185,181.79
5,85,184,166.38
5,86,183,176.4
5,87,182,178.42
5,88,181,170.59
5,89,180,179.62
5,90,179,180.61
5,91,178,174.3
5,92,177,183.89
5,93,176,174.48
5,94,175,163.56
5,95,174,161.85
5,96,173,168.83
5,97,172,170.17
5,98,171,176.19
5,99,170,170.1
5,100,169,172.62
5,101,168,144.31
5,102,167,157.6
5,103,166,164.54
5,104,165,161.47
5,105,164,157.8
5,106,163,160.13
5,107,162,140.23
5,108,161,153.35
5,109,160,161.91
5,110,159,160.08
5,111,158,154.33
5,112,157,156.2
5,113,156,153.49
5,114,155,153.81
5,115,154,160.1
5,116,153,166.76
5,117,152,142.19
5,118,151,150.37
5,119,150,155.72
5,120,149,126.88
5,121,148,146.74
5,122,147,157.15
5,123,146,138.1
5,124,145,139.41
5,125,144,146.58
5,126,143,130.22
5,127,142,144.96
5,128,141,131.49
5,129,140,152.59
5,130,139,135.88
5,131,138,126.92
5,132,137,144.29
5,133,136,134.57
5,134,135,143.17
5,135,134,136.91
5,136,133,145.93
5,137,132,112.86
5,138,131,143.74
5,139,130,118.86
5,140,129,131.68
5,141,128,124.28
5,142,127,121.19
5,143,126,135.16
5,144,125,114.21
5,145,124,121.9
5,146,123,116.66
5,147,122,140.28
5,148,121,132.05
5,149,120,123.81
5,150,119,105.78
5,151,118,124.38
5,152,117,108.43
5,153,116,117.64
5,154,115,121.25
5,155,114,103.5
5,156,113,106.47
5,157,112,106.02
5,158,111,102.29
5,159,110,103.78
5,160,109,101.23
5,161,108,103.54
5,162,107,103.23
5,163,106,104.7
5,164,105,95.24
5,165,104,94.59
5,166,103,101.06
5,167,102,104.68
5,168,101,97.71
5,169,100,87.41
5,170,99,89.68
5,171,98,95.48
5,172,97,94.79
5,173,96,96.47
5,174,95,96.96
5,175,94,90.55
5,176,93,89.86
5,177,92,90.28
5,178,91,90.81
5,179,90,86.28
5,180,89,80.75
5,181,88,88.41
5,182,87,82.58
5,183,86,78.26
5,184,85,84.95
5,185,84,77.63
5,186,83,82.49
5,187,82,77.5
5,188,81,76.23
5,189,80,75.08
5,190,79,73.73
5,191,78,77.08
5,192,77,73.49
5,193,76,69.91
5,194,75,71.89
5,195,74,72.1
5,196,73,67.95
5,197,72,71.95
5,198,71,68.01
5,199,70,64.01
5,200,69,68.01
5,201,68,65.32
5,202,67,61.95
5,203,66,64.4
5,204,65,62.91
5,205,64,64.01
5,206,63,62.0
5,207,62,61.03
5,208,61,58.57
5,209,60,59.67
5,210,59,54.44
5,211,58,54.34
5,212,57,52.96
5,213,56,54.0
5,214,55,52.37
5,215,54,50.37
5,216,53,51.81
5,217,52,49.4
5,218,51,51.04
5,219,50,45.39
5,220,49,48.23
5,221,48,45.11
5,222,47,43.03
5,223,46,45.29
5,224,45,43.84
5,225,44,40.71
5,226,43,42.39
5,227,42,37.37
5,228,41,39.09
5,229,40,41.0
5,230,39,35.79
5,231,38,38.3
5,232,37,35.37
5,233,36,32.68
5,234,35,33.39
5,235,34,32.57
5,236,33,31.37
5,237,32,30.96
5,238,31,31.13
5,239,30,28.76
5,240,29,26.5
5,241,28,28.74
5,242,27,25.36
5,243,26,23.01
5,244,25,22.51
5,245,24,22.74
5,246,23,19.76
5,247,22,20.25
5,248,21,21.3
5,249,20,17.69
5,250,19,19.04
5,251,18,16.75
5,252,17,17.09
5,253,16,13.52
5,254,15,13.21
5,255,14,14.01
5,256,13,12.91
5,257,12,12.42
5,258,11,10.06
5,259,10,8.17
5,260,9,10.63
5,261,8,8.42
5,262,7,7.6
5,263,6,6.09
5,264,5,4.11
5,265,4,4.53
5,266,3,3.14
5,267,2,2.26
5,268,1,1.95
5,269,0,0.76
6,1,187,168.18
6,2,186,175.51
6,3,185,176.05
6,4,184,174.0
6,5,183,166.65
6,6,182,173.4
6,7,181,164.6
6,8,180,163.42
6,9,179,161.28
6,10,178,164.58
6,11,177,154.53
6,12,176,165.57
6,13,175,165.4
6,14,174,170.23
6,15,173,165.35
6,16,172,167.87
6,17,171,153.04
6,18,170,156.31
6,19,169,158.06
6,20,168,158.42
6,21,167,157.87
6,22,166,160.98
6,23,165,158.16
6,24,164,158.42
6,25,163,163.05
6,26,162,160.91
6,27,161,156.54
6,28,160,161.1
6,29,159,159.53
6,30,158,154.06
6,31,157,154.22
6,32,156,156.58
6,33,155,149.09
6,34,154,143.35
6,35,153,150.87
6,36,152,136.08
6,37,151,146.61
6,38,150,151.85
6,39,149,152.41
6,40,148,146.66
6,41,147,132.61
6,42,146,147.0
6,43,145,137.55
6,44,144,146.54
6,45,143,136.94
6,46,142,148.74
6,47,141,149.7
6,48,140,148.04
6,49,139,134.58
6,50,138,146.86
6,51,137,138.54
6,52,136,132.11
6,53,135,137.55
6,54,134,135.01
6,55,133,131.16
6,56,132,129.7
6,57,131,142.28
6,58,130,128.57
6,59,129,127.75
6,60,128,136.04
6,61,127,108.75
6,62,126,130.54
6,63,125,134.74
6,64,124,135.99
6,65,123,127.75
6,66,122,132.58
6,67,121,129.03
6,68,120,123.67
6,69,119,122.1
6,70,118,119.15
6,71,117,114.85
6,72,116,109.18
6,73,115,99.56
6,74,114,130.52
6,75,113,98.55
6,76,112,129.16
6,77,111,105.48
6,78,110,113.07
6,79,109,99.3
6,80,108,118.38
6,81,107,116.12
6,82,106,99.01
6,83,105,98.24
6,84,104,115.4
6,85,103,105.28
6,86,102,112.9
6,87,101,116.81
6,88,100,115.42
6,89,99,87.38
6,90,98,99.15
6,91,97,122.81
6,92,96,97.75
6,93,95,100.48
6,94,94,101.01
6,95,93,99.77
6,96,92,84.56
6,97,91,80.41
6,98,90,85.54
6,99,89,83.79
6,100,88,94.88
6,101,87,79.45
6,102,86,91.7
6,103,85,96.34
6,104,84,96.78
6,105,83,99.23
6,106,82,85.79
6,107,81,89.61
6,108,80,74.0
6,109,79,95.15
6,110,78,101.45
6,111,77,77.84
6,112,76,86.73
6,113,75,79.03
6,114,74,79.96
6,115,73,78.58
6,116,72,87.07
6,117,71,77.5
6,118,70,65.14
6,119,69,69.08
6,120,68,68.7
6,121,67,68.86
6,122,66,77.22
6,123,65,61.38
6,124,64,59.04
6,125,63,65.36
6,126,62,52.85
6,127,61,55.82
6,128,60,71.34
6,129,59,71.86
6,130,58,54.17
6,131,57,48.55
6,132,56,68.42
6,133,55,59.81
6,134,54,52.61
6,135,53,56.88
6,136,52,55.07
6,137,51,58.33
6,138,50,53.78
6,139,49,50.32
6,140,48,45.35
6,141,47,45.15
6,142,46,42.77
6,143,45,42.61
6,144,44,42.04
6,145,43,43.34
6,146,42,35.86
6,147,41,37.59
6,148,40,37.21
6,149,39,36.92
6,150,38,36.53
6,151,37,34.49
6,152,36,32.77
6,153,35,32.05
6,154,34,33.97
6,155,33,29.74
6,156,32,28.21
6,157,31,31.65
6,158,30,25.27
6,159,29,29.4
6,160,28,26.01
6,161,27,25.1
6,162,26,25.49
6,163,25,21.34
6,164,24,23.37
6,165,23,20.64
6,166,22,19.55
6,167,21,18.37
6,168,20,19.53
6,169,19,18.14
6,170,18,16.6
6,171,17,16.66
6,172,16,13.79
6,173,15,13.59
6,174,14,18.31
6,175,13,11.32
6,176,12,11.68
6,177,11,11.43
6,178,10,8.94
6,179,9,7.78
6,180,8,8.12
6,181,7,6.46
6,182,6,6.86
6,183,5,4.23
6,184,4,4.71
6,185,3,2.66
6,186,2,2.14
6,187,1,2.17
6,188,0,0.53
7,1,258,226.15
7,2,257,213.99
7,3,256,227.15
7,4,255,226.24
7,5,254,220.39
7,6,253,208.88
7,7,252,239.0
7,8,251,222.89
7,9,250,216.07
7,10,249,215.86
7,11,248,215.84
7,12,247,209.78
7,13,246,217.06
7,14,245,218.24
7,15,244,213.26
7,16,243,210.31
7,17,242,211.66
7,18,241,207.59
7,19,240,211.4
7,20,239,216.11
7,21,238,211.98
7,22,237,220.13
7,23,236,211.48
7,24,235,200.09
7,25,234,211.04
7,26,233,210.42
7,27,232,197.09
7,28,231,189.94
7,29,230,210.37
7,30,229,208.43
7,31,228,200.67
7,32,227,205.6
7,33,226,206.0
7,34,225,208.23
7,35,224,185.27
7,36,223,202.17
7,37,222,201.77
7,38,221,201.8
7,39,220,187.8
7,40,219,206.22
7,41,218,197.75
7,42,217,190.42
7,43,216,196.28
7,44,215,187.39
7,45,214,197.39
7,46,213,188.19
7,47,212,189.47
7,48,211,206.06
7,49,210,187.15
7,50,209,187.01
7,51,208,180.41
7,52,207,200.54
7,53,206,186.6
7,54,205,171.88
7,55,204,187.13
7,56,203,184.49
7,57,202,180.41
7,58,201,196.76
7,59,200,188.47
7,60,199,184.58
7,61,198,182.79
7,62,197,189.34
7,63,196,184.27
7,64,195,179.93
7,65,194,186.45
7,66,193,186.86
7,67,192,171.84
7,68,191,181.6
7,69,190,165.52
7,70,189,178.81
7,71,188,176.52
7,72,187,179.81
7,73,186,176.94
7,74,185,171.77
7,75,184,168.7
7,76,183,169.52
7,77,182,167.91
7,78,181,174.16
7,79,180,156.92
7,80,179,162.47
7,81,178,173.02
7,82,177,166.07
7,83,176,157.19
7,84,175,165.38
7,85,174,167.97
7,86,173,169.14
7,87,172,165.74
7,88,171,154.82
7,89,170,163.01
7,90,169,174.59
7,91,168,161.76
7,92,167,152.42
7,93,166,143.1
7,94,165,160.92
7,95,164,166.28
7,96,163,162.63
7,97,162,163.41
7,98,161,154.36
7,99,160,143.23
7,100,159,153.21
7,101,158,146.68
7,102,157,149.42
7,103,156,148.62
7,104,155,149.34
7,105,154,140.86
7,106,153,154.45
7,107,152,147.26
7,108,151,155.82
7,109,150,152.91
7,110,149,144.64
7,111,148,153.33
7,112,147,151.48
7,113,146,128.63
7,114,145,144.13
7,115,144,137.94
7,116,143,133.24
7,117,142,142.42
7,118,141,132.44
7,119,140,138.92
7,120,139,138.86
7,121,138,134.07
7,122,137,148.85
7,123,136,139.63
7,124,135,128.89
7,125,134,140.33
7,126,133,129.93
7,127,132,128.95
7,128,131,122.92
7,129,130,132.37
7,130,129,134.28
7,131,128,130.73
7,132,127,127.19
7,133,126,122.48
7,134,125,117.18
7,135,124,117.78
7,136,123,116.26
7,137,122,120.2
7,138,121,104.31
7,139,120,120.34
7,140,119,115.06
7,141,118,134.89
7,142,117,109.41
7,143,116,120.52
7,144,115,108.01
7,145,114,118.88
7,146,113,110.49
7,147,112,103.79
7,148,111,109.86
7,149,110,102.17
7,150,109,103.58
7,151,108,102.24
7,152,107,114.9
7,153,106,96.46
7,154,105,104.35
7,155,104,111.93
7,156,103,105.96
7,157,102,92.64
7,158,101,106.01
7,159,100,102.98
7,160,99,97.25
7,161,98,105.55
7,162,97,92.02
7,163,96,90.84
7,164,95,92.47
7,165,94,109.14
7,166,93,85.48
7,167,92,87.9
7,168,91,89.76
7,169,90,93.94
7,170,89,96.15
7,171,88,96.69
7,172,87,81.05
7,173,86,79.77
7,174,85,95.34
7,175,84,75.97
7,176,83,84.53
7,177,82,82.22
7,178,81,77.68
7,179,80,75.08
7,180,79,89.5
7,181,78,77.97
7,182,77,88.61
7,183,76,75.14
7,184,75,82.56
7,185,74,71.69
7,186,73,69.79
7,187,72,70.05
7,188,71,69.57
7,189,70,66.22
7,190,69,76.6
7,191,68,65.26
7,192,67,70.55
7,193,66,78.44
7,194,65,67.34
7,195,64,61.95
7,196,63,64.48
7,197,62,68.97
7,198,61,71.69
7,199,60,69.43
7,200,59,61.93
7,201,58,66.38
7,202,57,64.21
7,203,56,56.33
7,204,55,53.44
7,205,54,57.9
7,206,53,63.97
7,207,52,56.74
7,208,51,64.4
7,209,50,54.54
7,210,49,50.31
7,211,48,54.06
7,212,47,48.45
7,213,46,47.38
7,214,45,52.52
7,215,44,50.69
7,216,43,46.81
7,217,42,44.63
7,218,41,50.6
7,219,40,44.45
7,220,39,49.71
7,221,38,42.64
7,222,37,38.55
7,223,36,43.08
7,224,35,34.91
7,225,34,44.62
7,226,33,35.53
7,227,32,29.35
7,228,31,38.78
7,229,30,32.18
7,230,29,31.57
7,231,28,37.2
7,232,27,26.85
7,233,26,26.0
7,234,25,27.84
7,235,24,27.97
7,236,23,29.64
7,237,22,24.7
7,238,21,27.25
7,239,20,21.83
7,240,19,19.61
7,241,18,18.41
7,242,17,21.47
7,243,16,14.95
7,244,15,14.93
7,245,14,14.63
7,246,13,12.85
7,247,12,11.75
7,248,11,12.22
7,249,10,14.82
7,250,9,10.91
7,251,8,8.0
7,252,7,5.06
7,253,6,7.05
7,254,5,7.17
7,255,4,6.04
7,256,3,6.3
7,257,2,2.33
7,258,1,2.51
7,259,0,3.62
8,1,149,148.72
8,2,148,150.89
8,3,147,149.24
8,4,146,128.58
8,5,145,136.1
8,6,144,132.76
8,7,143,145.66
8,8,142,147.58
8,9,141,132.64
8,10,140,144.77
8,11,139,132.55
8,12,138,145.06
8,13,137,144.78
8,14,136,134.57
8,15,135,132.18
8,16,134,138.09
8,17,133,143.53
8,18,132,126.76
8,19,131,141.82
8,20,130,137.14
8,21,129,136.64
8,22,128,135.36
8,23,127,119.41
8,24,126,130.97
8,25,125,132.86
8,26,124,140.46
8,27,123,110.83
8,28,122,125.53
8,29,121,131.87
8,30,120,115.14
8,31,119,129.34
8,32,118,116.37
8,33,117,120.48
8,34,116,109.92
8,35,115,119.35
8,36,114,120.37
8,37,113,121.87
8,38,112,123.06
8,39,111,131.28
8,40,110,126.68
8,41,109,111.61
8,42,108,116.45
8,43,107,128.39
8,44,106,115.1
8,45,105,132.67
8,46,104,122.04
8,47,103,102.88
8,48,102,120.01
8,49,101,100.26
8,50,100,92.8
8,51,99,95.15
8,52,98,102.68
8,53,97,107.67
8,54,96,104.33
8,55,95,103.98
8,56,94,123.46
8,57,93,104.14
8,58,92,92.06
8,59,91,98.9
8,60,90,94.76
8,61,89,111.6
8,62,88,96.34
8,63,87,90.22
8,64,86,90.93
8,65,85,99.58
8,66,84,81.4
8,67,83,93.04
8,68,82,107.36
8,69,81,85.41
8,70,80,88.59
8,71,79,94.04
8,72,78,89.65
8,73,77,89.19
8,74,76,100.39
8,75,75,97.0
8,76,74,100.8
8,77,73,67.96
8,78,72,87.96
8,79,71,82.4
8,80,70,81.22
8,81,69,74.75
8,82,68,74.59
8,83,67,81.61
8,84,66,73.05
8,85,65,63.59
8,86,64,61.95
8,87,63,61.63
8,88,62,59.61
8,89,61,75.6
8,90,60,61.28
8,91,59,75.38
8,92,58,72.81
8,93,57,86.19
8,94,56,58.9
8,95,55,53.29
8,96,54,66.86
8,97,53,58.21
8,98,52,63.64
8,99,51,51.03
8,100,50,50.3
8,101,49,49.57
8,102,48,51.89
8,103,47,57.69
8,104,46,48.75
8,105,45,50.35
8,106,44,44.0
8,107,43,45.54
8,108,42,45.76
8,109,41,48.41
8,110,40,45.08
8,111,39,37.18
8,112,38,43.61
8,113,37,36.26
8,114,36,40.13
8,115,35,48.68
8,116,34,37.02
8,117,33,39.75
8,118,32,33.86
8,119,31,34.69
8,120,30,30.76
8,121,29,28.0
8,122,28,24.86
8,123,27,27.08
8,124,26,22.63
8,125,25,25.98
8,126,24,23.69
8,127,23,24.3
8,128,22,22.11
8,129,21,22.34
8,130,20,24.23
8,131,19,17.79
8,132,18,18.25
8,133,17,16.72
8,134,16,17.77
8,135,15,17.17
8,136,14,14.21
8,137,13,11.27
8,138,12,11.86
8,139,11,11.35
8,140,10,13.0
8,141,9,10.39
8,142,8,7.82
8,143,7,6.27
8,144,6,6.38
8,145,5,6.72
8,146,4,4.71
8,147,3,4.04
8,148,2,5.39
8,149,1,1.77
8,150,0,0.96
9,1,200,188.98
9,2,199,197.17
9,3,198,196.32
9,4,197,188.66
9,5,196,193.25
9,6,195,185.57
9,7,194,188.12
9,8,193,192.63
9,9,192,185.59
9,10,191,192.45
9,11,190,184.73
9,12,189,185.75
9,13,188,184.37
9,14,187,180.19
9,15,186,191.02
9,16,185,176.6
9,17,184,191.39
9,18,183,180.92
9,19,182,182.05
9,20,181,176.36
9,21,180,181.39
9,22,179,175.89
9,23,178,173.93
9,24,177,178.92
9,25,176,173.93
9,26,175,176.56
9,27,174,182.87
9,28,173,169.38
9,29,172,175.87
9,30,171,176.69
9,31,170,169.86
9,32,169,172.01
9,33,168,166.81
9,34,167,166.94
9,35,166,168.67
9,36,165,164.55
9,37,164,160.25
9,38,163,169.46
9,39,162,170.99
9,40,161,168.01
9,41,160,174.45
9,42,159,155.51
9,43,158,167.5
9,44,157,159.66
9,45,156,160.34
9,46,155,163.81
9,47,154,166.43
9,48,153,169.22
9,49,152,160.22
9,50,151,154.07
9,51,150,152.6
9,52,149,162.59
9,53,148,164.19
9,54,147,160.8
9,55,146,159.46
9,56,145,158.59
9,57,144,156.6
9,58,143,141.97
9,59,142,149.94
9,60,141,140.11
9,61,140,167.79
9,62,139,144.23
9,63,138,155.42
9,64,137,142.69
9,65,136,146.56
9,66,135,147.32
9,67,134,145.65
9,68,133,140.89
9,69,132,143.67
9,70,131,146.5
9,71,130,135.58
9,72,129,140.07
9,73,128,137.25
9,74,127,141.51
9,75,126,132.29
9,76,125,144.76
9,77,124,141.36
9,78,123,137.1
9,79,122,149.33
9,80,121,141.13
9,81,120,128.9
9,82,119,131.87
9,83,118,131.55
9,84,117,143.05
9,85,116,124.95
9,86,115,130.2
9,87,114,132.52
9,88,113,120.89
9,89,112,140.35
9,90,111,124.82
9,91,110,121.08
9,92,109,113.78
9,93,108,118.91
9,94,107,123.36
9,95,106,122.35
9,96,105,119.73
9,97,104,112.72
9,98,103,109.96
9,99,102,104.24
9,100,101,108.66
9,101,100,101.27
9,102,99,105.78
9,103,98,108.63
9,104,97,101.3
9,105,96,100.01
9,106,95,99.44
9,107,94,115.77
9,108,93,99.83
9,109,92,102.46
9,110,91,95.04
9,111,90,106.52
9,112,89,105.4
9,113,88,88.93
9,114,87,91.35
9,115,86,89.54
9,116,85,86.28
9,117,84,92.81
9,118,83,81.97
9,119,82,92.22
9,120,81,83.97
9,121,80,93.04
9,122,79,76.49
9,123,78,81.12
9,124,77,78.61
9,125,76,78.6
9,126,75,79.75
9,127,74,80.78
9,128,73,78.04
9,129,72,72.57
9,130,71,70.95
9,131,70,70.29
9,132,69,71.62
9,133,68,73.71
9,134,67,65.93
9,135,66,65.41
9,136,65,64.69
9,137,64,64.89
9,138,63,65.9
9,139,62,59.93
9,140,61,64.29
9,141,60,62.93
9,142,59,56.57
9,143,58,58.56
9,144,57,57.19
9,145,56,57.49
9,146,55,57.67
9,147,54,56.78
9,148,53,53.8
9,149,52,52.53
9,150,51,53.41
9,151,50,49.37
9,152,49,48.26
9,153,48,47.19
9,154,47,49.58
9,155,46,47.35
9,156,45,46.27
9,157,44,43.57
9,158,43,44.04
9,159,42,43.87
9,160,41,41.43
9,161,40,40.94
9,162,39,39.0
9,163,38,37.92
9,164,37,37.79
9,165,36,35.58
9,166,35,35.89
9,167,34,33.55
9,168,33,33.6
9,169,32,33.99
9,170,31,29.81
9,171,30,27.39
9,172,29,28.33
9,173,28,30.12
9,174,27,26.98
9,175,26,27.07
9,176,25,25.81
9,177,24,25.51
9,178,23,22.77
9,179,22,22.59
9,180,21,20.94
9,181,20,21.14
9,182,19,18.63
9,183,18,19.44
9,184,17,17.09
9,185,16,15.45
9,186,15,15.75
9,187,14,14.28
9,188,13,13.83
9,189,12,13.64
9,190,11,11.6
9,191,10,9.76
9,192,9,8.91
9,193,8,7.54
9,194,7,11.42
9,195,6,8.94
9,196,5,6.31
9,197,4,5.11
9,198,3,3.74
9,199,2,3.1
9,200,1,3.04
9,201,0,1.2
10,1,221,217.01
10,2,220,200.76
10,3,219,207.52
10,4,218,203.2
10,5,217,211.9
10,6,216,208.93
10,7,215,216.06
10,8,214,206.1
10,9,213,211.27
10,10,212,211.33
10,11,211,200.97
10,12,210,209.33
10,13,209,207.43
10,14,208,194.43
10,15,207,198.36
10,16,206,207.15
10,17,205,202.05
10,18,204,194.15
10,19,203,197.12
10,20,202,195.49
10,21,201,197.72
10,22,200,204.15
10,23,199,197.6
10,24,198,195.38
10,25,197,185.43
10,26,196,194.1
10,27,195,190.3
10,28,194,199.02
10,29,193,192.57
10,30,192,189.15
10,31,191,189.34
10,32,190,198.96
10,33,189,189.3
10,34,188,189.68
10,35,187,187.9
10,36,186,189.67
10,37,185,194.35
10,38,184,176.41
10,39,183,187.45
10,40,182,184.99
10,41,181,179.6
10,42,180,191.62
10,43,179,179.88
10,44,178,186.92
10,45,177,186.18
10,46,176,180.82
10,47,175,177.09
10,48,174,180.53
10,49,173,187.6
10,50,172,178.01
10,51,171,181.34
10,52,170,179.86
10,53,169,166.49
10,54,168,175.18
10,55,167,180.43
10,56,166,174.25
10,57,165,176.21
10,58,164,167.14
10,59,163,164.55
10,60,162,169.09
10,61,161,170.37
10,62,160,162.21
10,63,159,166.05
10,64,158,169.98
10,65,157,171.64
10,66,156,165.39
10,67,155,174.34
10,68,154,165.58
10,69,153,165.65
10,70,152,163.91
10,71,151,160.24
10,72,150,161.71
10,73,149,156.5
10,74,148,161.54
10,75,147,155.13
10,76,146,151.37
10,77,145,144.98
10,78,144,161.64
10,79,143,157.88
10,80,142,151.17
10,81,141,160.21
10,82,140,153.92
10,83,139,145.3
10,84,138,167.0
10,85,137,144.92
10,86,136,149.66
10,87,135,146.98
10,88,134,143.02
10,89,133,149.24
10,90,132,146.39
10,91,131,144.38
10,92,130,146.99
10,93,129,128.62
10,94,128,139.57
10,95,127,141.06
10,96,126,136.37
10,97,125,147.98
10,98,124,131.47
10,99,123,140.39
10,100,122,130.58
10,101,121,140.56
10,102,120,145.96
10,103,119,141.79
10,104,118,123.84
10,105,117,136.06
10,106,116,126.4
10,107,115,127.84
10,108,114,127.22
10,109,113,128.13
10,110,112,129.11
10,111,111,133.25
10,112,110,120.24
10,113,109,132.22
10,114,108,133.62
10,115,107,118.12
10,116,106,127.56
10,117,105,120.86
10,118,104,118.27
10,119,103,112.14
10,120,102,114.71
10,121,101,126.06
10,122,100,111.8
10,123,99,112.5
10,124,98,123.73
10,125,97,121.32
10,126,96,114.7
10,127,95,120.09
10,128,94,109.57
10,129,93,108.99
10,130,92,114.83
10,131,91,105.85
10,132,90,113.78
10,133,89,107.31
10,134,88,102.84
10,135,87,106.33
10,136,86,95.33
10,137,85,100.8
10,138,84,112.2
10,139,83,99.01
10,140,82,102.96
10,141,81,100.07
10,142,80,105.09
10,143,79,111.39
10,144,78,112.89
10,145,77,111.5
10,146,76,102.88
10,147,75,98.92
10,148,74,95.58
10,149,73,79.61
10,150,72,90.09
10,151,71,92.13
10,152,70,78.6
10,153,69,84.96
10,154,68,88.26
10,155,67,83.14
10,156,66,78.06
10,157,65,67.62
10,158,64,74.82
10,159,63,68.22
10,160,62,66.62
10,161,61,76.62
10,162,60,70.63
10,163,59,68.79
10,164,58,58.48
10,165,57,71.52
10,166,56,66.85
10,167,55,55.86
10,168,54,62.31
10,169,53,58.95
10,170,52,64.91
10,171,51,66.88
10,172,50,50.91
10,173,49,57.59
10,174,48,55.89
10,175,47,51.65
10,176,46,50.08
10,177,45,54.86
10,178,44,51.21
10,179,43,48.79
10,180,42,48.43
10,181,41,53.45
10,182,40,46.33
10,183,39,43.56
10,184,38,42.8
10,185,37,42.85
10,186,36,46.17
10,187,35,38.41
10,188,34,38.45
10,189,33,39.99
10,190,32,32.75
10,191,31,39.49
10,192,30,33.71
10,193,29,34.74
10,194,28,32.8
10,195,27,28.78
10,196,26,29.86
10,197,25,30.5
10,198,24,29.27
10,199,23,28.3
10,200,22,25.86
10,201,21,26.16
10,202,20,24.16
10,203,19,20.1
10,204,18,20.21
10,205,17,24.36
10,206,16,18.26
10,207,15,18.76
10,208,14,18.32
10,209,13,20.09
10,210,12,14.31
10,211,11,16.46
10,212,10,16.97
10,213,9,9.7
10,214,8,11.18
10,215,7,11.22
10,216,6,9.9
10,217,5,6.74
10,218,4,6.68
10,219,3,5.86
10,220,2,7.29
10,221,1,2.05
10,222,0,2.69
11,1,239,229.92
11,2,238,218.17
11,3,237,213.83
11,4,236,216.89
11,5,235,218.25
11,6,234,218.19
11,7,233,212.78
11,8,232,218.88
11,9,231,201.7
11,10,230,217.37
11,11,229,208.43
11,12,228,203.04
11,13,227,212.49
11,14,226,218.29
11,15,225,206.89
11,16,224,198.14
11,17,223,210.65
11,18,222,207.56
11,19,221,213.11
11,20,220,204.56
11,21,219,212.26
11,22,218,202.72
11,23,217,197.09
11,24,216,195.12
11,25,215,201.84
11,26,214,191.95
11,27,213,186.24
11,28,212,200.06
11,29,211,205.26
11,30,210,208.43
11,31,209,195.92
11,32,208,190.14
11,33,207,203.08
11,34,206,200.21
11,35,205,201.13
11,36,204,194.19
11,37,203,202.56
11,38,202,200.29
11,39,201,190.96
11,40,200,190.21
11,41,199,186.98
11,42,198,187.65
11,43,197,190.19
11,44,196,189.16
11,45,195,199.25
11,46,194,191.51
11,47,193,190.93
11,48,192,179.37
11,49,191,189.86
11,50,190,183.31
11,51,189,177.29
11,52,188,186.91
11,53,187,186.91
11,54,186,186.25
11,55,185,177.55
11,56,184,185.89
11,57,183,186.57
11,58,182,182.95
11,59,181,173.32
11,60,180,176.78
11,61,179,178.99
11,62,178,185.05
11,63,177,172.55
11,64,176,180.23
11,65,175,171.96
11,66,174,179.62
11,67,173,173.5
11,68,172,166.82
11,69,171,166.83
11,70,170,165.63
11,71,169,167.79
11,72,168,155.83
11,73,167,172.56
11,74,166,159.63
11,75,165,164.81
11,76,164,171.62
11,77,163,168.34
11,78,162,162.7
11,79,161,168.33
11,80,160,172.77
11,81,159,172.91
11,82,158,178.21
11,83,157,156.96
11,84,156,150.46
11,85,155,158.62
11,86,154,151.94
11,87,153,162.27
11,88,152,160.31
11,89,151,160.51
11,90,150,156.8
11,91,149,152.05
11,92,148,158.28
11,93,147,160.58
11,94,146,166.61
11,95,145,150.76
11,96,144,149.58
11,97,143,153.82
11,98,142,136.94
11,99,141,151.62
11,100,140,153.33
11,101,139,145.62
11,102,138,156.78
11,103,137,132.22
11,104,136,136.02
11,105,135,149.51
11,106,134,148.68
11,107,133,145.5
11,108,132,142.16
11,109,131,148.49
11,110,130,139.78
11,111,129,148.06
11,112,128,145.23
11,113,127,148.41
11,114,126,134.96
11,115,125,136.93
11,116,124,135.59
11,117,123,133.85
11,118,122,131.12
11,119,121,137.62
11,120,120,131.75
11,121,119,126.37
11,122,118,128.83
11,123,117,137.63
11,124,116,123.14
11,125,115,125.94
11,126,114,141.78
11,127,113,130.11
11,128,112,119.82
11,129,111,132.99
11,130,110,126.7
11,131,109,131.53
11,132,108,121.59
11,133,107,120.87
11,134,106,115.0
11,135,105,117.11
11,136,104,114.59
11,137,103,111.36
11,138,102,126.4
11,139,101,111.25
11,140,100,121.05
11,141,99,114.62
11,142,98,121.71
11,143,97,98.77
11,144,96,102.88
11,145,95,100.91
11,146,94,108.08
11,147,93,95.26
11,148,92,90.83
11,149,91,99.36
11,150,90,107.98
11,151,89,105.25
11,152,88,95.59
11,153,87,118.33
11,154,86,97.68
11,155,85,101.49
11,156,84,95.2
11,157,83,92.61
11,158,82,83.73
11,159,81,91.18
11,160,80,81.47
11,161,79,84.33
11,162,78,86.12
11,163,77,82.01
11,164,76,81.26
11,165,75,77.88
11,166,74,78.21
11,167,73,84.2
11,168,72,70.69
11,169,71,75.53
11,170,70,81.98
11,171,69,71.7
11,172,68,70.28
11,173,67,76.24
11,174,66,67.53
11,175,65,72.17
11,176,64,67.76
11,177,63,66.01
11,178,62,64.9
11,179,61,62.08
11,180,60,65.1
11,181,59,63.18
11,182,58,59.69
11,183,57,60.16
11,184,56,53.04
11,185,55,57.02
11,186,54,56.88
11,187,53,57.56
11,188,52,53.18
11,189,51,53.93
11,190,50,54.69
11,191,49,52.66
11,192,48,53.06
11,193,47,51.17
11,194,46,47.0
11,195,45,46.19
11,196,44,41.9
11,197,43,45.94
11,198,42,42.3
11,199,41,43.57
11,200,40,41.23
11,201,39,41.52
11,202,38,38.32
11,203,37,38.64
11,204,36,38.92
11,205,35,33.04
11,206,34,34.35
11,207,33,34.24
11,208,32,34.3
11,209,31,32.12
11,210,30,31.29
11,211,29,31.46
11,212,28,29.09
11,213,27,27.42
11,214,26,27.35
11,215,25,26.62
11,216,24,26.31
11,217,23,25.28
11,218,22,22.9
11,219,21,21.4
11,220,20,20.86
11,221,19,19.69
11,222,18,17.91
11,223,17,17.84
11,224,16,17.36
11,225,15,14.81
11,226,14,13.27
11,227,13,13.12
11,228,12,11.85
11,229,11,11.68
11,230,10,10.21
11,231,9,10.93
11,232,8,9.18
11,233,7,10.08
11,234,6,8.01
11,235,5,5.89
11,236,4,4.8
11,237,3,3.75
11,238,2,2.59
11,239,1,2.4
11,240,0,1.13
12,1,169,159.59
12,2,168,160.33
12,3,167,165.98
12,4,166,155.9
12,5,165,158.81
12,6,164,156.51
12,7,163,156.17
12,8,162,160.38
12,9,161,166.29
12,10,160,159.38
12,11,159,158.27
12,12,158,159.24
12,13,157,150.49
12,14,156,153.66
12,15,155,151.6
12,16,154,150.12
12,17,153,153.77
12,18,152,150.54
12,19,151,146.74
12,20,150,143.46
12,21,149,147.77
12,22,148,149.97
12,23,147,147.74
12,24,146,147.23
12,25,145,143.52
12,26,144,146.4
12,27,143,146.61
12,28,142,140.06
12,29,141,141.35
12,30,140,141.85
12,31,139,148.0
12,32,138,138.52
12,33,137,144.77
12,34,136,136.27
12,35,135,135.57
12,36,134,135.27
12,37,133,132.17
12,38,132,136.19
12,39,131,137.91
12,40,130,127.58
12,41,129,135.02
12,42,128,136.6
12,43,127,136.39
12,44,126,140.17
12,45,125,120.15
12,46,124,131.23
12,47,123,142.77
12,48,122,130.12
12,49,121,127.24
12,50,120,136.75
12,51,119,129.22
12,52,118,130.92
12,53,117,122.33
12,54,116,123.3
12,55,115,109.98
12,56,114,123.75
12,57,113,113.62
12,58,112,125.43
12,59,111,122.89
12,60,110,116.33
12,61,109,119.46
12,62,108,118.94
12,63,107,123.33
12,64,106,110.41
12,65,105,114.46
12,66,104,121.65
12,67,103,109.68
12,68,102,117.88
12,69,101,104.98
12,70,100,114.08
12,71,99,116.29
12,72,98,94.21
12,73,97,108.85
12,74,96,109.47
12,75,95,115.8
12,76,94,101.82
12,77,93,112.08
12,78,92,110.22
12,79,91,101.9
12,80,90,101.48
12,81,89,98.88
12,82,88,98.59
12,83,87,93.27
12,84,86,103.04
12,85,85,104.83
12,86,84,82.24
12,87,83,100.9
12,88,82,96.34
12,89,81,93.62
12,90,80,82.41
12,91,79,93.07
12,92,78,71.25
12,93,77,81.08
12,94,76,96.62
12,95,75,81.32
12,96,74,76.26
12,97,73,83.73
12,98,72,96.58
12,99,71,90.79
12,100,70,95.03
12,101,69,96.48
12,102,68,76.05
12,103,67,71.46
12,104,66,77.16
12,105,65,71.96
12,106,64,84.63
12,107,63,62.38
12,108,62,66.63
12,109,61,64.08
12,110,60,76.61
12,111,59,67.49
12,112,58,65.8
12,113,57,64.49
12,114,56,65.35
12,115,55,61.82
12,116,54,57.32
12,117,53,54.02
12,118,52,63.12
12,119,51,54.91
12,120,50,48.5
12,121,49,76.32
12,122,48,45.18
12,123,47,45.85
12,124,46,59.02
12,125,45,47.51
12,126,44,49.93
12,127,43,42.16
12,128,42,44.12
12,129,41,41.31
12,130,40,41.27
12,131,39,36.34
12,132,38,41.66
12,133,37,40.08
12,134,36,36.38
12,135,35,35.38
12,136,34,43.52
12,137,33,31.71
12,138,32,33.4
12,139,31,31.82
12,140,30,34.7
12,141,29,27.45
12,142,28,30.42
12,143,27,29.84
12,144,26,26.9
12,145,25,28.8
12,146,24,31.69
12,147,23,24.37
12,148,22,25.88
12,149,21,18.37
12,150,20,20.08
12,151,19,18.85
12,152,18,15.85
12,153,17,17.91
12,154,16,17.1
12,155,15,13.58
12,156,14,16.77
12,157,13,14.66
12,158,12,13.37
12,159,11,10.73
12,160,10,8.06
12,161,9,8.87
12,162,8,10.91
12,163,7,5.89
12,164,6,7.2
12,165,5,6.66
12,166,4,4.43
12,167,3,5.08
12,168,2,2.28
12,169,1,1.96
12,170,0,1.88
13,1,162,157.78
13,2,161,158.84
13,3,160,142.43
13,4,159,152.0
13,5,158,150.6
13,6,157,146.16
13,7,156,149.34
13,8,155,151.17
13,9,154,138.71
13,10,153,149.89
13,11,152,154.58
13,12,151,146.79
13,13,150,143.54
13,14,149,137.53
13,15,148,151.11
13,16,147,138.57
13,17,146,145.87
13,18,145,143.69
13,19,144,133.44
13,20,143,141.42
13,21,142,145.0
13,22,141,136.91
13,23,140,136.57
13,24,139,129.81
13,25,138,136.0
13,26,137,129.49
13,27,136,128.33
13,28,135,135.21
13,29,134,139.98
13,30,133,132.72
13,31,132,140.11
13,32,131,128.43
13,33,130,126.48
13,34,129,134.81
13,35,128,131.59
13,36,127,128.18
13,37,126,132.95
13,38,125,128.47
13,39,124,135.9
13,40,123,125.43
13,41,122,124.54
13,42,121,126.51
13,43,120,130.55
13,44,119,119.78
13,45,118,122.81
13,46,117,125.99
13,47,116,128.75
13,48,115,119.46
13,49,114,109.24
13,50,113,120.01
13,51,112,125.36
13,52,111,117.27
13,53,110,130.95
13,54,109,116.92
13,55,108,122.73
13,56,107,113.06
13,57,106,120.06
13,58,105,113.45
13,59,104,111.9
13,60,103,116.99
13,61,102,109.6
13,62,101,107.47
13,63,100,119.84
13,64,99,115.68
13,65,98,104.85
13,66,97,114.91
13,67,96,103.87
13,68,95,107.25
13,69,94,108.54
13,70,93,109.04
13,71,92,93.22
13,72,91,97.52
13,73,90,96.43
13,74,89,112.11
13,75,88,90.66
13,76,87,94.33
13,77,86,110.45
13,78,85,100.11
13,79,84,97.86
13,80,83,88.43
13,81,82,102.08
13,82,81,91.07
13,83,80,83.41
13,84,79,105.29
13,85,78,80.25
13,86,77,101.84
13,87,76,77.14
13,88,75,80.99
13,89,74,95.42
13,90,73,90.81
13,91,72,78.23
13,92,71,92.43
13,93,70,74.21
13,94,69,75.03
13,95,68,66.41
13,96,67,83.09
13,97,66,73.75
13,98,65,65.55
13,99,64,82.24
13,100,63,69.62
13,101,62,67.1
13,102,61,71.04
13,103,60,66.28
13,104,59,63.41
13,105,58,58.3
13,106,57,57.89
13,107,56,57.17
13,108,55,59.89
13,109,54,52.96
13,110,53,55.35
13,111,52,52.49
13,112,51,53.77
13,113,50,56.31
13,114,49,52.77
13,115,48,49.73
13,116,47,55.91
13,117,46,45.89
13,118,45,48.41
13,119,44,48.09
13,120,43,46.64
13,121,42,47.32
13,122,41,45.13
13,123,40,41.43
13,124,39,41.56
13,125,38,41.06
13,126,37,39.73
13,127,36,38.53
13,128,35,39.63
13,129,34,38.61
13,130,33,35.36
13,131,32,36.91
13,132,31,34.17
13,133,30,33.55
13,134,29,32.2
13,135,28,30.01
13,136,27,29.49
13,137,26,29.28
13,138,25,28.09
13,139,24,25.97
13,140,23,26.09
13,141,22,26.77
13,142,21,22.15
13,143,20,23.18
13,144,19,21.09
13,145,18,21.77
13,146,17,20.0
13,147,16,17.52
13,148,15,14.93
13,149,14,13.7
13,150,13,15.37
13,151,12,13.02
13,152,11,13.33
13,153,10,12.35
13,154,9,11.51
13,155,8,9.14
13,156,7,8.44
13,157,6,7.47
13,158,5,7.08
13,159,4,5.15
13,160,3,4.03
13,161,2,2.47
13,162,1,1.13
13,163,0,0.95
14,1,179,158.6
14,2,178,155.64
14,3,177,165.48
14,4,176,155.94
14,5,175,155.15
14,6,174,153.71
14,7,173,154.46
14,8,172,159.06
14,9,171,157.68
14,10,170,161.86
14,11,169,162.5
14,12,168,153.2
14,13,167,145.66
14,14,166,153.5
14,15,165,150.51
14,16,164,151.23
14,17,163,153.63
14,18,162,152.83
14,19,161,144.94
14,20,160,155.73
14,21,159,153.47
14,22,158,151.15
14,23,157,129.3
14,24,156,144.06
14,25,155,140.87
14,26,154,149.03
14,27,153,136.31
14,28,152,143.72
14,29,151,146.7
14,30,150,134.69
14,31,149,139.34
14,32,148,142.53
14,33,147,148.26
14,34,146,140.0
14,35,145,138.93
14,36,144,139.22
14,37,143,129.35
14,38,142,145.02
14,39,141,124.92
14,40,140,139.56
14,41,139,123.39
14,42,138,135.22
14,43,137,135.16
14,44,136,129.84
14,45,135,123.74
14,46,134,130.47
14,47,133,128.72
14,48,132,133.29
14,49,131,111.44
14,50,130,134.14
14,51,129,125.56
14,52,128,135.14
14,53,127,127.55
14,54,126,120.67
14,55,125,131.41
14,56,124,120.86
14,57,123,113.89
14,58,122,125.08
14,59,121,117.62
14,60,120,123.31
14,61,119,120.43
14,62,118,122.3
14,63,117,119.35
14,64,116,116.07
14,65,115,113.11
14,66,114,111.39
14,67,113,111.52
14,68,112,119.32
14,69,111,111.71
14,70,110,105.36
14,71,109,106.49
14,72,108,109.88
14,73,107,101.39
14,74,106,106.47
14,75,105,108.31
14,76,104,102.15
14,77,103,92.42
14,78,102,104.76
14,79,101,100.85
14,80,100,103.57
14,81,99,109.42
14,82,98,115.78
14,83,97,106.35
14,84,96,92.08
14,85,95,92.61
14,86,94,110.41
14,87,93,83.07
14,88,92,95.47
14,89,91,87.13
14,90,90,84.72
14,91,89,88.85
14,92,88,82.87
14,93,87,75.51
14,94,86,81.71
14,95,85,84.18
14,96,84,80.07
14,97,83,99.18
14,98,82,85.54
14,99,81,77.73
14,100,80,76.73
14,101,79,82.84
14,102,78,74.29
14,103,77,75.5
14,104,76,81.5
14,105,75,76.96
14,106,74,70.89
14,107,73,74.52
14,108,72,71.35
14,109,71,72.68
14,110,70,74.45
14,111,69,65.31
14,112,68,64.14
14,113,67,66.89
14,114,66,67.84
14,115,65,75.37
14,116,64,61.57
14,117,63,72.47
14,118,62,63.0
14,119,61,62.32
14,120,60,57.32
14,121,59,56.41
14,122,58,54.87
14,123,57,60.96
14,124,56,62.3
14,125,55,52.9
14,126,54,59.47
14,127,53,59.92
14,128,52,51.63
14,129,51,53.13
14,130,50,51.3
14,131,49,51.65
14,132,48,49.03
14,133,47,49.41
14,134,46,45.18
14,135,45,43.94
14,136,44,43.43
14,137,43,41.67
14,138,42,43.48
14,139,41,44.04
14,140,40,39.85
14,141,39,43.0
14,142,38,39.39
14,143,37,35.71
14,144,36,39.49
14,145,35,37.53
14,146,34,38.69
14,147,33,35.04
14,148,32,35.19
14,149,31,33.06
14,150,30,30.5
14,151,29,30.99
14,152,28,25.63
14,153,27,28.69
14,154,26,27.2
14,155,25,21.67
14,156,24,24.81
14,157,23,23.31
14,158,22,26.81
14,159,21,22.81
14,160,20,22.38
14,161,19,19.63
14,162,18,17.37
14,163,17,18.67
14,164,16,17.31
14,165,15,16.6
14,166,14,15.1
14,167,13,13.42
14,168,12,15.01
14,169,11,12.33
14,170,10,10.95
14,171,9,9.75
14,172,8,10.25
14,173,7,8.8
14,174,6,6.74
14,175,5,4.95
14,176,4,5.18
14,177,3,4.41
14,178,2,2.1
14,179,1,2.57
14,180,0,1.81
15,1,206,212.41
15,2,205,194.54
15,3,204,207.26
15,4,203,201.46
15,5,202,193.9
15,6,201,199.72
15,7,200,187.08
15,8,199,189.01
15,9,198,205.93
15,10,197,184.25
15,11,196,207.25
15,12,195,198.12
15,13,194,190.4
15,14,193,184.85
15,15,192,194.4
15,16,191,192.93
15,17,190,195.22
15,18,189,192.8
15,19,188,198.3
15,20,187,190.24
15,21,186,186.09
15,22,185,181.78
15,23,184,175.86
15,24,183,189.27
15,25,182,190.92
15,26,181,187.83
15,27,180,181.19
15,28,179,185.7
15,29,178,179.35
15,30,177,187.04
15,31,176,172.41
15,32,175,167.97
15,33,174,174.68
15,34,173,166.48
15,35,172,172.97
15,36,171,178.21
15,37,170,167.66
15,38,169,178.1
15,39,168,171.82
15,40,167,165.34
15,41,166,171.23
15,42,165,189.09
15,43,164,172.83
15,44,163,179.49
15,45,162,179.37
15,46,161,173.99
15,47,160,162.71
15,48,159,168.98
15,49,158,164.32
15,50,157,160.4
15,51,156,159.38
15,52,155,164.42
15,53,154,176.16
15,54,153,170.04
15,55,152,156.5
15,56,151,160.93
15,57,150,163.73
15,58,149,165.87
15,59,148,161.81
15,60,147,153.7
15,61,146,160.41
15,62,145,156.79
15,63,144,145.69
15,64,143,154.94
15,65,142,148.64
15,66,141,154.7
15,67,140,156.73
15,68,139,155.94
15,69,138,153.81
15,70,137,153.78
15,71,136,139.27
15,72,135,156.28
15,73,134,154.23
15,74,133,148.0
15,75,132,152.18
15,76,131,141.86
15,77,130,137.09
15,78,129,157.1
15,79,128,131.27
15,80,127,144.02
15,81,126,145.47
15,82,125,133.87
15,83,124,144.05
15,84,123,135.7
15,85,122,140.47
15,86,121,136.37
15,87,120,132.09
15,88,119,142.84
15,89,118,133.76
15,90,117,133.06
15,91,116,133.81
15,92,115,128.0
15,93,114,127.02
15,94,113,137.68
15,95,112,133.06
15,96,111,136.8
15,97,110,136.08
15,98,109,133.06
15,99,108,129.74
15,100,107,128.44
15,101,106,132.37
15,102,105,119.75
15,103,104,116.03
15,104,103,120.24
15,105,102,128.35
15,106,101,113.4
15,107,100,147.1
15,108,99,124.62
15,109,98,125.59
15,110,97,121.66
15,111,96,110.64
15,112,95,125.44
15,113,94,122.13
15,114,93,114.45
15,115,92,110.35
15,116,91,120.67
15,117,90,106.67
15,118,89,117.62
15,119,88,109.08
15,120,87,110.28
15,121,86,109.02
15,122,85,105.63
15,123,84,97.96
15,124,83,109.19
15,125,82,103.01
15,126,81,107.14
15,127,80,97.05
15,128,79,110.73
15,129,78,96.38
15,130,77,99.34
15,131,76,105.0
15,132,75,103.3
15,133,74,92.71
15,134,73,102.25
15,135,72,106.33
15,136,71,104.08
15,137,70,108.98
15,138,69,98.57
15,139,68,93.28
15,140,67,89.31
15,141,66,86.5
15,142,65,89.55
15,143,64,89.14
15,144,63,95.23
15,145,62,88.63
15,146,61,85.87
15,147,60,98.73
15,148,59,85.52
15,149,58,90.53
15,150,57,82.37
15,151,56,79.9
15,152,55,80.81
15,153,54,75.04
15,154,53,73.56
15,155,52,80.67
15,156,51,82.53
15,157,50,79.57
15,158,49,76.37
15,159,48,71.76
15,160,47,63.07
15,161,46,72.92
15,162,45,59.92
15,163,44,73.09
15,164,43,66.21
15,165,42,49.27
15,166,41,46.42
15,167,40,62.2
15,168,39,67.54
15,169,38,66.17
15,170,37,54.74
15,171,36,57.15
15,172,35,56.53
15,173,34,39.16
15,174,33,57.28
15,175,32,38.92
15,176,31,46.6
15,177,30,44.04
15,178,29,41.16
15,179,28,36.2
15,180,27,38.96
15,181,26,31.54
15,182,25,28.29
15,183,24,30.24
15,184,23,32.82
15,185,22,23.97
15,186,21,28.77
15,187,20,27.02
15,188,19,28.09
15,189,18,20.48
15,190,17,19.72
15,191,16,17.83
15,192,15,16.06
15,193,14,12.71
15,194,13,14.7
15,195,12,16.74
15,196,11,11.54
15,197,10,12.46
15,198,9,10.57
15,199,8,9.35
15,200,7,12.28
15,201,6,11.08
15,202,5,7.41
15,203,4,4.84
15,204,3,5.21
15,205,2,2.88
15,206,1,2.12
15,207,0,0.48
16,1,208,184.19
16,2,207,174.54
16,3,206,164.47
16,4,205,166.77
16,5,204,178.06
16,6,203,178.88
16,7,202,167.64
16,8,201,169.6
16,9,200,180.11
16,10,199,181.68
16,11,198,165.9
16,12,197,169.51
16,13,196,161.93
16,14,195,167.99
16,15,194,166.79
16,16,193,158.46
16,17,192,163.84
16,18,191,169.13
16,19,190,144.46
16,20,189,160.9
16,21,188,169.57
16,22,187,159.44
16,23,186,168.32
16,24,185,160.83
16,25,184,164.09
16,26,183,132.51
16,27,182,157.05
16,28,181,145.13
16,29,180,149.47
16,30,179,161.82
16,31,178,150.28
16,32,177,149.31
16,33,176,164.01
16,34,175,158.95
16,35,174,151.08
16,36,173,152.84
16,37,172,155.17
16,38,171,147.18
16,39,170,152.05
16,40,169,137.82
16,41,168,131.72
16,42,167,149.83
16,43,166,134.69
16,44,165,150.37
16,45,164,147.19
16,46,163,136.49
16,47,162,137.87
16,48,161,137.06
16,49,160,132.43
16,50,159,137.03
16,51,158,130.61
16,52,157,136.9
16,53,156,142.6
16,54,155,137.8
16,55,154,134.34
16,56,153,128.93
16,57,152,133.33
16,58,151,140.81
16,59,150,135.79
16,60,149,149.15
16,61,148,136.89
16,62,147,127.59
16,63,146,125.0
16,64,145,128.28
16,65,144,134.23
16,66,143,130.62
16,67,142,122.62
16,68,141,128.64
16,69,140,129.1
16,70,139,124.85
16,71,138,116.21
16,72,137,121.76
16,73,136,113.58
16,74,135,127.75
16,75,134,119.91
16,76,133,130.73
16,77,132,126.86
16,78,131,118.39
16,79,130,108.06
16,80,129,117.82
16,81,128,118.81
16,82,127,113.3
16,83,126,100.91
16,84,125,113.6
16,85,124,113.78
16,86,123,117.0
16,87,122,112.15
16,88,121,104.81
16,89,120,111.04
16,90,119,116.47
16,91,118,101.57
16,92,117,105.91
16,93,116,93.57
16,94,115,106.51
16,95,114,101.93
16,96,113,108.28
16,97,112,96.84
16,98,111,96.91
16,99,110,93.94
16,100,109,98.0
16,101,108,95.23
16,102,107,105.19
16,103,106,102.59
16,104,105,93.22
16,105,104,85.74
16,106,103,95.57
16,107,102,93.85
16,108,101,107.57
16,109,100,86.64
16,110,99,89.37
16,111,98,89.53
16,112,97,80.21
16,113,96,95.11
16,114,95,90.12
16,115,94,105.55
16,116,93,83.67
16,117,92,85.59
16,118,91,89.97
16,119,90,96.57
16,120,89,87.15
16,121,88,71.45
16,122,87,70.38
16,123,86,85.73
16,124,85,82.14
16,125,84,78.9
16,126,83,86.59
16,127,82,83.19
16,128,81,68.79
16,129,80,76.44
16,130,79,71.29
16,131,78,72.06
16,132,77,70.52
16,133,76,62.78
16,134,75,68.32
16,135,74,73.89
16,136,73,69.05
16,137,72,57.48
16,138,71,58.1
16,139,70,62.35
16,140,69,62.08
16,141,68,59.01
16,142,67,57.25
16,143,66,59.45
16,144,65,60.05
16,145,64,60.9
16,146,63,54.09
16,147,62,56.41
16,148,61,55.35
16,149,60,53.19
16,150,59,49.26
16,151,58,46.01
16,152,57,61.28
16,153,56,61.96
16,154,55,48.6
16,155,54,53.25
16,156,53,47.81
16,157,52,47.8
16,158,51,46.95
16,159,50,46.69
16,160,49,42.62
16,161,48,41.28
16,162,47,48.3
16,163,46,40.79
16,164,45,47.45
16,165,44,46.66
16,166,43,37.07
16,167,42,39.17
16,168,41,36.12
16,169,40,34.12
16,170,39,33.61
16,171,38,34.21
16,172,37,34.14
16,173,36,34.08
16,174,35,34.88
16,175,34,32.28
16,176,33,32.25
16,177,32,29.21
16,178,31,29.66
16,179,30,28.75
16,180,29,24.36
16,181,28,24.85
16,182,27,25.33
16,183,26,20.74
16,184,25,25.36
16,185,24,19.64
16,186,23,18.49
16,187,22,23.24
16,188,21,17.97
16,189,20,17.34
16,190,19,17.04
16,191,18,17.68
16,192,17,13.12
16,193,16,14.93
16,194,15,11.94
16,195,14,12.64
16,196,13,14.62
16,197,12,10.92
16,198,11,7.65
16,199,10,9.84
16,200,9,8.1
16,201,8,9.87
16,202,7,6.64
16,203,6,8.09
16,204,5,6.16
16,205,4,6.55
16,206,3,7.04
16,207,2,1.75
16,208,1,1.63
16,209,0,1.42
17,1,275,247.94
17,2,274,238.64
17,3,273,236.85
17,4,272,233.97
17,5,271,242.92
17,6,270,237.04
17,7,269,234.03
17,8,268,247.17
17,9,267,241.99
17,10,266,239.81
17,11,265,221.03
17,12,264,239.3
17,13,263,227.11
17,14,262,242.61
17,15,261,234.12
17,16,260,223.79
17,17,259,223.4
17,18,258,215.89
17,19,257,220.7
17,20,256,238.72
17,21,255,214.38
17,22,254,227.97
17,23,253,228.2
17,24,252,210.63
17,25,251,222.07
17,26,250,217.25
17,27,249,220.45
17,28,248,212.56
17,29,247,228.97
17,30,246,224.08
17,31,245,209.78
17,32,244,221.73
17,33,243,221.76
17,34,242,209.08
17,35,241,204.76
17,36,240,211.04
17,37,239,218.98
17,38,238,206.2
17,39,237,209.29
17,40,236,218.33
17,41,235,203.75
17,42,234,204.75
17,43,233,220.31
17,44,232,208.14
17,45,231,210.47
17,46,230,208.73
17,47,229,198.97
17,48,228,209.08
17,49,227,199.95
17,50,226,202.94
17,51,225,209.7
17,52,224,190.2
17,53,223,201.21
17,54,222,199.06
17,55,221,204.65
17,56,220,192.46
17,57,219,204.68
17,58,218,186.83
17,59,217,195.21
17,60,216,192.37
17,61,215,195.31
17,62,214,198.16
17,63,213,204.46
17,64,212,192.49
17,65,211,181.67
17,66,210,189.45
17,67,209,192.76
17,68,208,189.89
17,69,207,188.08
17,70,206,180.67
17,71,205,194.62
17,72,204,194.05
17,73,203,192.85
17,74,202,191.56
17,75,201,187.28
17,76,200,184.27
17,77,199,192.71
17,78,198,185.04
17,79,197,182.54
17,80,196,185.14
17,81,195,181.11
17,82,194,186.76
17,83,193,178.02
17,84,192,184.26
17,85,191,189.9
17,86,190,176.39
17,87,189,185.31
17,88,188,182.2
17,89,187,177.56
17,90,186,175.33
17,91,185,173.05
17,92,184,169.23
17,93,183,170.8
17,94,182,157.69
17,95,181,176.82
17,96,180,165.19
17,97,179,177.89
17,98,178,162.72
17,99,177,174.95
17,100,176,166.32
17,101,175,160.65
17,102,174,172.62
17,103,173,170.71
17,104,172,169.94
17,105,171,164.19
17,106,170,166.02
17,107,169,161.5
17,108,168,174.26
17,109,167,163.75
17,110,166,159.2
17,111,165,166.48
17,112,164,164.64
17,113,163,153.24
17,114,162,157.74
17,115,161,156.08
17,116,160,151.87
17,117,159,163.17
17,118,158,158.1
17,119,157,157.65
17,120,156,149.14
17,121,155,141.88
17,122,154,146.53
17,123,153,149.08
17,124,152,145.11
17,125,151,152.31
17,126,150,143.69
17,127,149,147.89
17,128,148,144.69
17,129,147,142.4
17,130,146,147.22
17,131,145,143.45
17,132,144,143.3
17,133,143,129.77
17,134,142,147.01
17,135,141,137.38
17,136,140,139.96
17,137,139,134.89
17,138,138,141.75
17,139,137,140.23
17,140,136,121.55
17,141,135,129.58
17,142,134,134.06
17,143,133,134.51
17,144,132,137.7
17,145,131,128.58
17,146,130,123.01
17,147,129,129.67
17,148,128,114.84
17,149,127,121.15
17,150,126,126.32
17,151,125,126.76
17,152,124,112.97
17,153,123,117.87
17,154,122,125.41
17,155,121,115.21
17,156,120,124.94
17,157,119,109.47
17,158,118,111.16
17,159,117,124.63
17,160,116,112.61
17,161,115,107.24
17,162,114,113.42
17,163,113,103.17
17,164,112,123.88
17,165,111,117.44
17,166,110,124.91
17,167,109,104.04
17,168,108,119.3
17,169,107,118.26
17,170,106,97.89
17,171,105,104.24
17,172,104,101.09
17,173,103,116.27
17,174,102,90.69
17,175,101,96.29
17,176,100,98.78
17,177,99,93.98
17,178,98,91.01
17,179,97,102.2
17,180,96,92.18
17,181,95,104.26
17,182,94,86.01
17,183,93,87.01
17,184,92,84.64
17,185,91,81.24
17,186,90,86.11
17,187,89,83.53
17,188,88,83.3
17,189,87,80.45
17,190,86,81.12
17,191,85,78.1
17,192,84,76.91
17,193,83,78.48
17,194,82,75.53
17,195,81,79.95
17,196,80,73.92
17,197,79,75.4
17,198,78,72.61
17,199,77,76.66
17,200,76,73.15
17,201,75,61.95
17,202,74,67.25
17,203,73,65.84
17,204,72,68.56
17,205,71,69.02
17,206,70,63.12
17,207,69,64.36
17,208,68,66.06
17,209,67,63.24
17,210,66,63.69
17,211,65,61.14
17,212,64,59.94
17,213,63,64.5
17,214,62,57.4
17,215,61,59.56
17,216,60,55.83
17,217,59,51.31
17,218,58,55.47
17,219,57,52.74
17,220,56,52.76
17,221,55,52.16
17,222,54,49.46
17,223,53,51.48
17,224,52,48.33
17,225,51,47.88
17,226,50,46.04
17,227,49,46.3
17,228,48,45.63
17,229,47,45.99
17,230,46,42.3
17,231,45,39.79
17,232,44,41.25
17,233,43,40.76
17,234,42,38.63
17,235,41,34.78
17,236,40,35.13
17,237,39,38.1
17,238,38,35.29
17,239,37,33.24
17,240,36,34.81
17,241,35,32.74
17,242,34,31.89
17,243,33,30.25
17,244,32,29.96
17,245,31,28.41
17,246,30,27.66
17,247,29,26.16
17,248,28,25.88
17,249,27,23.97
17,250,26,22.25
17,251,25,22.38
17,252,24,22.66
17,253,23,21.4
17,254,22,20.48
17,255,21,18.57
17,256,20,16.81
17,257,19,16.8
17,258,18,17.12
17,259,17,14.64
17,260,16,14.1
17,261,15,13.64
17,262,14,14.24
17,263,13,13.34
17,264,12,12.05
17,265,11,10.91
17,266,10,9.18
17,267,9,9.47
17,268,8,7.56
17,269,7,5.9
17,270,6,7.12
17,271,5,4.96
17,272,4,4.75
17,273,3,3.76
17,274,2,3.45
17,275,1,2.06
17,276,0,1.45
18,1,194,190.88
18,2,193,190.7
18,3,192,179.31
18,4,191,190.85
18,5,190,188.4
18,6,189,176.73
18,7,188,185.27
18,8,187,177.11
18,9,186,178.8
18,10,185,190.35
18,11,184,180.5
18,12,183,172.47
18,13,182,171.54
18,14,181,175.77
18,15,180,182.36
18,16,179,173.71
18,17,178,169.66
18,18,177,164.59
18,19,176,176.33
18,20,175,158.61
18,21,174,179.36
18,22,173,164.7
18,23,172,166.14
18,24,171,167.17
18,25,170,171.69
18,26,169,175.22
18,27,168,163.01
18,28,167,176.81
18,29,166,180.33
18,30,165,175.08
18,31,164,173.34
18,32,163,172.58
18,33,162,165.73
18,34,161,162.71
18,35,160,164.42
18,36,159,171.99
18,37,158,163.56
18,38,157,166.61
18,39,156,153.64
18,40,155,170.93
18,41,154,152.11
18,42,153,159.44
18,43,152,166.08
18,44,151,159.41
18,45,150,151.92
18,46,149,173.16
18,47,148,161.63
18,48,147,148.37
18,49,146,149.37
18,50,145,156.6
18,51,144,159.89
18,52,143,158.78
18,53,142,148.12
18,54,141,142.67
18,55,140,150.2
18,56,139,152.52
18,57,138,146.33
18,58,137,149.85
18,59,136,144.0
18,60,135,145.47
18,61,134,147.43
18,62,133,142.72
18,63,132,148.77
18,64,131,137.02
18,65,130,138.73
18,66,129,130.97
18,67,128,142.34
18,68,127,138.04
18,69,126,143.09
18,70,125,132.33
18,71,124,131.79
18,72,123,149.21
18,73,122,147.56
18,74,121,133.47
18,75,120,133.68
18,76,119,131.5
18,77,118,141.78
18,78,117,124.93
18,79,116,127.89
18,80,115,129.43
18,81,114,136.7
18,82,113,126.69
18,83,112,124.04
18,84,111,133.93
18,85,110,118.16
18,86,109,130.59
18,87,108,123.47
18,88,107,113.74
18,89,106,129.28
18,90,105,112.51
18,91,104,121.8
18,92,103,124.68
18,93,102,110.91
18,94,101,136.65
18,95,100,133.41
18,96,99,127.85
18,97,98,111.32
18,98,97,114.97
18,99,96,119.07
18,100,95,111.75
18,101,94,90.37
18,102,93,108.1
18,103,92,98.29
18,104,91,97.96
18,105,90,108.34
18,106,89,99.33
18,107,88,97.3
18,108,87,103.82
18,109,86,116.99
18,110,85,94.94
18,111,84,97.97
18,112,83,96.48
18,113,82,89.83
18,114,81,93.01
18,115,80,87.07
18,116,79,91.73
18,117,78,89.12
18,118,77,77.86
18,119,76,88.45
18,120,75,96.81
18,121,74,77.01
18,122,73,77.92
18,123,72,90.0
18,124,71,84.0
18,125,70,81.27
18,126,69,81.11
18,127,68,69.64
18,128,67,76.64
18,129,66,69.85
18,130,65,68.21
18,131,64,69.15
18,132,63,69.0
18,133,62,62.96
18,134,61,72.17
18,135,60,63.58
18,136,59,62.31
18,137,58,64.42
18,138,57,61.45
18,139,56,63.06
18,140,55,60.1
18,141,54,56.06
18,142,53,56.72
18,143,52,54.16
18,144,51,54.17
18,145,50,55.38
18,146,49,50.47
18,147,48,50.51
18,148,47,49.74
18,149,46,47.38
18,150,45,46.8
18,151,44,44.63
18,152,43,44.32
18,153,42,43.38
18,154,41,47.23
18,155,40,42.72
18,156,39,40.58
18,157,38,37.94
18,158,37,39.67
18,159,36,37.59
18,160,35,35.79
18,161,34,34.07
18,162,33,32.48
18,163,32,32.5
18,164,31,32.95
18,165,30,29.06
18,166,29,29.4
18,167,28,30.6
18,168,27,28.18
18,169,26,26.25
18,170,25,26.11
18,171,24,24.41
18,172,23,23.4
18,173,22,24.01
18,174,21,20.97
18,175,20,20.15
18,176,19,20.68
18,177,18,19.02
18,178,17,17.13
18,179,16,17.18
18,180,15,16.03
18,181,14,12.46
18,182,13,13.59
18,183,12,12.3
18,184,11,10.24
18,185,10,12.6
18,186,9,9.4
18,187,8,10.25
18,188,7,7.72
18,189,6,6.92
18,190,5,5.42
18,191,4,5.04
18,192,3,3.42
18,193,2,3.27
18,194,1,2.39
18,195,0,0.87
19,1,157,146.74
19,2,156,160.87
19,3,155,147.93
19,4,154,144.43
19,5,153,151.14
19,6,152,134.82
19,7,151,145.84
19,8,150,151.88
19,9,149,150.1
19,10,148,146.73
19,11,147,138.89
19,12,146,130.81
19,13,145,141.07
19,14,144,145.01
19,15,143,145.18
19,16,142,144.79
19,17,141,144.78
19,18,140,138.2
19,19,139,138.08
19,20,138,138.89
19,21,137,142.16
19,22,136,141.03
19,23,135,137.11
19,24,134,139.35
19,25,133,140.46
19,26,132,135.02
19,27,131,135.02
19,28,130,137.94
19,29,129,130.87
19,30,128,121.44
19,31,127,129.65
19,32,126,117.61
19,33,125,121.5
19,34,124,124.79
19,35,123,131.19
19,36,122,116.54
19,37,121,123.7
19,38,120,129.37
19,39,119,127.97
19,40,118,126.09
19,41,117,128.42
19,42,116,134.06
19,43,115,115.54
19,44,114,125.88
19,45,113,120.81
19,46,112,117.98
19,47,111,119.18
19,48,110,113.73
19,49,109,101.39
19,50,108,110.43
19,51,107,111.58
19,52,106,118.75
19,53,105,100.45
19,54,104,95.56
19,55,103,105.87
19,56,102,109.0
19,57,101,112.44
19,58,100,109.48
19,59,99,102.56
19,60,98,100.18
19,61,97,101.61
19,62,96,96.46
19,63,95,116.7
19,64,94,112.45
19,65,93,101.87
19,66,92,105.89
19,67,91,85.09
19,68,90,107.1
19,69,89,104.63
19,70,88,107.12
19,71,87,100.77
19,72,86,88.98
19,73,85,96.57
19,74,84,94.8
19,75,83,100.01
19,76,82,95.18
19,77,81,88.93
19,78,80,98.07
19,79,79,100.54
19,80,78,77.32
19,81,77,80.1
19,82,76,84.63
19,83,75,81.75
19,84,74,75.35
19,85,73,75.49
19,86,72,79.95
19,87,71,87.69
19,88,70,74.97
19,89,69,61.19
19,90,68,84.48
19,91,67,72.92
19,92,66,75.44
19,93,65,78.41
19,94,64,62.78
19,95,63,54.11
19,96,62,55.19
19,97,61,63.14
19,98,60,68.1
19,99,59,66.16
19,100,58,57.49
19,101,57,57.45
19,102,56,57.06
19,103,55,64.52
19,104,54,55.7
19,105,53,52.08
19,106,52,50.57
19,107,51,56.16
19,108,50,56.46
19,109,49,54.73
19,110,48,46.96
19,111,47,44.82
19,112,46,42.56
19,113,45,56.03
19,114,44,41.19
19,115,43,51.51
19,116,42,52.28
19,117,41,53.35
19,118,40,38.54
19,119,39,38.96
19,120,38,35.17
19,121,37,33.19
19,122,36,32.24
19,123,35,34.26
19,124,34,31.62
19,125,33,28.72
19,126,32,34.56
19,127,31,33.0
19,128,30,27.23
19,129,29,30.24
19,130,28,28.29
19,131,27,30.66
19,132,26,22.34
19,133,25,24.38
19,134,24,27.05
19,135,23,22.84
19,136,22,23.72
19,137,21,21.36
19,138,20,19.94
19,139,19,18.03
19,140,18,16.89
19,141,17,19.3
19,142,16,18.96
19,143,15,14.0
19,144,14,14.6
19,145,13,14.53
19,146,12,10.24
19,147,11,10.29
19,148,10,11.45
19,149,9,8.23
19,150,8,6.53
19,151,7,6.19
19,152,6,5.69
19,153,5,5.15
19,154,4,4.15
19,155,3,4.56
19,156,2,2.43
19,157,1,2.53
19,158,0,0.25
20,1,233,204.55
20,2,232,197.18
20,3,231,184.76
20,4,230,190.0
20,5,229,202.89
20,6,228,197.81
20,7,227,198.58
20,8,226,194.73
20,9,225,192.44
20,10,224,192.53
20,11,223,191.53
20,12,222,190.76
20,13,221,190.5
20,14,220,185.55
20,15,219,188.18
20,16,218,187.77
20,17,217,166.94
20,18,216,194.16
20,19,215,192.91
20,20,214,185.38
20,21,213,184.34
20,22,212,176.89
20,23,211,183.57
20,24,210,189.96
20,25,209,174.08
20,26,208,172.92
20,27,207,187.66
20,28,206,185.33
20,29,205,168.11
20,30,204,167.79
20,31,203,180.68
20,32,202,179.99
20,33,201,172.7
20,34,200,174.06
20,35,199,165.12
20,36,198,188.73
20,37,197,171.82
20,38,196,166.38
20,39,195,194.49
20,40,194,169.83
20,41,193,165.58
20,42,192,161.23
20,43,191,169.2
20,44,190,172.49
20,45,189,164.52
20,46,188,167.42
20,47,187,176.77
20,48,186,149.68
20,49,185,160.37
20,50,184,157.72
20,51,183,162.37
20,52,182,167.05
20,53,181,169.03
20,54,180,158.39
20,55,179,148.65
20,56,178,159.08
20,57,177,164.79
20,58,176,156.0
20,59,175,150.82
20,60,174,160.38
20,61,173,169.75
20,62,172,163.72
20,63,171,154.74
20,64,170,159.31
20,65,169,168.53
20,66,168,154.48
20,67,167,154.63
20,68,166,148.17
20,69,165,154.64
20,70,164,138.7
20,71,163,154.32
20,72,162,153.61
20,73,161,150.83
20,74,160,152.18
20,75,159,155.18
20,76,158,148.73
20,77,157,146.93
20,78,156,145.65
20,79,155,138.53
20,80,154,138.56
20,81,153,142.49
20,82,152,141.51
20,83,151,137.83
20,84,150,141.65
20,85,149,130.33
20,86,148,144.33
20,87,147,137.88
20,88,146,131.28
20,89,145,129.77
20,90,144,137.61
20,91,143,137.28
20,92,142,137.44
20,93,141,131.16
20,94,140,137.24
20,95,139,130.24
20,96,138,122.29
20,97,137,128.62
20,98,136,122.82
20,99,135,131.84
20,100,134,127.96
20,101,133,131.98
20,102,132,119.94
20,103,131,130.63
20,104,130,130.27
20,105,129,131.66
20,106,128,115.43
20,107,127,119.5
20,108,126,127.79
20,109,125,123.6
20,110,124,122.15
20,111,123,121.19
20,112,122,101.08
20,113,121,112.98
20,114,120,123.94
20,115,119,114.63
20,116,118,107.96
20,117,117,110.57
20,118,116,106.41
20,119,115,116.82
20,120,114,102.76
20,121,113,105.15
20,122,112,105.34
20,123,111,107.04
20,124,110,104.7
20,125,109,107.15
20,126,108,107.68
20,127,107,108.22
20,128,106,114.58
20,129,105,109.47
20,130,104,96.43
20,131,103,100.43
20,132,102,98.42
20,133,101,99.59
20,134,100,95.58
20,135,99,101.16
20,136,98,96.84
20,137,97,96.79
20,138,96,95.37
20,139,95,94.02
20,140,94,92.12
20,141,93,93.72
20,142,92,93.04
20,143,91,88.65
20,144,90,85.89
20,145,89,84.15
20,146,88,95.66
20,147,87,96.04
20,148,86,89.13
20,149,85,88.01
20,150,84,81.68
20,151,83,82.03
20,152,82,95.39
20,153,81,87.94
20,154,80,82.11
20,155,79,75.36
20,156,78,74.06
20,157,77,78.46
20,158,76,78.93
20,159,75,72.26
20,160,74,70.66
20,161,73,64.49
20,162,72,74.63
20,163,71,70.22
20,164,70,67.49
20,165,69,66.14
20,166,68,67.81
20,167,67,68.28
20,168,66,57.64
20,169,65,62.15
20,170,64,68.06
20,171,63,60.63
20,172,62,63.73
20,173,61,57.53
20,174,60,66.39
20,175,59,60.53
20,176,58,60.24
20,177,57,55.96
20,178,56,69.2
20,179,55,51.26
20,180,54,51.72
20,181,53,56.61
20,182,52,47.85
20,183,51,57.45
20,184,50,56.24
20,185,49,49.51
20,186,48,46.77
20,187,47,50.12
20,188,46,40.12
20,189,45,48.71
20,190,44,49.14
20,191,43,41.98
20,192,42,39.13
20,193,41,38.39
20,194,40,35.03
20,195,39,45.13
20,196,38,34.47
20,197,37,41.06
20,198,36,37.96
20,199,35,31.35
20,200,34,37.11
20,201,33,30.14
20,202,32,32.59
20,203,31,32.08
20,204,30,22.28
20,205,29,29.53
20,206,28,32.96
20,207,27,22.6
20,208,26,23.4
20,209,25,26.69
20,210,24,23.81
20,211,23,20.54
20,212,22,20.51
20,213,21,19.99
20,214,20,18.48
20,215,19,18.01
20,216,18,16.61
20,217,17,18.12
20,218,16,14.99
20,219,15,17.36
20,220,14,14.15
20,221,13,15.55
20,222,12,12.88
20,223,11,9.27
20,224,10,15.02
20,225,9,10.93
20,226,8,9.8
20,227,7,7.37
20,228,6,9.33
20,229,5,5.69
20,230,4,6.4
20,231,3,4.62
20,232,2,2.15
20,233,1,1.78
20,234,0,1.31
21,1,194,173.47
21,2,193,182.85
21,3,192,179.21
21,4,191,178.94
21,5,190,170.61
21,6,189,180.72
21,7,188,175.09
21,8,187,170.55
21,9,186,178.68
21,10,185,172.84
21,11,184,176.28
21,12,183,170.2
21,13,182,171.97
21,14,181,171.92
21,15,180,165.25
21,16,179,169.47
21,17,178,173.62
21,18,177,163.82
21,19,176,170.05
21,20,175,168.09
21,21,174,166.15
21,22,173,187.42
21,23,172,162.98
21,24,171,171.2
21,25,170,151.1
21,26,169,161.6
21,27,168,172.83
21,28,167,167.1
21,29,166,163.33
21,30,165,160.4
21,31,164,158.81
21,32,163,167.24
21,33,162,164.9
21,34,161,154.13
21,35,160,152.92
21,36,159,153.26
21,37,158,152.44
21,38,157,157.03
21,39,156,155.53
21,40,155,142.74
21,41,154,148.94
21,42,153,158.59
21,43,152,151.64
21,44,151,147.62
21,45,150,150.88
21,46,149,144.47
21,47,148,150.92
21,48,147,154.51
21,49,146,149.91
21,50,145,153.07
21,51,144,151.75
21,52,143,150.66
21,53,142,147.27
21,54,141,145.74
21,55,140,151.77
21,56,139,139.22
21,57,138,139.89
21,58,137,148.49
21,59,136,145.71
21,60,135,139.72
21,61,134,139.52
21,62,133,141.58
21,63,132,141.9
21,64,131,137.09
21,65,130,134.71
21,66,129,135.53
21,67,128,128.15
21,68,127,139.97
21,69,126,136.59
21,70,125,128.63
21,71,124,127.79
21,72,123,131.11
21,73,122,137.26
21,74,121,131.3
21,75,120,122.0
21,76,119,125.35
21,77,118,146.67
21,78,117,133.05
21,79,116,118.53
21,80,115,130.37
21,81,114,128.81
21,82,113,120.07
21,83,112,126.35
21,84,111,126.54
21,85,110,126.83
21,86,109,121.23
21,87,108,117.38
21,88,107,119.08
21,89,106,112.43
21,90,105,117.75
21,91,104,113.27
21,92,103,114.95
21,93,102,104.76
21,94,101,111.26
21,95,100,112.19
21,96,99,114.92
21,97,98,108.51
21,98,97,109.99
21,99,96,112.62
21,100,95,105.27
21,101,94,104.88
21,102,93,99.19
21,103,92,109.95
21,104,91,103.84
21,105,90,109.38
21,106,89,100.66
21,107,88,105.07
21,108,87,105.86
21,109,86,96.42
21,110,85,100.01
21,111,84,93.66
21,112,83,91.84
21,113,82,97.25
21,114,81,97.06
21,115,80,98.02
21,116,79,89.6
21,117,78,88.86
21,118,77,83.26
21,119,76,91.97
21,120,75,90.31
21,121,74,93.25
21,122,73,92.54
21,123,72,89.63
21,124,71,81.94
21,125,70,71.89
21,126,69,78.05
21,127,68,78.83
21,128,67,70.88
21,129,66,68.5
21,130,65,71.72
21,131,64,68.71
21,132,63,87.49
21,133,62,82.42
21,134,61,70.6
21,135,60,68.82
21,136,59,66.88
21,137,58,65.4
21,138,57,63.54
21,139,56,56.57
21,140,55,66.51
21,141,54,55.72
21,142,53,59.67
21,143,52,54.87
21,144,51,53.36
21,145,50,48.49
21,146,49,61.62
21,147,48,50.54
21,148,47,53.66
21,149,46,49.52
21,150,45,47.48
21,151,44,48.94
21,152,43,46.52
21,153,42,43.17
21,154,41,42.83
21,155,40,42.03
21,156,39,41.42
21,157,38,40.22
21,158,37,38.83
21,159,36,36.46
21,160,35,39.85
21,161,34,36.63
21,162,33,36.73
21,163,32,37.59
21,164,31,31.61
21,165,30,30.45
21,166,29,30.02
21,167,28,30.61
21,168,27,28.18
21,169,26,28.32
21,170,25,26.92
21,171,24,25.79
21,172,23,24.68
21,173,22,24.75
21,174,21,22.59
21,175,20,22.02
21,176,19,22.02
21,177,18,19.16
21,178,17,17.65
21,179,16,18.59
21,180,15,16.5
21,181,14,14.85
21,182,13,11.37
21,183,12,13.74
21,184,11,12.14
21,185,10,10.84
21,186,9,9.98
21,187,8,8.2
21,188,7,8.01
21,189,6,8.34
21,190,5,6.55
21,191,4,6.94
21,192,3,4.72
21,193,2,3.7
21,194,1,1.39
21,195,0,0.89
22,1,201,177.98
22,2,200,175.05
22,3,199,164.07
22,4,198,176.97
22,5,197,173.6
22,6,196,175.92
22,7,195,169.2
22,8,194,176.72
22,9,193,170.82
22,10,192,158.72
22,11,191,166.26
22,12,190,161.19
22,13,189,153.95
22,14,188,157.06
22,15,187,164.73
22,16,186,169.36
22,17,185,171.1
22,18,184,168.28
22,19,183,162.11
22,20,182,146.84
22,21,181,166.81
22,22,180,168.25
22,23,179,157.65
22,24,178,161.86
22,25,177,151.25
22,26,176,160.69
22,27,175,157.71
22,28,174,148.35
22,29,173,162.33
22,30,172,154.81
22,31,171,156.97
22,32,170,155.8
22,33,169,162.38
22,34,168,150.11
22,35,167,158.54
22,36,166,150.92
22,37,165,163.87
22,38,164,147.88
22,39,163,143.43
22,40,162,152.91
22,41,161,134.94
22,42,160,147.79
22,43,159,130.81
22,44,158,141.78
22,45,157,145.99
22,46,156,149.71
22,47,155,153.15
22,48,154,131.11
22,49,153,143.47
22,50,152,142.45
22,51,151,143.58
22,52,150,137.83
22,53,149,133.55
22,54,148,130.36
22,55,147,119.57
22,56,146,127.77
22,57,145,134.24
22,58,144,125.06
22,59,143,141.48
22,60,142,131.63
22,61,141,112.03
22,62,140,125.18
22,63,139,139.48
22,64,138,122.89
22,65,137,138.82
22,66,136,116.13
22,67,135,131.31
22,68,134,123.07
22,69,133,122.14
22,70,132,121.05
22,71,131,130.49
22,72,130,136.05
22,73,129,124.92
22,74,128,123.35
22,75,127,136.27
22,76,126,113.56
22,77,125,127.5
22,78,124,106.24
22,79,123,125.28
22,80,122,116.73
22,81,121,99.49
22,82,120,117.4
22,83,119,120.75
22,84,118,107.19
22,85,117,124.82
22,86,116,105.16
22,87,115,102.67
22,88,114,114.36
22,89,113,117.44
22,90,112,101.97
22,91,111,113.5
22,92,110,88.19
22,93,109,99.51
22,94,108,94.37
22,95,107,103.83
22,96,106,101.94
22,97,105,110.67
22,98,104,99.17
22,99,103,107.51
22,100,102,91.36
22,101,101,105.01
22,102,100,91.47
22,103,99,87.29
22,104,98,95.49
22,105,97,86.48
22,106,96,85.04
22,107,95,77.4
22,108,94,84.53
22,109,93,84.76
22,110,92,95.34
22,111,91,90.28
22,112,90,84.22
22,113,89,78.55
22,114,88,83.15
22,115,87,74.46
22,116,86,99.01
22,117,85,92.54
22,118,84,64.48
22,119,83,69.52
22,120,82,87.53
22,121,81,70.0
22,122,80,78.5
22,123,79,78.79
22,124,78,74.99
22,125,77,67.11
22,126,76,72.99
22,127,75,73.73
22,128,74,68.2
22,129,73,73.58
22,130,72,63.09
22,131,71,67.52
22,132,70,65.33
22,133,69,53.87
22,134,68,61.11
22,135,67,59.39
22,136,66,63.1
22,137,65,64.44
22,138,64,61.24
22,139,63,54.6
22,140,62,52.02
22,141,61,56.41
22,142,60,53.28
22,143,59,53.63
22,144,58,54.96
22,145,57,54.06
22,146,56,49.58
22,147,55,57.45
22,148,54,43.45
22,149,53,46.82
22,150,52,47.3
22,151,51,42.17
22,152,50,46.24
22,153,49,45.16
22,154,48,44.34
22,155,47,51.93
22,156,46,38.86
22,157,45,42.77
22,158,44,37.67
22,159,43,33.35
22,160,42,38.33
22,161,41,38.15
22,162,40,34.56
22,163,39,37.52
22,164,38,42.16
22,165,37,36.25
22,166,36,36.22
22,167,35,30.67
22,168,34,32.36
22,169,33,31.49
22,170,32,30.32
22,171,31,25.19
22,172,30,26.92
22,173,29,27.49
22,174,28,24.25
22,175,27,26.14
22,176,26,27.01
22,177,25,25.97
22,178,24,18.45
22,179,23,19.4
22,180,22,20.2
22,181,21,17.8
22,182,20,19.96
22,183,19,15.81
22,184,18,18.06
22,185,17,17.7
22,186,16,15.4
22,187,15,15.72
22,188,14,10.81
22,189,13,13.06
22,190,12,12.37
22,191,11,8.35
22,192,10,9.83
22,193,9,7.2
22,194,8,8.98
22,195,7,5.58
22,196,6,9.07
22,197,5,4.63
22,198,4,4.73
22,199,3,3.3
22,200,2,4.09
22,201,1,2.18
22,202,0,0.7
23,1,167,161.72
23,2,166,155.79
23,3,165,155.05
23,4,164,163.53
23,5,163,153.24
23,6,162,142.65
23,7,161,151.62
23,8,160,153.06
23,9,159,154.55
23,10,158,155.25
23,11,157,160.16
23,12,156,147.12
23,13,155,150.8
23,14,154,152.17
23,15,153,142.32
23,16,152,157.25
23,17,151,151.95
23,18,150,148.31
23,19,149,137.9
23,20,148,146.61
23,21,147,151.41
23,22,146,145.04
23,23,145,146.34
23,24,144,153.25
23,25,143,132.21
23,26,142,148.8
23,27,141,143.9
23,28,140,149.3
23,29,139,145.56
23,30,138,139.04
23,31,137,138.62
23,32,136,139.56
23,33,135,138.6
23,34,134,143.09
23,35,133,136.09
23,36,132,134.76
23,37,131,133.23
23,38,130,149.83
23,39,129,128.03
23,40,128,134.4
23,41,127,127.73
23,42,126,127.89
23,43,125,120.21
23,44,124,120.02
23,45,123,137.58
23,46,122,130.3
23,47,121,124.4
23,48,120,128.01
23,49,119,133.04
23,50,118,129.92
23,51,117,122.96
23,52,116,118.42
23,53,115,131.01
23,54,114,124.65
23,55,113,121.78
23,56,112,114.65
23,57,111,121.86
23,58,110,118.03
23,59,109,120.21
23,60,108,120.16
23,61,107,122.35
23,62,106,123.95
23,63,105,116.72
23,64,104,124.82
23,65,103,121.67
23,66,102,117.2
23,67,101,114.06
23,68,100,111.54
23,69,99,117.49
23,70,98,106.35
23,71,97,109.54
23,72,96,105.46
23,73,95,114.39
23,74,94,104.22
23,75,93,110.81
23,76,92,107.3
23,77,91,104.39
23,78,90,105.18
23,79,89,105.96
23,80,88,107.28
23,81,87,94.63
23,82,86,94.59
23,83,85,94.95
23,84,84,104.18
23,85,83,96.5
23,86,82,97.39
23,87,81,108.55
23,88,80,92.16
23,89,79,96.07
23,90,78,81.77
23,91,77,94.14
23,92,76,90.92
23,93,75,97.02
23,94,74,94.98
23,95,73,78.01
23,96,72,83.32
23,97,71,82.2
23,98,70,86.7
23,99,69,92.04
23,100,68,74.88
23,101,67,83.53
23,102,66,71.46
23,103,65,90.49
23,104,64,80.14
23,105,63,81.36
23,106,62,96.19
23,107,61,74.21
23,108,60,75.83
23,109,59,66.99
23,110,58,79.63
23,111,57,62.28
23,112,56,68.4
23,113,55,57.86
23,114,54,63.31
23,115,53,73.5
23,116,52,54.21
23,117,51,53.24
23,118,50,65.29
23,119,49,54.74
23,120,48,58.36
23,121,47,57.71
23,122,46,63.64
23,123,45,43.11
23,124,44,49.4
23,125,43,57.97
23,126,42,42.17
23,127,41,44.61
23,128,40,42.53
23,129,39,36.6
23,130,38,42.33
23,131,37,33.77
23,132,36,42.68
23,133,35,34.79
23,134,34,36.87
23,135,33,33.14
23,136,32,32.28
23,137,31,39.04
23,138,30,30.94
23,139,29,27.39
23,140,28,32.16
23,141,27,32.68
23,142,26,26.66
23,143,25,28.33
23,144,24,25.59
23,145,23,23.59
23,146,22,22.28
23,147,21,26.55
23,148,20,17.26
23,149,19,18.72
23,150,18,18.1
23,151,17,16.58
23,152,16,15.58
23,153,15,19.64
23,154,14,12.17
23,155,13,16.23
23,156,12,14.99
23,157,11,11.14
23,158,10,10.13
23,159,9,8.7
23,160,8,9.25
23,161,7,7.68
23,162,6,7.54
23,163,5,6.43
23,164,4,4.59
23,165,3,6.54
23,166,2,3.88
23,167,1,2.37
23,168,0,0.94
24,1,146,146.73
24,2,145,161.88
24,3,144,140.61
24,4,143,145.52
24,5,142,150.42
24,6,141,149.38
24,7,140,155.56
24,8,139,140.09
24,9,138,148.42
24,10,137,128.45
24,11,136,140.8
24,12,135,137.45
24,13,134,141.48
24,14,133,132.11
24,15,132,137.66
24,16,131,144.07
24,17,130,145.11
24,18,129,133.11
24,19,128,133.44
24,20,127,136.06
24,21,126,139.98
24,22,125,134.4
24,23,124,125.34
24,24,123,135.6
24,25,122,126.78
24,26,121,134.58
24,27,120,127.2
24,28,119,124.36
24,29,118,140.32
24,30,117,129.1
24,31,116,127.42
24,32,115,138.02
24,33,114,130.28
24,34,113,129.33
24,35,112,123.51
24,36,111,117.24
24,37,110,131.93
24,38,109,123.82
24,39,108,117.55
24,40,107,121.92
24,41,106,120.48
24,42,105,139.72
24,43,104,116.93
24,44,103,124.68
24,45,102,110.13
24,46,101,123.17
24,47,100,116.94
24,48,99,123.74
24,49,98,110.64
24,50,97,115.57
24,51,96,119.93
24,52,95,120.89
24,53,94,109.34
24,54,93,113.45
24,55,92,112.43
24,56,91,108.45
24,57,90,115.32
24,58,89,114.05
24,59,88,100.31
24,60,87,107.73
24,61,86,100.65
24,62,85,108.87
24,63,84,105.84
24,64,83,106.5
24,65,82,100.81
24,66,81,109.96
24,67,80,97.97
24,68,79,103.17
24,69,78,94.52
24,70,77,102.39
24,71,76,79.84
24,72,75,98.56
24,73,74,94.96
24,74,73,84.66
24,75,72,95.49
24,76,71,102.37
24,77,70,80.52
24,78,69,95.98
24,79,68,105.44
24,80,67,92.25
24,81,66,86.92
24,82,65,83.3
24,83,64,84.41
24,84,63,92.98
24,85,62,97.15
24,86,61,84.77
24,87,60,82.38
24,88,59,74.71
24,89,58,92.28
24,90,57,89.54
24,91,56,85.93
24,92,55,84.77
24,93,54,81.52
24,94,53,88.35
24,95,52,71.53
24,96,51,71.81
24,97,50,78.6
24,98,49,64.57
24,99,48,71.75
24,100,47,65.11
24,101,46,72.83
24,102,45,91.52
24,103,44,57.83
24,104,43,73.09
24,105,42,61.38
24,106,41,69.09
24,107,40,64.5
24,108,39,78.12
24,109,38,60.92
24,110,37,67.63
24,111,36,58.18
24,112,35,61.85
24,113,34,46.88
24,114,33,49.51
24,115,32,57.91
24,116,31,48.38
24,117,30,48.52
24,118,29,41.3
24,119,28,44.49
24,120,27,38.51
24,121,26,59.61
24,122,25,33.73
24,123,24,32.8
24,124,23,46.11
24,125,22,32.21
24,126,21,29.09
24,127,20,23.29
24,128,19,26.54
24,129,18,23.54
24,130,17,24.73
24,131,16,20.91
24,132,15,21.65
24,133,14,16.41
24,134,13,15.31
24,135,12,18.95
24,136,11,11.84
24,137,10,12.03
24,138,9,16.79
24,139,8,11.65
24,140,7,9.83
24,141,6,7.82
24,142,5,7.42
24,143,4,3.53
24,144,3,2.72
24,145,2,2.95
24,146,1,1.37
24,147,0,0.73
25,1,229,195.7
25,2,228,204.06
25,3,227,196.74
25,4,226,194.39
25,5,225,199.76
25,6,224,202.52
25,7,223,194.65
25,8,222,198.22
25,9,221,199.86
25,10,220,192.75
25,11,219,189.45
25,12,218,187.05
25,13,217,190.5
25,14,216,194.61
25,15,215,192.94
25,16,214,184.55
25,17,213,182.48
25,18,212,185.55
25,19,211,186.39
25,20,210,182.87
25,21,209,185.33
25,22,208,186.9
25,23,207,186.72
25,24,206,191.83
25,25,205,193.14
25,26,204,185.17
25,27,203,183.16
25,28,202,177.86
25,29,201,178.61
25,30,200,182.58
25,31,199,185.01
25,32,198,179.34
25,33,197,184.03
25,34,196,180.84
25,35,195,183.7
25,36,194,174.31
25,37,193,180.6
25,38,192,184.36
25,39,191,170.37
25,40,190,169.01
25,41,189,171.62
25,42,188,179.48
25,43,187,168.16
25,44,186,181.07
25,45,185,169.76
25,46,184,174.55
25,47,183,160.99
25,48,182,175.49
25,49,181,159.99
25,50,180,170.2
25,51,179,178.05
25,52,178,169.26
25,53,177,167.96
25,54,176,167.94
25,55,175,163.78
25,56,174,163.28
25,57,173,172.91
25,58,172,164.85
25,59,171,164.57
25,60,170,165.66
25,61,169,166.81
25,62,168,153.8
25,63,167,162.89
25,64,166,154.77
25,65,165,151.94
25,66,164,151.51
25,67,163,154.76
25,68,162,158.99
25,69,161,158.75
25,70,160,151.09
25,71,159,153.42
25,72,158,146.5
25,73,157,154.36
25,74,156,154.31
25,75,155,153.53
25,76,154,156.32
25,77,153,148.9
25,78,152,142.84
25,79,151,137.37
25,80,150,156.61
25,81,149,155.96
25,82,148,147.61
25,83,147,145.65
25,84,146,147.84
25,85,145,136.49
25,86,144,131.77
25,87,143,138.02
25,88,142,144.83
25,89,141,152.52
25,90,140,133.39
25,91,139,138.39
25,92,138,137.04
25,93,137,131.03
25,94,136,135.47
25,95,135,138.79
25,96,134,131.7
25,97,133,139.25
25,98,132,140.12
25,99,131,128.87
25,100,130,132.13
25,101,129,135.42
25,102,128,137.78
25,103,127,130.21
25,104,126,126.85
25,105,125,133.88
25,106,124,123.27
25,107,123,124.6
25,108,122,123.61
25,109,121,132.95
25,110,120,134.61
25,111,119,127.55
25,112,118,115.6
25,113,117,110.62
25,114,116,120.05
25,115,115,117.18
25,116,114,122.98
25,117,113,115.45
25,118,112,124.66
25,119,111,117.36
25,120,110,116.28
25,121,109,109.88
25,122,108,115.91
25,123,107,125.33
25,124,106,129.26
25,125,105,107.03
25,126,104,107.28
25,127,103,105.58
25,128,102,101.65
25,129,101,112.25
25,130,100,102.0
25,131,99,110.54
25,132,98,107.85
25,133,97,98.67
25,134,96,111.28
25,135,95,97.18
25,136,94,107.96
25,137,93,89.55
25,138,92,106.49
25,139,91,101.95
25,140,90,99.34
25,141,89,93.99
25,142,88,84.05
25,143,87,89.11
25,144,86,99.89
25,145,85,96.62
25,146,84,86.72
25,147,83,80.93
25,148,82,80.3
25,149,81,79.98
25,150,80,85.95
25,151,79,91.02
25,152,78,97.66
25,153,77,72.38
25,154,76,82.9
25,155,75,77.93
25,156,74,81.67
25,157,73,78.04
25,158,72,70.34
25,159,71,76.02
25,160,70,71.36
25,161,69,70.41
25,162,68,73.8
25,163,67,78.88
25,164,66,65.39
25,165,65,69.07
25,166,64,60.17
25,167,63,65.91
25,168,62,68.72
25,169,61,70.96
25,170,60,59.94
25,171,59,60.87
25,172,58,61.89
25,173,57,62.97
25,174,56,62.48
25,175,55,52.52
25,176,54,53.36
25,177,53,54.47
25,178,52,49.55
25,179,51,51.03
25,180,50,46.87
25,181,49,53.36
25,182,48,45.36
25,183,47,47.24
25,184,46,45.6
25,185,45,47.02
25,186,44,43.9
25,187,43,39.59
25,188,42,44.06
25,189,41,36.18
25,190,40,40.89
25,191,39,39.72
25,192,38,36.3
25,193,37,34.48
25,194,36,35.03
25,195,35,34.04
25,196,34,33.23
25,197,33,37.28
25,198,32,31.63
25,199,31,32.06
25,200,30,29.89
25,201,29,28.52
25,202,28,27.38
25,203,27,27.1
25,204,26,28.68
25,205,25,27.38
25,206,24,24.74
25,207,23,23.99
25,208,22,22.08
25,209,21,23.77
25,210,20,18.51
25,211,19,18.95
25,212,18,16.95
25,213,17,16.54
25,214,16,17.46
25,215,15,17.24
25,216,14,14.29
25,217,13,13.17
25,218,12,12.23
25,219,11,10.87
25,220,10,9.23
25,221,9,10.32
25,222,8,8.41
25,223,7,7.54
25,224,6,5.95
25,225,5,4.95
25,226,4,5.64
25,227,3,3.94
25,228,2,2.46
25,229,1,3.67
25,230,0,1.9
26,1,198,179.44
26,2,197,185.73
26,3,196,181.5
26,4,195,172.12
26,5,194,182.46
26,6,193,168.99
26,7,192,179.81
26,8,191,161.13
26,9,190,174.81
26,10,189,177.64
26,11,188,179.11
26,12,187,175.08
26,13,186,165.34
26,14,185,175.65
26,15,184,172.48
26,16,183,159.86
26,17,182,167.79
26,18,181,163.56
26,19,180,167.68
26,20,179,151.15
26,21,178,160.67
26,22,177,168.48
26,23,176,167.55
26,24,175,166.92
26,25,174,160.43
26,26,173,172.13
26,27,172,164.4
26,28,171,159.31
26,29,170,158.89
26,30,169,158.47
26,31,168,159.1
26,32,167,157.17
26,33,166,156.31
26,34,165,161.33
26,35,164,155.06
26,36,163,161.28
26,37,162,153.7
26,38,161,153.23
26,39,160,157.29
26,40,159,151.9
26,41,158,148.03
26,42,157,158.29
26,43,156,139.73
26,44,155,149.6
26,45,154,152.4
26,46,153,139.09
26,47,152,148.35
26,48,151,152.26
26,49,150,142.99
26,50,149,146.49
26,51,148,137.44
26,52,147,139.48
26,53,146,124.28
26,54,145,144.13
26,55,144,142.66
26,56,143,145.32
26,57,142,135.22
26,58,141,139.17
26,59,140,133.45
26,60,139,140.71
26,61,138,132.5
26,62,137,139.66
26,63,136,128.39
26,64,135,128.13
26,65,134,132.48
26,66,133,130.21
26,67,132,140.5
26,68,131,123.62
26,69,130,132.13
26,70,129,139.98
26,71,128,127.97
26,72,127,131.88
26,73,126,122.24
26,74,125,125.78
26,75,124,119.59
26,76,123,108.91
26,77,122,133.17
26,78,121,126.36
26,79,120,128.64
26,80,119,117.1
26,81,118,119.81
26,82,117,125.59
26,83,116,125.31
26,84,115,108.54
26,85,114,114.02
26,86,113,107.06
26,87,112,106.48
26,88,111,108.08
26,89,110,98.66
26,90,109,109.4
26,91,108,114.63
26,92,107,114.07
26,93,106,98.5
26,94,105,93.85
26,95,104,113.25
26,96,103,108.72
26,97,102,105.13
26,98,101,114.77
26,99,100,105.98
26,100,99,103.85
26,101,98,113.07
26,102,97,99.33
26,103,96,101.18
26,104,95,108.5
26,105,94,95.03
26,106,93,97.89
26,107,92,105.11
26,108,91,87.75
26,109,90,99.19
26,110,89,96.89
26,111,88,95.4
26,112,87,88.21
26,113,86,101.13
26,114,85,87.24
26,115,84,93.5
26,116,83,82.76
26,117,82,102.68
26,118,81,97.54
26,119,80,103.21
26,120,79,82.89
26,121,78,81.48
26,122,77,88.4
26,123,76,80.87
26,124,75,96.5
26,125,74,70.95
26,126,73,81.97
26,127,72,80.62
26,128,71,77.25
26,129,70,76.59
26,130,69,63.09
26,131,68,77.02
26,132,67,70.71
26,133,66,67.8
26,134,65,76.26
26,135,64,77.51
26,136,63,63.64
26,137,62,71.27
26,138,61,62.64
26,139,60,68.74
26,140,59,57.56
26,141,58,60.71
26,142,57,57.78
26,143,56,55.71
26,144,55,58.16
26,145,54,53.25
26,146,53,50.75
26,147,52,58.08
26,148,51,48.35
26,149,50,51.51
26,150,49,47.94
26,151,48,50.3
26,152,47,45.97
26,153,46,47.07
26,154,45,45.12
26,155,44,44.45
26,156,43,44.66
26,157,42,42.06
26,158,41,42.85
26,159,40,41.47
26,160,39,41.99
26,161,38,36.55
26,162,37,38.02
26,163,36,39.39
26,164,35,38.87
26,165,34,33.05
26,166,33,32.2
26,167,32,32.59
26,168,31,31.79
26,169,30,33.7
26,170,29,28.6
26,171,28,28.16
26,172,27,33.52
26,173,26,26.48
26,174,25,24.92
26,175,24,24.58
26,176,23,23.08
26,177,22,22.15
26,178,21,21.72
26,179,20,21.13
26,180,19,20.55
26,181,18,18.14
26,182,17,17.42
26,183,16,15.46
26,184,15,16.69
26,185,14,14.68
26,186,13,13.68
26,187,12,11.76
26,188,11,11.41
26,189,10,9.78
26,190,9,10.97
26,191,8,8.24
26,192,7,7.22
26,193,6,6.64
26,194,5,5.63
26,195,4,5.31
26,196,3,4.17
26,197,2,2.66
26,198,1,2.96
26,199,0,0.7
27,1,155,148.52
27,2,154,153.78
27,3,153,147.97
27,4,152,137.45
27,5,151,157.86
27,6,150,146.75
27,7,149,131.23
27,8,148,140.71
27,9,147,145.67
27,10,146,137.96
27,11,145,141.02
27,12,144,134.34
27,13,143,131.55
27,14,142,143.43
27,15,141,131.99
27,16,140,131.63
27,17,139,136.35
27,18,138,145.29
27,19,137,136.02
27,20,136,133.31
27,21,135,134.12
27,22,134,131.01
27,23,133,136.2
27,24,132,109.97
27,25,131,141.08
27,26,130,127.81
27,27,129,128.39
27,28,128,131.84
27,29,127,133.81
27,30,126,132.45
27,31,125,127.8
27,32,124,121.76
27,33,123,123.94
27,34,122,136.96
27,35,121,123.87
27,36,120,126.12
27,37,119,120.7
27,38,118,120.61
27,39,117,119.53
27,40,116,114.25
27,41,115,116.91
27,42,114,118.07
27,43,113,116.51
27,44,112,113.34
27,45,111,104.78
27,46,110,118.99
27,47,109,109.08
27,48,108,116.36
27,49,107,99.99
27,50,106,105.03
27,51,105,113.43
27,52,104,111.31
27,53,103,116.56
27,54,102,102.0
27,55,101,113.0
27,56,100,114.3
27,57,99,103.73
27,58,98,104.84
27,59,97,102.18
27,60,96,86.83
27,61,95,88.44
27,62,94,110.05
27,63,93,102.63
27,64,92,100.37
27,65,91,107.45
27,66,90,91.04
27,67,89,104.06
27,68,88,92.94
27,69,87,99.89
27,70,86,101.14
27,71,85,91.1
27,72,84,98.43
27,73,83,82.46
27,74,82,99.23
27,75,81,84.16
27,76,80,101.76
27,77,79,83.42
27,78,78,80.4
27,79,77,79.75
27,80,76,80.35
27,81,75,86.94
27,82,74,88.6
27,83,73,75.12
27,84,72,79.61
27,85,71,75.26
27,86,70,72.59
27,87,69,80.35
27,88,68,76.39
27,89,67,72.69
27,90,66,70.38
27,91,65,68.86
27,92,64,64.69
27,93,63,63.92
27,94,62,64.01
27,95,61,60.61
27,96,60,60.88
27,97,59,61.63
27,98,58,58.71
27,99,57,61.81
27,100,56,62.58
27,101,55,58.78
27,102,54,52.92
27,103,53,59.56
27,104,52,54.52
27,105,51,57.65
27,106,50,55.13
27,107,49,52.87
27,108,48,54.77
27,109,47,49.43
27,110,46,46.99
27,111,45,48.24
27,112,44,44.92
27,113,43,48.93
27,114,42,46.18
27,115,41,47.11
27,116,40,41.33
27,117,39,41.09
27,118,38,41.95
27,119,37,42.61
27,120,36,39.02
27,121,35,42.08
27,122,34,36.72
27,123,33,35.09
27,124,32,36.82
27,125,31,37.83
27,126,30,32.34
27,127,29,33.56
27,128,28,31.02
27,129,27,31.28
27,130,26,30.06
27,131,25,30.93
27,132,24,28.05
27,133,23,26.69
27,134,22,26.7
27,135,21,29.84
27,136,20,21.91
27,137,19,21.6
27,138,18,19.37
27,139,17,20.58
27,140,16,19.09
27,141,15,17.0
27,142,14,17.14
27,143,13,15.78
27,144,12,12.93
27,145,11,12.51
27,146,10,11.27
27,147,9,11.56
27,148,8,10.34
27,149,7,8.96
27,150,6,7.62
27,151,5,5.73
27,152,4,6.01
27,153,3,4.91
27,154,2,2.89
27,155,1,2.92
27,156,0,2.17
28,1,164,172.95
28,2,163,174.59
28,3,162,163.91
28,4,161,168.84
28,5,160,172.21
28,6,159,157.91
28,7,158,171.89
28,8,157,162.15
28,9,156,167.43
28,10,155,159.89
28,11,154,165.0
28,12,153,162.08
28,13,152,165.98
28,14,151,172.48
28,15,150,183.7
28,16,149,155.55
28,17,148,166.22
28,18,147,153.93
28,19,146,164.71
28,20,145,155.43
28,21,144,151.44
28,22,143,156.62
28,23,142,150.58
28,24,141,149.78
28,25,140,156.68
28,26,139,159.94
28,27,138,150.08
28,28,137,165.53
28,29,136,149.8
28,30,135,144.14
28,31,134,148.18
28,32,133,152.85
28,33,132,146.19
28,34,131,145.92
28,35,130,151.53
28,36,129,146.33
28,37,128,149.32
28,38,127,143.98
28,39,126,141.64
28,40,125,139.82
28,41,124,151.91
28,42,123,145.76
28,43,122,144.91
28,44,121,148.31
28,45,120,144.19
28,46,119,135.2
28,47,118,141.9
28,48,117,142.02
28,49,116,137.97
28,50,115,136.61
28,51,114,138.58
28,52,113,127.61
28,53,112,142.88
28,54,111,130.82
28,55,110,123.53
28,56,109,135.07
28,57,108,119.03
28,58,107,134.42
28,59,106,142.18
28,60,105,124.26
28,61,104,122.43
28,62,103,133.53
28,63,102,121.49
28,64,101,122.38
28,65,100,130.37
28,66,99,121.05
28,67,98,115.57
28,68,97,122.61
28,69,96,114.93
28,70,95,121.42
28,71,94,125.1
28,72,93,126.14
28,73,92,117.54
28,74,91,114.43
28,75,90,114.02
28,76,89,118.77
28,77,88,110.08
28,78,87,121.26
28,79,86,108.59
28,80,85,113.45
28,81,84,131.2
28,82,83,116.57
28,83,82,106.38
28,84,81,97.16
28,85,80,103.39
28,86,79,101.47
28,87,78,102.26
28,88,77,97.96
28,89,76,94.64
28,90,75,95.61
28,91,74,98.11
28,92,73,100.27
28,93,72,86.93
28,94,71,95.12
28,95,70,82.44
28,96,69,96.78
28,97,68,107.42
28,98,67,86.34
28,99,66,103.53
28,100,65,102.27
28,101,64,84.31
28,102,63,76.96
28,103,62,92.04
28,104,61,81.76
28,105,60,83.48
28,106,59,71.96
28,107,58,76.02
28,108,57,71.15
28,109,56,82.85
28,110,55,77.21
28,111,54,76.78
28,112,53,79.34
28,113,52,63.78
28,114,51,84.44
28,115,50,63.8
28,116,49,74.25
28,117,48,83.35
28,118,47,65.32
28,119,46,53.9
28,120,45,70.19
28,121,44,62.57
28,122,43,66.33
28,123,42,60.52
28,124,41,69.16
28,125,40,61.39
28,126,39,50.23
28,127,38,52.72
28,128,37,55.36
28,129,36,54.78
28,130,35,45.72
28,131,34,47.26
28,132,33,43.54
28,133,32,44.06
28,134,31,42.65
28,135,30,41.3
28,136,29,36.89
28,137,28,36.99
28,138,27,32.06
28,139,26,35.28
28,140,25,35.09
28,141,24,32.16
28,142,23,33.54
28,143,22,33.35
28,144,21,32.31
28,145,20,29.01
28,146,19,25.81
28,147,18,23.31
28,148,17,22.3
28,149,16,25.47
28,150,15,21.78
28,151,14,17.98
28,152,13,17.25
28,153,12,18.64
28,154,11,17.51
28,155,10,17.89
28,156,9,13.28
28,157,8,9.72
28,158,7,10.17
28,159,6,8.33
28,160,5,7.54
28,161,4,7.33
28,162,3,3.67
28,163,2,4.08
28,164,1,2.97
28,165,0,1.37
29,1,162,161.09
29,2,161,149.52
29,3,160,149.84
29,4,159,152.94
29,5,158,155.51
29,6,157,146.88
29,7,156,162.27
29,8,155,167.27
29,9,154,147.08
29,10,153,147.33
29,11,152,151.46
29,12,151,141.85
29,13,150,151.26
29,14,149,151.95
29,15,148,164.22
29,16,147,148.32
29,17,146,147.47
29,18,145,152.31
29,19,144,145.59
29,20,143,157.81
29,21,142,146.27
29,22,141,150.26
29,23,140,136.03
29,24,139,135.08
29,25,138,125.88
29,26,137,144.41
29,27,136,134.45
29,28,135,143.08
29,29,134,132.93
29,30,133,126.54
29,31,132,130.63
29,32,131,137.0
29,33,130,133.72
29,34,129,131.15
29,35,128,132.78
29,36,127,121.99
29,37,126,125.05
29,38,125,129.42
29,39,124,132.35
29,40,123,129.89
29,41,122,137.43
29,42,121,131.2
29,43,120,134.71
29,44,119,136.02
29,45,118,137.42
29,46,117,118.12
29,47,116,121.54
29,48,115,126.92
29,49,114,120.57
29,50,113,117.01
29,51,112,129.35
29,52,111,123.56
29,53,110,114.98
29,54,109,127.12
29,55,108,121.01
29,56,107,104.47
29,57,106,121.95
29,58,105,125.66
29,59,104,118.81
29,60,103,116.41
29,61,102,113.77
29,62,101,108.92
29,63,100,111.73
29,64,99,125.93
29,65,98,114.5
29,66,97,114.16
29,67,96,107.67
29,68,95,101.65
29,69,94,97.12
29,70,93,121.6
29,71,92,96.61
29,72,91,103.11
29,73,90,99.07
29,74,89,103.64
29,75,88,93.05
29,76,87,91.05
29,77,86,95.65
29,78,85,110.83
29,79,84,100.02
29,80,83,101.78
29,81,82,91.84
29,82,81,86.83
29,83,80,98.76
29,84,79,96.63
29,85,78,92.17
29,86,77,91.04
29,87,76,106.79
29,88,75,98.98
29,89,74,86.76
29,90,73,80.12
29,91,72,104.04
29,92,71,86.26
29,93,70,79.83
29,94,69,90.03
29,95,68,85.46
29,96,67,77.33
29,97,66,72.05
29,98,65,72.44
29,99,64,83.43
29,100,63,82.42
29,101,62,76.84
29,102,61,75.36
29,103,60,90.62
29,104,59,71.38
29,105,58,75.83
29,106,57,82.92
29,107,56,74.81
29,108,55,66.77
29,109,54,69.93
29,110,53,68.12
29,111,52,64.09
29,112,51,62.9
29,113,50,77.77
29,114,49,62.5
29,115,48,66.73
29,116,47,63.01
29,117,46,54.53
29,118,45,64.05
29,119,44,61.18
29,120,43,48.38
29,121,42,56.55
29,122,41,64.69
29,123,40,57.78
29,124,39,52.44
29,125,38,52.91
29,126,37,49.48
29,127,36,52.64
29,128,35,44.23
29,129,34,39.82
29,130,33,41.16
29,131,32,40.11
29,132,31,41.08
29,133,30,34.36
29,134,29,36.66
29,135,28,27.84
29,136,27,35.09
29,137,26,32.14
29,138,25,28.3
29,139,24,26.47
29,140,23,30.09
29,141,22,32.99
29,142,21,23.29
29,143,20,23.6
29,144,19,18.09
29,145,18,16.02
29,146,17,21.5
29,147,16,17.8
29,148,15,18.22
29,149,14,15.2
29,150,13,11.58
29,151,12,12.85
29,152,11,11.73
29,153,10,12.37
29,154,9,7.09
29,155,8,11.52
29,156,7,8.5
29,157,6,7.57
29,158,5,4.17
29,159,4,3.68
29,160,3,3.31
29,161,2,2.66
29,162,1,2.63
29,163,0,1.0
30,1,193,186.67
30,2,192,183.42
30,3,191,186.73
30,4,190,190.83
30,5,189,185.56
30,6,188,193.77
30,7,187,184.81
30,8,186,181.87
30,9,185,182.34
30,10,184,193.18
30,11,183,187.46
30,12,182,182.01
30,13,181,181.71
30,14,180,184.47
30,15,179,179.53
30,16,178,183.86
30,17,177,183.19
30,18,176,181.4
30,19,175,182.23
30,20,174,185.82
30,21,173,177.1
30,22,172,171.37
30,23,171,182.1
30,24,170,176.75
30,25,169,165.63
30,26,168,178.64
30,27,167,180.44
30,28,166,170.77
30,29,165,176.46
30,30,164,169.51
30,31,163,167.79
30,32,162,166.26
30,33,161,173.09
30,34,160,162.55
30,35,159,166.27
30,36,158,164.39
30,37,157,165.17
30,38,156,156.72
30,39,155,165.75
30,40,154,166.44
30,41,153,173.61
30,42,152,163.85
30,43,151,163.18
30,44,150,156.47
30,45,149,152.81
30,46,148,170.52
30,47,147,159.77
30,48,146,150.58
30,49,145,150.68
30,50,144,147.32
30,51,143,153.94
30,52,142,154.14
30,53,141,161.46
30,54,140,150.08
30,55,139,154.38
30,56,138,147.5
30,57,137,158.14
30,58,136,150.15
30,59,135,145.66
30,60,134,155.86
30,61,133,146.94
30,62,132,146.3
30,63,131,144.71
30,64,130,144.22
30,65,129,137.05
30,66,128,147.72
30,67,127,145.51
30,68,126,139.41
30,69,125,141.66
30,70,124,134.81
30,71,123,139.47
30,72,122,134.22
30,73,121,145.57
30,74,120,129.5
30,75,119,140.3
30,76,118,139.68
30,77,117,136.0
30,78,116,127.27
30,79,115,122.74
30,80,114,134.37
30,81,113,126.03
30,82,112,126.29
30,83,111,131.13
30,84,110,128.97
30,85,109,128.46
30,86,108,127.53
30,87,107,134.51
30,88,106,142.57
30,89,105,129.78
30,90,104,130.81
30,91,103,120.91
30,92,102,126.9
30,93,101,131.7
30,94,100,117.24
30,95,99,134.55
30,96,98,117.46
30,97,97,116.49
30,98,96,115.96
30,99,95,110.79
30,100,94,107.71
30,101,93,122.0
30,102,92,123.78
30,103,91,115.07
30,104,90,114.76
30,105,89,110.19
30,106,88,110.06
30,107,87,112.13
30,108,86,116.72
30,109,85,108.03
30,110,84,109.51
30,111,83,115.16
30,112,82,100.9
30,113,81,115.68
30,114,80,108.14
30,115,79,100.62
30,116,78,107.65
30,117,77,115.4
30,118,76,121.08
30,119,75,103.2
30,120,74,110.27
30,121,73,133.22
30,122,72,93.9
30,123,71,86.47
30,124,70,108.99
30,125,69,92.63
30,126,68,108.45
30,127,67,101.16
30,128,66,91.01
30,129,65,94.07
30,130,64,97.93
30,131,63,89.77
30,132,62,85.4
30,133,61,91.46
30,134,60,91.55
30,135,59,97.59
30,136,58,89.97
30,137,57,92.24
30,138,56,72.64
30,139,55,72.65
30,140,54,89.16
30,141,53,79.3
30,142,52,81.28
30,143,51,92.36
30,144,50,77.72
30,145,49,84.58
30,146,48,69.65
30,147,47,66.58
30,148,46,72.2
30,149,45,70.0
30,150,44,69.82
30,151,43,62.83
30,152,42,66.37
30,153,41,65.76
30,154,40,65.06
30,155,39,71.37
30,156,38,77.14
30,157,37,52.3
30,158,36,49.07
30,159,35,65.17
30,160,34,50.65
30,161,33,57.18
30,162,32,57.0
30,163,31,42.44
30,164,30,41.09
30,165,29,50.79
30,166,28,54.9
30,167,27,47.9
30,168,26,37.71
30,169,25,34.3
30,170,24,35.49
30,171,23,40.42
30,172,22,37.09
30,173,21,26.27
30,174,20,24.23
30,175,19,26.01
30,176,18,20.31
30,177,17,22.4
30,178,16,21.44
30,179,15,24.28
30,180,14,16.6
30,181,13,18.6
30,182,12,16.04
30,183,11,15.62
30,184,10,12.61
30,185,9,11.29
30,186,8,11.92
30,187,7,7.91
30,188,6,7.77
30,189,5,5.89
30,190,4,6.43
30,191,3,3.54
30,192,2,3.1
30,193,1,2.25
30,194,0,1.28
31,1,233,215.24
31,2,232,211.94
31,3,231,213.96
31,4,230,226.04
31,5,229,205.2
31,6,228,212.52
31,7,227,221.7
31,8,226,210.6
31,9,225,212.04
31,10,224,210.36
31,11,223,218.01
31,12,222,205.72
31,13,221,199.81
31,14,220,201.3
31,15,219,214.47
31,16,218,211.23
31,17,217,204.94
31,18,216,216.64
31,19,215,198.67
31,20,214,199.28
31,21,213,191.49
31,22,212,200.49
31,23,211,192.24
31,24,210,210.9
31,25,209,183.51
31,26,208,200.52
31,27,207,200.59
31,28,206,202.71
31,29,205,191.5
31,30,204,186.28
31,31,203,195.17
31,32,202,184.53
31,33,201,194.55
31,34,200,201.52
31,35,199,192.4
31,36,198,201.89
31,37,197,193.88
31,38,196,188.8
31,39,195,189.66
31,40,194,178.44
31,41,193,186.08
31,42,192,193.18
31,43,191,191.43
31,44,190,190.98
31,45,189,178.98
31,46,188,189.45
31,47,187,184.66
31,48,186,185.9
31,49,185,182.34
31,50,184,183.91
31,51,183,181.46
31,52,182,181.58
31,53,181,175.23
31,54,180,177.57
31,55,179,179.19
31,56,178,187.48
31,57,177,180.37
31,58,176,179.78
31,59,175,176.24
31,60,174,172.76
31,61,173,177.29
31,62,172,175.85
31,63,171,164.5
31,64,170,168.8
31,65,169,166.35
31,66,168,161.13
31,67,167,170.58
31,68,166,164.2
31,69,165,170.18
31,70,164,165.95
31,71,163,170.85
31,72,162,175.04
31,73,161,173.18
31,74,160,161.77
31,75,159,163.94
31,76,158,163.84
31,77,157,167.33
31,78,156,157.73
31,79,155,169.04
31,80,154,153.69
31,81,153,153.09
31,82,152,152.68
31,83,151,154.03
31,84,150,157.81
31,85,149,152.87
31,86,148,157.44
31,87,147,156.93
31,88,146,154.42
31,89,145,152.11
31,90,144,151.97
31,91,143,151.9
31,92,142,158.42
31,93,141,165.69
31,94,140,139.87
31,95,139,145.11
31,96,138,163.3
31,97,137,148.3
31,98,136,152.55
31,99,135,139.92
31,100,134,149.94
31,101,133,150.0
31,102,132,141.23
31,103,131,143.94
31,104,130,145.08
31,105,129,152.01
31,106,128,140.47
31,107,127,133.12
31,108,126,149.78
31,109,125,147.38
31,110,124,141.47
31,111,123,136.58
31,112,122,142.39
31,113,121,147.14
31,114,120,135.07
31,115,119,146.48
31,116,118,140.52
31,117,117,135.0
31,118,116,128.72
31,119,115,130.72
31,120,114,136.06
31,121,113,130.08
31,122,112,143.03
31,123,111,121.73
31,124,110,128.76
31,125,109,131.66
31,126,108,137.3
31,127,107,120.97
31,128,106,130.18
31,129,105,113.17
31,130,104,125.4
31,131,103,129.7
31,132,102,115.82
31,133,101,117.28
31,134,100,125.14
31,135,99,129.94
31,136,98,118.64
31,137,97,125.03
31,138,96,114.62
31,139,95,117.34
31,140,94,116.39
31,141,93,114.99
31,142,92,122.07
31,143,91,113.49
31,144,90,107.27
31,145,89,105.04
31,146,88,102.66
31,147,87,115.64
31,148,86,117.89
31,149,85,125.56
31,150,84,106.04
31,151,83,121.15
31,152,82,103.97
31,153,81,102.87
31,154,80,108.55
31,155,79,100.06
31,156,78,99.67
31,157,77,94.15
31,158,76,88.48
31,159,75,97.39
31,160,74,96.3
31,161,73,88.48
31,162,72,89.11
31,163,71,88.63
31,164,70,99.14
31,165,69,96.53
31,166,68,96.75
31,167,67,80.58
31,168,66,99.66
31,169,65,81.3
31,170,64,100.29
31,171,63,89.97
31,172,62,78.89
31,173,61,81.41
31,174,60,84.08
31,175,59,69.27
31,176,58,84.18
31,177,57,82.91
31,178,56,76.63
31,179,55,81.1
31,180,54,77.46
31,181,53,77.35
31,182,52,79.95
31,183,51,82.33
31,184,50,80.74
31,185,49,65.05
31,186,48,66.56
31,187,47,67.71
31,188,46,69.64
31,189,45,62.23
31,190,44,65.26
31,191,43,55.95
31,192,42,70.73
31,193,41,58.65
31,194,40,49.27
31,195,39,55.57
31,196,38,49.95
31,197,37,42.64
31,198,36,47.31
31,199,35,47.6
31,200,34,46.92
31,201,33,33.43
31,202,32,37.57
31,203,31,30.68
31,204,30,39.58
31,205,29,31.89
31,206,28,30.49
31,207,27,32.16
31,208,26,29.96
31,209,25,29.58
31,210,24,28.34
31,211,23,22.06
31,212,22,23.92
31,213,21,29.02
31,214,20,20.54
31,215,19,22.13
31,216,18,21.31
31,217,17,18.96
31,218,16,15.7
31,219,15,14.98
31,220,14,17.71
31,221,13,11.72
31,222,12,16.42
31,223,11,11.45
31,224,10,8.59
31,225,9,10.54
31,226,8,8.3
31,227,7,7.2
31,228,6,7.97
31,229,5,3.96
31,230,4,5.14
31,231,3,3.21
31,232,2,2.73
31,233,1,3.98
31,234,0,2.85
32,1,190,155.34
32,2,189,167.31
32,3,188,170.54
32,4,187,176.23
32,5,186,179.34
32,6,185,171.89
32,7,184,160.73
32,8,183,160.2
32,9,182,164.82
32,10,181,159.68
32,11,180,169.96
32,12,179,172.59
32,13,178,159.35
32,14,177,170.04
32,15,176,161.27
32,16,175,156.41
32,17,174,153.02
32,18,173,158.59
32,19,172,166.91
32,20,171,145.51
32,21,170,148.25
32,22,169,166.0
32,23,168,155.74
32,24,167,159.55
32,25,166,152.44
32,26,165,154.77
32,27,164,149.61
32,28,163,157.04
32,29,162,147.62
32,30,161,150.75
32,31,160,152.25
32,32,159,150.31
32,33,158,151.27
32,34,157,148.22
32,35,156,149.23
32,36,155,147.39
32,37,154,154.47
32,38,153,157.91
32,39,152,145.38
32,40,151,146.35
32,41,150,135.97
32,42,149,140.9
32,43,148,143.72
32,44,147,141.83
32,45,146,152.51
32,46,145,136.08
32,47,144,137.84
32,48,143,151.86
32,49,142,119.61
32,50,141,138.01
32,51,140,143.84
32,52,139,135.86
32,53,138,135.92
32,54,137,138.95
32,55,136,138.64
32,56,135,127.94
32,57,134,142.21
32,58,133,127.74
32,59,132,121.61
32,60,131,131.79
32,61,130,135.99
32,62,129,126.23
32,63,128,119.47
32,64,127,126.04
32,65,126,126.44
32,66,125,103.06
32,67,124,125.31
32,68,123,128.2
32,69,122,131.78
32,70,121,126.32
32,71,120,125.64
32,72,119,113.98
32,73,118,113.6
32,74,117,123.89
32,75,116,112.4
32,76,115,125.16
32,77,114,119.97
32,78,113,118.39
32,79,112,118.71
32,80,111,117.46
32,81,110,108.54
32,82,109,117.46
32,83,108,110.9
32,84,107,106.95
32,85,106,106.13
32,86,105,105.83
32,87,104,107.25
32,88,103,88.29
32,89,102,109.65
32,90,101,111.07
32,91,100,91.1
32,92,99,106.22
32,93,98,97.09
32,94,97,97.77
32,95,96,94.84
32,96,95,85.28
32,97,94,95.74
32,98,93,89.45
32,99,92,102.05
32,100,91,94.46
32,101,90,89.77
32,102,89,94.36
32,103,88,78.19
32,104,87,83.44
32,105,86,74.21
32,106,85,89.7
32,107,84,82.05
32,108,83,95.94
32,109,82,91.41
32,110,81,74.02
32,111,80,86.04
32,112,79,88.58
32,113,78,71.38
32,114,77,87.63
32,115,76,70.86
32,116,75,78.02
32,117,74,78.84
32,118,73,65.26
32,119,72,73.64
32,120,71,67.9
32,121,70,82.13
32,122,69,64.0
32,123,68,62.71
32,124,67,70.7
32,125,66,72.81
32,126,65,74.22
32,127,64,72.25
32,128,63,62.63
32,129,62,62.5
32,130,61,74.45
32,131,60,58.58
32,132,59,52.75
32,133,58,61.44
32,134,57,54.18
32,135,56,58.28
32,136,55,51.1
32,137,54,54.1
32,138,53,56.07
32,139,52,52.89
32,140,51,52.93
32,141,50,49.43
32,142,49,51.09
32,143,48,44.09
32,144,47,53.3
32,145,46,44.78
32,146,45,45.97
32,147,44,52.8
32,148,43,45.42
32,149,42,47.74
32,150,41,43.13
32,151,40,38.75
32,152,39,42.73
32,153,38,38.43
32,154,37,33.31
32,155,36,36.78
32,156,35,36.29
32,157,34,37.25
32,158,33,30.19
32,159,32,27.64
32,160,31,33.54
32,161,30,24.16
32,162,29,29.47
32,163,28,26.91
32,164,27,26.24
32,165,26,22.44
32,166,25,22.33
32,167,24,21.18
32,168,23,21.67
32,169,22,21.64
32,170,21,21.18
32,171,20,20.97
32,172,19,15.29
32,173,18,15.16
32,174,17,16.86
32,175,16,17.22
32,176,15,16.08
32,177,14,12.61
32,178,13,10.15
32,179,12,11.96
32,180,11,11.32
32,181,10,8.91
32,182,9,11.96
32,183,8,8.74
32,184,7,9.41
32,185,6,7.52
32,186,5,5.57
32,187,4,5.34
32,188,3,4.62
32,189,2,3.05
32,190,1,1.57
32,191,0,0.47
33,1,199,195.59
33,2,198,195.45
33,3,197,178.46
33,4,196,190.71
33,5,195,189.1
33,6,194,187.9
33,7,193,181.38
33,8,192,191.62
33,9,191,187.25
33,10,190,187.12
33,11,189,178.64
33,12,188,185.17
33,13,187,188.26
33,14,186,186.07
33,15,185,186.43
33,16,184,191.77
33,17,183,191.24
33,18,182,188.22
33,19,181,179.85
33,20,180,180.2
33,21,179,176.54
33,22,178,180.88
33,23,177,175.62
33,24,176,193.53
33,25,175,173.77
33,26,174,170.43
33,27,173,191.2
33,28,172,175.83
33,29,171,179.34
33,30,170,172.32
33,31,169,178.74
33,32,168,176.83
33,33,167,175.88
33,34,166,165.85
33,35,165,169.84
33,36,164,173.64
33,37,163,166.66
33,38,162,167.83
33,39,161,171.75
33,40,160,177.29
33,41,159,162.66
33,42,158,166.13
33,43,157,169.94
33,44,156,166.52
33,45,155,166.46
33,46,154,170.98
33,47,153,163.24
33,48,152,155.92
33,49,151,163.63
33,50,150,159.5
33,51,149,152.15
33,52,148,158.26
33,53,147,157.89
33,54,146,162.55
33,55,145,154.95
33,56,144,161.28
33,57,143,161.18
33,58,142,154.15
33,59,141,152.53
33,60,140,152.47
33,61,139,143.5
33,62,138,146.51
33,63,137,153.24
33,64,136,142.84
33,65,135,148.98
33,66,134,153.78
33,67,133,132.93
33,68,132,158.67
33,69,131,137.4
33,70,130,143.86
33,71,129,146.8
33,72,128,150.93
33,73,127,144.76
33,74,126,134.74
33,75,125,139.53
33,76,124,142.83
33,77,123,140.97
33,78,122,136.67
33,79,121,148.27
33,80,120,140.18
33,81,119,145.0
33,82,118,135.44
33,83,117,143.2
33,84,116,143.51
33,85,115,122.03
33,86,114,140.24
33,87,113,135.96
33,88,112,130.82
33,89,111,139.72
33,90,110,125.59
33,91,109,117.88
33,92,108,123.39
33,93,107,130.01
33,94,106,122.04
33,95,105,127.81
33,96,104,125.38
33,97,103,122.9
33,98,102,122.81
33,99,101,116.73
33,100,100,114.56
33,101,99,113.55
33,102,98,115.99
33,103,97,120.1
33,104,96,107.98
33,105,95,122.05
33,106,94,124.28
33,107,93,109.03
33,108,92,121.62
33,109,91,111.37
33,110,90,107.78
33,111,89,108.72
33,112,88,111.1
33,113,87,114.75
33,114,86,105.0
33,115,85,114.78
33,116,84,106.76
33,117,83,100.67
33,118,82,106.7
33,119,81,110.72
33,120,80,109.57
33,121,79,102.38
33,122,78,109.32
33,123,77,102.69
33,124,76,95.73
33,125,75,94.11
33,126,74,99.88
33,127,73,89.99
33,128,72,93.61
33,129,71,90.59
33,130,70,93.01
33,131,69,98.45
33,132,68,103.45
33,133,67,86.9
33,134,66,91.57
33,135,65,89.74
33,136,64,90.96
33,137,63,97.78
33,138,62,95.18
33,139,61,95.08
33,140,60,76.98
33,141,59,102.28
33,142,58,99.95
33,143,57,98.42
33,144,56,72.51
33,145,55,86.19
33,146,54,83.25
33,147,53,77.44
33,148,52,79.19
33,149,51,71.16
33,150,50,85.05
33,151,49,70.96
33,152,48,86.16
33,153,47,74.77
33,154,46,79.57
33,155,45,58.52
33,156,44,64.61
33,157,43,63.33
33,158,42,56.6
33,159,41,55.11
33,160,40,63.8
33,161,39,69.7
33,162,38,65.45
33,163,37,63.14
33,164,36,63.7
33,165,35,45.14
33,166,34,55.62
33,167,33,47.9
33,168,32,50.8
33,169,31,39.13
33,170,30,44.55
33,171,29,39.42
33,172,28,41.58
33,173,27,52.47
33,174,26,30.5
33,175,25,31.96
33,176,24,34.39
33,177,23,39.29
33,178,22,32.08
33,179,21,26.44
33,180,20,31.52
33,181,19,19.5
33,182,18,24.4
33,183,17,17.59
33,184,16,23.29
33,185,15,20.11
33,186,14,21.35
33,187,13,13.7
33,188,12,14.32
33,189,11,14.71
33,190,10,10.81
33,191,9,14.11
33,192,8,11.65
33,193,7,8.98
33,194,6,8.77
33,195,5,5.97
33,196,4,5.81
33,197,3,3.13
33,198,2,2.2
33,199,1,1.59
33,200,0,1.0
34,1,194,165.84
34,2,193,178.4
34,3,192,170.37
34,4,191,165.17
34,5,190,176.08
34,6,189,180.19
34,7,188,169.45
34,8,187,195.26
34,9,186,169.72
34,10,185,168.71
34,11,184,170.12
34,12,183,160.33
34,13,182,163.8
34,14,181,177.09
34,15,180,170.84
34,16,179,182.39
34,17,178,166.35
34,18,177,163.73
34,19,176,163.03
34,20,175,168.47
34,21,174,163.75
34,22,173,169.33
34,23,172,168.67
34,24,171,154.23
34,25,170,161.64
34,26,169,157.79
34,27,168,156.04
34,28,167,158.49
34,29,166,167.83
34,30,165,151.7
34,31,164,153.47
34,32,163,145.65
34,33,162,147.93
34,34,161,170.79
34,35,160,155.0
34,36,159,163.31
34,37,158,143.79
34,38,157,149.06
34,39,156,154.76
34,40,155,139.12
34,41,154,157.1
34,42,153,157.21
34,43,152,140.36
34,44,151,145.77
34,45,150,149.17
34,46,149,141.13
34,47,148,145.32
34,48,147,143.14
34,49,146,142.94
34,50,145,137.27
34,51,144,135.43
34,52,143,143.31
34,53,142,132.96
34,54,141,130.58
34,55,140,140.16
34,56,139,135.62
34,57,138,140.91
34,58,137,136.87
34,59,136,135.36
34,60,135,136.44
34,61,134,127.52
34,62,133,137.93
34,63,132,122.92
34,64,131,132.99
34,65,130,138.13
34,66,129,134.9
34,67,128,130.39
34,68,127,137.51
34,69,126,130.57
34,70,125,125.72
34,71,124,130.36
34,72,123,128.39
34,73,122,122.97
34,74,121,126.08
34,75,120,124.43
34,76,119,128.82
34,77,118,132.94
34,78,117,126.88
34,79,116,110.47
34,80,115,116.46
34,81,114,123.55
34,82,113,118.1
34,83,112,121.54
34,84,111,106.76
34,85,110,110.16
34,86,109,107.2
34,87,108,123.89
34,88,107,111.2
34,89,106,103.36
34,90,105,105.57
34,91,104,110.19
34,92,103,109.26
34,93,102,102.28
34,94,101,104.77
34,95,100,107.62
34,96,99,106.29
34,97,98,101.66
34,98,97,101.58
34,99,96,96.25
34,100,95,91.06
34,101,94,89.37
34,102,93,96.49
34,103,92,105.41
34,104,91,92.55
34,105,90,93.25
34,106,89,87.18
34,107,88,89.8
34,108,87,85.36
34,109,86,94.38
34,110,85,86.93
34,111,84,77.42
34,112,83,84.52
34,113,82,81.29
34,114,81,79.14
34,115,80,81.0
34,116,79,75.73
34,117,78,81.86
34,118,77,78.67
34,119,76,75.26
34,120,75,76.26
34,121,74,76.28
34,122,73,68.95
34,123,72,69.21
34,124,71,70.75
34,125,70,75.36
34,126,69,71.73
34,127,68,64.05
34,128,67,62.28
34,129,66,64.51
34,130,65,62.99
34,131,64,63.57
34,132,63,61.57
34,133,62,56.63
34,134,61,55.45
34,135,60,58.51
34,136,59,57.45
34,137,58,59.78
34,138,57,60.68
34,139,56,55.34
34,140,55,53.74
34,141,54,56.92
34,142,53,52.16
34,143,52,50.2
34,144,51,49.09
34,145,50,51.71
34,146,49,52.16
34,147,48,48.13
34,148,47,45.51
34,149,46,48.19
34,150,45,45.48
34,151,44,44.26
34,152,43,43.43
34,153,42,43.42
34,154,41,38.32
34,155,40,40.36
34,156,39,38.67
34,157,38,36.88
34,158,37,36.72
34,159,36,33.78
34,160,35,33.73
34,161,34,38.03
34,162,33,33.09
34,163,32,32.71
34,164,31,31.92
34,165,30,27.55
34,166,29,28.12
34,167,28,28.69
34,168,27,27.77
34,169,26,25.39
34,170,25,24.71
34,171,24,25.4
34,172,23,24.95
34,173,22,22.4
34,174,21,21.51
34,175,20,20.63
34,176,19,19.84
34,177,18,18.07
34,178,17,16.04
34,179,16,15.76
34,180,15,16.11
34,181,14,15.9
34,182,13,12.79
34,183,12,11.58
34,184,11,11.69
34,185,10,9.62
34,186,9,8.24
34,187,8,8.02
34,188,7,7.55
34,189,6,5.99
34,190,5,6.69
34,191,4,4.24
34,192,3,2.83
34,193,2,3.23
34,194,1,2.56
34,195,0,0.77
35,1,180,166.07
35,2,179,166.92
35,3,178,167.17
35,4,177,170.17
35,5,176,180.56
35,6,175,167.63
35,7,174,166.9
35,8,173,158.2
35,9,172,164.21
35,10,171,175.62
35,11,170,161.24
35,12,169,176.2
35,13,168,173.43
35,14,167,161.95
35,15,166,166.15
35,16,165,157.94
35,17,164,162.21
35,18,163,161.38
35,19,162,171.27
35,20,161,150.76
35,21,160,160.13
35,22,159,160.64
35,23,158,152.98
35,24,157,153.1
35,25,156,149.63
35,26,155,159.72
35,27,154,158.59
35,28,153,148.05
35,29,152,153.2
35,30,151,157.49
35,31,150,154.69
35,32,149,154.29
35,33,148,156.2
35,34,147,155.91
35,35,146,156.11
35,36,145,150.06
35,37,144,153.79
35,38,143,147.12
35,39,142,144.0
35,40,141,148.45
35,41,140,144.45
35,42,139,130.75
35,43,138,142.84
35,44,137,133.38
35,45,136,142.16
35,46,135,138.14
35,47,134,147.56
35,48,133,129.55
35,49,132,143.79
35,50,131,154.1
35,51,130,138.87
35,52,129,134.71
35,53,128,139.01
35,54,127,134.08
35,55,126,129.63
35,56,125,133.71
35,57,124,125.37
35,58,123,123.4
35,59,122,125.06
35,60,121,135.93
35,61,120,121.85
35,62,119,127.18
35,63,118,124.62
35,64,117,123.16
35,65,116,126.66
35,66,115,126.1
35,67,114,120.36
35,68,113,119.49
35,69,112,137.24
35,70,111,134.14
35,71,110,111.82
35,72,109,112.19
35,73,108,109.28
35,74,107,115.29
35,75,106,123.83
35,76,105,107.22
35,77,104,125.92
35,78,103,105.59
35,79,102,128.67
35,80,101,118.61
35,81,100,112.67
35,82,99,110.09
35,83,98,96.55
35,84,97,117.52
35,85,96,118.14
35,86,95,106.41
35,87,94,120.32
35,88,93,110.59
35,89,92,108.24
35,90,91,108.05
35,91,90,108.63
35,92,89,100.3
35,93,88,104.37
35,94,87,100.92
35,95,86,92.61
35,96,85,91.54
35,97,84,96.07
35,98,83,82.87
35,99,82,100.25
35,100,81,109.95
35,101,80,92.29
35,102,79,86.72
35,103,78,87.87
35,104,77,81.32
35,105,76,84.81
35,106,75,78.88
35,107,74,77.35
35,108,73,91.47
35,109,72,91.97
35,110,71,85.32
35,111,70,75.21
35,112,69,79.19
35,113,68,76.2
35,114,67,90.97
35,115,66,76.96
35,116,65,77.8
35,117,64,64.92
35,118,63,81.67
35,119,62,73.65
35,120,61,68.28
35,121,60,69.37
35,122,59,69.91
35,123,58,75.82
35,124,57,63.96
35,125,56,61.42
35,126,55,59.2
35,127,54,63.26
35,128,53,65.39
35,129,52,57.76
35,130,51,58.9
35,131,50,59.87
35,132,49,53.31
35,133,48,57.01
35,134,47,61.84
35,135,46,52.76
35,136,45,53.14
35,137,44,46.41
35,138,43,44.22
35,139,42,52.3
35,140,41,49.27
35,141,40,44.39
35,142,39,50.43
35,143,38,45.76
35,144,37,44.78
35,145,36,47.06
35,146,35,39.05
35,147,34,36.88
35,148,33,36.18
35,149,32,38.18
35,150,31,38.89
35,151,30,35.41
35,152,29,33.92
35,153,28,30.31
35,154,27,29.47
35,155,26,26.92
35,156,25,27.14
35,157,24,27.07
35,158,23,23.49
35,159,22,24.68
35,160,21,22.93
35,161,20,24.77
35,162,19,25.08
35,163,18,18.6
35,164,17,17.69
35,165,16,14.8
35,166,15,16.55
35,167,14,14.79
35,168,13,17.88
35,169,12,17.28
35,170,11,14.1
35,171,10,11.6
35,172,9,11.91
35,173,8,8.8
35,174,7,8.59
35,175,6,8.0
35,176,5,4.93
35,177,4,4.74
35,178,3,4.88
35,179,2,2.95
35,180,1,4.21
35,181,0,1.51
36,1,157,148.1
36,2,156,144.03
36,3,155,144.83
36,4,154,153.9
36,5,153,139.91
36,6,152,145.47
36,7,151,137.55
36,8,150,149.53
36,9,149,145.33
36,10,148,141.23
36,11,147,150.49
36,12,146,144.84
36,13,145,142.0
36,14,144,139.19
36,15,143,147.09
36,16,142,134.19
36,17,141,143.6
36,18,140,140.52
36,19,139,137.11
36,20,138,134.55
36,21,137,138.44
36,22,136,127.72
36,23,135,127.48
36,24,134,141.38
36,25,133,134.83
36,26,132,131.45
36,27,131,135.51
36,28,130,134.23
36,29,129,137.24
36,30,128,135.14
36,31,127,132.22
36,32,126,130.64
36,33,125,122.3
36,34,124,126.03
36,35,123,125.11
36,36,122,119.6
36,37,121,123.18
36,38,120,126.64
36,39,119,118.16
36,40,118,118.78
36,41,117,114.0
36,42,116,116.41
36,43,115,122.55
36,44,114,115.85
36,45,113,109.57
36,46,112,118.41
36,47,111,116.47
36,48,110,121.58
36,49,109,119.49
36,50,108,112.02
36,51,107,113.14
36,52,106,116.37
36,53,105,113.42
36,54,104,114.41
36,55,103,103.37
36,56,102,109.74
36,57,101,104.45
36,58,100,105.94
36,59,99,111.15
36,60,98,100.05
36,61,97,101.42
36,62,96,105.13
36,63,95,108.47
36,64,94,109.98
36,65,93,104.88
36,66,92,102.85
36,67,91,98.37
36,68,90,106.84
36,69,89,99.34
36,70,88,99.6
36,71,87,106.35
36,72,86,82.68
36,73,85,97.56
36,74,84,94.26
36,75,83,106.67
36,76,82,92.32
36,77,81,93.36
36,78,80,79.8
36,79,79,89.18
36,80,78,81.51
36,81,77,83.76
36,82,76,91.4
36,83,75,81.55
36,84,74,94.37
36,85,73,75.65
36,86,72,81.15
36,87,71,82.47
36,88,70,76.89
36,89,69,74.78
36,90,68,79.12
36,91,67,77.59
36,92,66,76.08
36,93,65,78.78
36,94,64,69.88
36,95,63,79.45
36,96,62,71.74
36,97,61,84.78
36,98,60,60.71
36,99,59,76.7
36,100,58,73.35
36,101,57,77.76
36,102,56,57.98
36,103,55,69.19
36,104,54,58.96
36,105,53,68.84
36,106,52,57.19
36,107,51,64.42
36,108,50,64.51
36,109,49,61.49
36,110,48,48.47
36,111,47,47.27
36,112,46,44.92
36,113,45,49.08
36,114,44,48.77
36,115,43,59.74
36,116,42,41.34
36,117,41,46.59
36,118,40,53.37
36,119,39,45.63
36,120,38,46.58
36,121,37,38.98
36,122,36,39.0
36,123,35,35.19
36,124,34,37.87
36,125,33,34.7
36,126,32,33.68
36,127,31,31.39
36,128,30,31.67
36,129,29,27.52
36,130,28,35.91
36,131,27,31.58
36,132,26,28.43
36,133,25,27.57
36,134,24,22.85
36,135,23,24.67
36,136,22,24.85
36,137,21,23.45
36,138,20,19.39
36,139,19,24.35
36,140,18,16.11
36,141,17,20.4
36,142,16,20.42
36,143,15,15.47
36,144,14,13.51
36,145,13,14.74
36,146,12,12.72
36,147,11,9.88
36,148,10,12.81
36,149,9,9.58
36,150,8,10.07
36,151,7,8.67
36,152,6,5.66
36,153,5,6.26
36,154,4,5.96
36,155,3,4.58
36,156,2,3.42
36,157,1,2.96
36,158,0,0.53
37,1,169,167.74
37,2,168,165.64
37,3,167,162.72
37,4,166,163.8
37,5,165,165.16
37,6,164,166.04
37,7,163,167.89
37,8,162,158.13
37,9,161,156.66
37,10,160,161.42
37,11,159,159.04
37,12,158,156.0
37,13,157,152.14
37,14,156,154.83
37,15,155,156.41
37,16,154,149.63
37,17,153,156.22
37,18,152,149.74
37,19,151,146.94
37,20,150,154.1
37,21,149,149.46
37,22,148,147.23
37,23,147,149.54
37,24,146,143.85
37,25,145,149.13
37,26,144,157.82
37,27,143,151.7
37,28,142,144.59
37,29,141,138.25
37,30,140,143.51
37,31,139,148.36
37,32,138,141.05
37,33,137,144.59
37,34,136,142.62
37,35,135,139.32
37,36,134,146.53
37,37,133,139.38
37,38,132,145.7
37,39,131,143.61
37,40,130,141.76
37,41,129,136.46
37,42,128,135.06
37,43,127,134.21
37,44,126,128.54
37,45,125,127.95
37,46,124,136.91
37,47,123,132.61
37,48,122,136.39
37,49,121,129.01
37,50,120,136.83
37,51,119,135.56
37,52,118,127.27
37,53,117,137.6
37,54,116,127.19
37,55,115,115.44
37,56,114,124.9
37,57,113,128.58
37,58,112,128.8
37,59,111,127.64
37,60,110,120.43
37,61,109,119.11
37,62,108,118.99
37,63,107,125.6
37,64,106,123.1
37,65,105,124.31
37,66,104,124.32
37,67,103,118.02
37,68,102,109.54
37,69,101,116.74
37,70,100,115.2
37,71,99,108.7
37,72,98,108.0
37,73,97,115.04
37,74,96,118.07
37,75,95,108.17
37,76,94,127.17
37,77,93,114.93
37,78,92,107.46
37,79,91,111.31
37,80,90,104.67
37,81,89,113.62
37,82,88,113.01
37,83,87,86.81
37,84,86,109.65
37,85,85,103.43
37,86,84,100.54
37,87,83,97.68
37,88,82,105.31
37,89,81,101.64
37,90,80,87.39
37,91,79,96.82
37,92,78,90.39
37,93,77,94.79
37,94,76,76.44
37,95,75,104.15
37,96,74,96.94
37,97,73,91.14
37,98,72,94.55
37,99,71,80.7
37,100,70,90.23
37,101,69,96.0
37,102,68,76.38
37,103,67,67.04
37,104,66,99.87
37,105,65,86.91
37,106,64,62.25
37,107,63,82.66
37,108,62,99.07
37,109,61,75.42
37,110,60,72.39
37,111,59,86.38
37,112,58,86.0
37,113,57,76.82
37,114,56,69.13
37,115,55,81.27
37,116,54,60.7
37,117,53,86.44
37,118,52,50.45
37,119,51,66.84
37,120,50,54.7
37,121,49,62.06
37,122,48,58.87
37,123,47,56.48
37,124,46,60.43
37,125,45,42.93
37,126,44,51.28
37,127,43,52.42
37,128,42,55.84
37,129,41,56.15
37,130,40,49.28
37,131,39,43.01
37,132,38,42.1
37,133,37,38.36
37,134,36,38.64
37,135,35,35.48
37,136,34,42.81
37,137,33,41.83
37,138,32,40.44
37,139,31,31.33
37,140,30,30.74
37,141,29,31.1
37,142,28,27.72
37,143,27,30.58
37,144,26,26.11
37,145,25,26.32
37,146,24,21.99
37,147,23,26.34
37,148,22,22.13
37,149,21,24.02
37,150,20,20.27
37,151,19,23.55
37,152,18,15.55
37,153,17,17.75
37,154,16,17.58
37,155,15,13.53
37,156,14,14.05
37,157,13,17.32
37,158,12,13.15
37,159,11,11.8
37,160,10,12.72
37,161,9,9.7
37,162,8,9.88
37,163,7,10.33
37,164,6,5.37
37,165,5,6.01
37,166,4,5.19
37,167,3,3.56
37,168,2,2.89
37,169,1,2.18
37,170,0,1.0
38,1,193,175.36
38,2,192,182.46
38,3,191,166.73
38,4,190,173.01
38,5,189,175.85
38,6,188,179.42
38,7,187,171.56
38,8,186,170.53
38,9,185,165.91
38,10,184,170.36
38,11,183,170.26
38,12,182,149.85
38,13,181,172.24
38,14,180,159.03
38,15,179,161.69
38,16,178,154.08
38,17,177,172.19
38,18,176,165.36
38,19,175,158.36
38,20,174,168.89
38,21,173,165.86
38,22,172,148.06
38,23,171,163.63
38,24,170,158.96
38,25,169,164.72
38,26,168,155.49
38,27,167,155.2
38,28,166,154.37
38,29,165,157.03
38,30,164,157.25
38,31,163,154.8
38,32,162,156.73
38,33,161,156.87
38,34,160,157.96
38,35,159,156.93
38,36,158,158.3
38,37,157,151.93
38,38,156,151.0
38,39,155,159.01
38,40,154,149.17
38,41,153,148.12
38,42,152,154.73
38,43,151,143.44
38,44,150,144.85
38,45,149,146.04
38,46,148,152.19
38,47,147,143.67
38,48,146,148.79
38,49,145,144.48
38,50,144,135.01
38,51,143,138.79
38,52,142,142.37
38,53,141,142.63
38,54,140,138.0
38,55,139,138.83
38,56,138,142.95
38,57,137,135.21
38,58,136,140.27
38,59,135,137.28
38,60,134,122.94
38,61,133,141.03
38,62,132,136.49
38,63,131,135.83
38,64,130,134.05
38,65,129,132.73
38,66,128,127.85
38,67,127,138.08
38,68,126,132.13
38,69,125,118.7
38,70,124,131.49
38,71,123,130.16
38,72,122,128.73
38,73,121,132.49
38,74,120,122.79
38,75,119,129.95
38,76,118,117.15
38,77,117,114.42
38,78,116,123.9
38,79,115,113.77
38,80,114,127.42
38,81,113,119.02
38,82,112,121.21
38,83,111,121.18
38,84,110,113.34
38,85,109,126.39
38,86,108,111.15
38,87,107,117.83
38,88,106,114.63
38,89,105,115.39
38,90,104,113.59
38,91,103,117.14
38,92,102,114.26
38,93,101,114.58
38,94,100,104.01
38,95,99,105.01
38,96,98,112.32
38,97,97,97.3
38,98,96,95.6
38,99,95,101.8
38,100,94,107.62
38,101,93,117.14
38,102,92,116.59
38,103,91,90.96
38,104,90,93.95
38,105,89,81.21
38,106,88,98.58
38,107,87,101.72
38,108,86,105.65
38,109,85,91.22
38,110,84,96.6
38,111,83,95.63
38,112,82,93.87
38,113,81,98.38
38,114,80,88.86
38,115,79,87.12
38,116,78,85.15
38,117,77,95.79
38,118,76,86.18
38,119,75,77.45
38,120,74,89.66
38,121,73,75.12
38,122,72,93.26
38,123,71,80.33
38,124,70,79.12
38,125,69,82.56
38,126,68,72.6
38,127,67,71.86
38,128,66,74.43
38,129,65,79.53
38,130,64,73.68
38,131,63,67.39
38,132,62,68.28
38,133,61,65.59
38,134,60,66.34
38,135,59,62.81
38,136,58,67.9
38,137,57,59.45
38,138,56,58.07
38,139,55,60.67
38,140,54,56.54
38,141,53,62.14
38,142,52,55.04
38,143,51,51.18
38,144,50,56.19
38,145,49,49.61
38,146,48,47.36
38,147,47,46.87
38,148,46,47.6
38,149,45,46.74
38,150,44,45.65
38,151,43,44.61
38,152,42,41.06
38,153,41,45.1
38,154,40,43.13
38,155,39,37.65
38,156,38,37.42
38,157,37,39.93
38,158,36,37.65
38,159,35,38.8
38,160,34,37.41
38,161,33,36.87
38,162,32,33.5
38,163,31,31.99
38,164,30,35.03
38,165,29,29.16
38,166,28,28.52
38,167,27,27.59
38,168,26,26.43
38,169,25,24.49
38,170,24,25.51
38,171,23,24.36
38,172,22,23.66
38,173,21,21.73
38,174,20,18.53
38,175,19,21.23
38,176,18,16.92
38,177,17,17.5
38,178,16,16.4
38,179,15,15.48
38,180,14,14.55
38,181,13,14.05
38,182,12,12.42
38,183,11,11.23
38,184,10,11.54
38,185,9,7.52
38,186,8,9.47
38,187,7,7.49
38,188,6,7.42
38,189,5,4.94
38,190,4,2.93
38,191,3,4.45
38,192,2,1.99
38,193,1,2.17
38,194,0,1.23
39,1,127,134.67
39,2,126,145.31
39,3,125,138.72
39,4,124,133.59
39,5,123,130.63
39,6,122,127.18
39,7,121,121.55
39,8,120,127.86
39,9,119,124.26
39,10,118,128.67
39,11,117,127.46
39,12,116,119.08
39,13,115,118.91
39,14,114,120.29
39,15,113,130.32
39,16,112,130.33
39,17,111,118.48
39,18,110,125.95
39,19,109,127.26
39,20,108,128.37
39,21,107,120.41
39,22,106,114.88
39,23,105,116.01
39,24,104,118.56
39,25,103,120.85
39,26,102,112.82
39,27,101,110.6
39,28,100,119.09
39,29,99,113.97
39,30,98,107.78
39,31,97,112.47
39,32,96,116.47
39,33,95,108.13
39,34,94,110.7
39,35,93,102.97
39,36,92,106.33
39,37,91,103.06
39,38,90,92.72
39,39,89,115.58
39,40,88,101.06
39,41,87,107.44
39,42,86,104.4
39,43,85,97.86
39,44,84,101.69
39,45,83,94.99
39,46,82,100.02
39,47,81,98.97
39,48,80,90.88
39,49,79,101.78
39,50,78,93.52
39,51,77,99.0
39,52,76,97.34
39,53,75,100.29
39,54,74,94.2
39,55,73,105.07
39,56,72,66.64
39,57,71,95.33
39,58,70,92.9
39,59,69,95.29
39,60,68,90.4
39,61,67,87.39
39,62,66,95.85
39,63,65,86.8
39,64,64,85.33
39,65,63,80.97
39,66,62,65.15
39,67,61,68.21
39,68,60,73.12
39,69,59,70.0
39,70,58,66.66
39,71,57,76.45
39,72,56,65.43
39,73,55,72.22
39,74,54,76.35
39,75,53,59.66
39,76,52,58.39
39,77,51,61.27
39,78,50,51.27
39,79,49,68.95
39,80,48,56.96
39,81,47,58.76
39,82,46,48.05
39,83,45,51.5
39,84,44,52.05
39,85,43,47.45
39,86,42,55.35
39,87,41,42.61
39,88,40,54.81
39,89,39,49.28
39,90,38,38.82
39,91,37,44.52
39,92,36,39.41
39,93,35,43.94
39,94,34,37.63
39,95,33,43.94
39,96,32,31.06
39,97,31,36.94
39,98,30,40.45
39,99,29,35.63
39,100,28,29.19
39,101,27,32.68
39,102,26,33.65
39,103,25,27.81
39,104,24,28.86
39,105,23,29.89
39,106,22,25.27
39,107,21,29.47
39,108,20,34.06
39,109,19,20.27
39,110,18,20.89
39,111,17,21.89
39,112,16,16.06
39,113,15,16.65
39,114,14,15.58
39,115,13,12.84
39,116,12,13.65
39,117,11,12.87
39,118,10,7.71
39,119,9,7.8
39,120,8,6.54
39,121,7,6.17
39,122,6,7.31
39,123,5,7.69
39,124,4,5.37
39,125,3,3.46
39,126,2,3.49
39,127,1,2.08
39,128,0,0.68
40,1,187,158.0
40,2,186,161.35
40,3,185,156.21
40,4,184,164.77
40,5,183,169.01
40,6,182,168.09
40,7,181,163.98
40,8,180,151.64
40,9,179,146.79
40,10,178,152.5
40,11,177,140.47
40,12,176,143.93
40,13,175,155.27
40,14,174,159.11
40,15,173,161.17
40,16,172,156.92
40,17,171,152.65
40,18,170,149.3
40,19,169,143.76
40,20,168,149.56
40,21,167,145.28
40,22,166,156.97
40,23,165,140.73
40,24,164,147.78
40,25,163,152.36
40,26,162,135.34
40,27,161,143.17
40,28,160,133.46
40,29,159,147.1
40,30,158,162.83
40,31,157,148.58
40,32,156,136.42
40,33,155,141.07
40,34,154,131.17
40,35,153,150.46
40,36,152,119.85
40,37,151,145.65
40,38,150,134.47
40,39,149,126.31
40,40,148,123.35
40,41,147,131.1
40,42,146,138.44
40,43,145,141.99
40,44,144,128.05
40,45,143,136.0
40,46,142,123.17
40,47,141,128.91
40,48,140,115.4
40,49,139,127.17
40,50,138,128.32
40,51,137,120.29
40,52,136,120.87
40,53,135,129.92
40,54,134,126.28
40,55,133,122.44
40,56,132,123.21
40,57,131,123.38
40,58,130,128.37
40,59,129,108.79
40,60,128,125.01
40,61,127,112.34
40,62,126,126.05
40,63,125,108.42
40,64,124,117.23
40,65,123,119.05
40,66,122,116.8
40,67,121,119.48
40,68,120,107.82
40,69,119,105.41
40,70,118,124.6
40,71,117,110.12
40,72,116,113.39
40,73,115,111.33
40,74,114,101.55
40,75,113,109.4
40,76,112,96.58
40,77,111,106.31
40,78,110,110.77
40,79,109,106.78
40,80,108,96.04
40,81,107,96.32
40,82,106,100.88
40,83,105,94.84
40,84,104,97.54
40,85,103,95.26
40,86,102,95.78
40,87,101,82.92
40,88,100,102.82
40,89,99,92.35
40,90,98,95.99
40,91,97,76.37
40,92,96,88.3
40,93,95,92.32
40,94,94,94.74
40,95,93,85.9
40,96,92,86.86
40,97,91,87.73
40,98,90,88.03
40,99,89,85.92
40,100,88,82.06
40,101,87,89.44
40,102,86,76.62
40,103,85,84.71
40,104,84,79.36
40,105,83,76.27
40,106,82,73.35
40,107,81,86.08
40,108,80,74.34
40,109,79,77.22
40,110,78,77.01
40,111,77,72.15
40,112,76,83.04
40,113,75,76.63
40,114,74,72.31
40,115,73,78.53
40,116,72,64.7
40,117,71,66.37
40,118,70,70.64
40,119,69,60.6
40,120,68,64.54
40,121,67,64.41
40,122,66,61.38
40,123,65,67.24
40,124,64,59.34
40,125,63,63.98
40,126,62,56.08
40,127,61,60.16
40,128,60,55.88
40,129,59,57.53
40,130,58,57.01
40,131,57,56.93
40,132,56,55.36
40,133,55,54.45
40,134,54,52.63
40,135,53,48.92
40,136,52,51.91
40,137,51,52.67
40,138,50,45.63
40,139,49,49.68
40,140,48,47.6
40,141,47,46.1
40,142,46,44.32
40,143,45,48.79
40,144,44,39.96
40,145,43,40.02
40,146,42,43.23
40,147,41,39.95
40,148,40,37.2
40,149,39,39.8
40,150,38,34.25
40,151,37,37.26
40,152,36,34.19
40,153,35,37.43
40,154,34,28.41
40,155,33,30.49
40,156,32,28.66
40,157,31,29.93
40,158,30,26.53
40,159,29,26.99
40,160,28,25.08
40,161,27,27.96
40,162,26,25.3
40,163,25,27.99
40,164,24,24.67
40,165,23,23.74
40,166,22,18.77
40,167,21,22.22
40,168,20,21.6
40,169,19,16.62
40,170,18,20.02
40,171,17,18.67
40,172,16,15.77
40,173,15,15.8
40,174,14,12.82
40,175,13,13.95
40,176,12,12.91
40,177,11,10.81
40,178,10,8.92
40,179,9,11.23
40,180,8,7.13
40,181,7,8.8
40,182,6,4.65
40,183,5,5.55
40,184,4,5.53
40,185,3,4.6
40,186,2,2.63
40,187,1,2.34
40,188,0,1.04
41,1,215,205.11
41,2,214,183.65
41,3,213,190.15
41,4,212,196.07
41,5,211,191.6
41,6,210,193.42
41,7,209,193.02
41,8,208,183.7
41,9,207,187.42
41,10,206,201.76
41,11,205,182.1
41,12,204,181.56
41,13,203,181.88
41,14,202,177.23
41,15,201,190.58
41,16,200,186.87
41,17,199,180.93
41,18,198,183.33
41,19,197,186.45
41,20,196,179.15
41,21,195,180.43
41,22,194,190.23
41,23,193,189.31
41,24,192,181.83
41,25,191,183.74
41,26,190,180.44
41,27,189,172.29
41,28,188,173.41
41,29,187,175.08
41,30,186,172.12
41,31,185,173.21
41,32,184,171.77
41,33,183,178.45
41,34,182,169.27
41,35,181,166.58
41,36,180,172.57
41,37,179,177.32
41,38,178,162.34
41,39,177,172.43
41,40,176,165.79
41,41,175,174.44
41,42,174,169.9
41,43,173,169.75
41,44,172,169.19
41,45,171,167.03
41,46,170,160.2
41,47,169,164.23
41,48,168,162.2
41,49,167,161.8
41,50,166,157.62
41,51,165,165.91
41,52,164,159.88
41,53,163,163.66
41,54,162,158.01
41,55,161,163.03
41,56,160,159.22
41,57,159,145.04
41,58,158,154.64
41,59,157,156.0
41,60,156,150.98
41,61,155,158.07
41,62,154,152.21
41,63,153,146.01
41,64,152,149.16
41,65,151,158.11
41,66,150,140.71
41,67,149,148.82
41,68,148,145.95
41,69,147,146.19
41,70,146,140.89
41,71,145,146.66
41,72,144,143.67
41,73,143,151.95
41,74,142,139.57
41,75,141,138.28
41,76,140,133.42
41,77,139,143.48
41,78,138,146.8
41,79,137,133.84
41,80,136,134.36
41,81,135,147.02
41,82,134,137.47
41,83,133,134.0
41,84,132,136.07
41,85,131,130.71
41,86,130,144.65
41,87,129,143.74
41,88,128,136.91
41,89,127,135.88
41,90,126,128.5
41,91,125,132.16
41,92,124,125.38
41,93,123,120.62
41,94,122,128.99
41,95,121,128.78
41,96,120,123.2
41,97,119,113.04
41,98,118,113.52
41,99,117,129.06
41,100,116,125.46
41,101,115,108.37
41,102,114,119.88
41,103,113,107.62
41,104,112,126.07
41,105,111,117.78
41,106,110,129.41
41,107,109,108.22
41,108,108,109.87
41,109,107,112.54
41,110,106,111.05
41,111,105,111.31
41,112,104,103.44
41,113,103,96.54
41,114,102,107.3
41,115,101,107.02
41,116,100,113.17
41,117,99,110.75
41,118,98,99.19
41,119,97,100.25
41,120,96,99.99
41,121,95,102.45
41,122,94,100.18
41,123,93,91.06
41,124,92,91.69
41,125,91,91.06
41,126,90,92.09
41,127,89,89.88
41,128,88,84.66
41,129,87,91.2
41,130,86,82.5
41,131,85,85.62
41,132,84,77.14
41,133,83,86.88
41,134,82,85.13
41,135,81,76.36
41,136,80,77.28
41,137,79,86.48
41,138,78,83.22
41,139,77,74.95
41,140,76,74.41
41,141,75,79.72
41,142,74,75.73
41,143,73,77.57
41,144,72,77.07
41,145,71,68.88
41,146,70,65.62
41,147,69,69.63
41,148,68,64.83
41,149,67,66.33
41,150,66,59.94
41,151,65,67.29
41,152,64,63.31
41,153,63,61.71
41,154,62,65.17
41,155,61,61.63
41,156,60,60.19
41,157,59,57.31
41,158,58,57.17
41,159,57,56.74
41,160,56,55.68
41,161,55,53.39
41,162,54,54.81
41,163,53,55.0
41,164,52,52.67
41,165,51,53.07
41,166,50,51.33
41,167,49,49.98
41,168,48,44.44
41,169,47,47.24
41,170,46,45.38
41,171,45,45.7
41,172,44,43.2
41,173,43,46.02
41,174,42,41.37
41,175,41,41.05
41,176,40,40.36
41,177,39,39.48
41,178,38,40.48
41,179,37,40.31
41,180,36,38.42
41,181,35,37.76
41,182,34,34.68
41,183,33,36.09
41,184,32,30.77
41,185,31,33.76
41,186,30,31.66
41,187,29,27.83
41,188,28,27.5
41,189,27,25.2
41,190,26,29.19
41,191,25,24.91
41,192,24,22.35
41,193,23,25.96
41,194,22,22.45
41,195,21,19.2
41,196,20,21.56
41,197,19,19.6
41,198,18,19.49
41,199,17,18.56
41,200,16,15.73
41,201,15,14.82
41,202,14,15.84
41,203,13,14.22
41,204,12,11.47
41,205,11,11.8
41,206,10,11.17
41,207,9,9.35
41,208,8,8.45
41,209,7,7.17
41,210,6,6.63
41,211,5,4.08
41,212,4,4.25
41,213,3,2.76
41,214,2,1.88
41,215,1,2.54
41,216,0,0.7
42,1,195,176.75
42,2,194,183.06
42,3,193,162.28
42,4,192,184.99
42,5,191,171.85
42,6,190,174.5
42,7,189,181.62
42,8,188,167.23
42,9,187,167.4
42,10,186,174.33
42,11,185,175.99
42,12,184,165.01
42,13,183,172.39
42,14,182,175.06
42,15,181,168.0
42,16,180,172.87
42,17,179,165.47
42,18,178,171.98
42,19,177,169.16
42,20,176,157.98
42,21,175,174.14
42,22,174,169.99
42,23,173,164.16
42,24,172,161.87
42,25,171,162.2
42,26,170,165.97
42,27,169,158.42
42,28,168,161.65
42,29,167,161.33
42,30,166,159.46
42,31,165,166.9
42,32,164,152.86
42,33,163,154.63
42,34,162,155.13
42,35,161,159.48
42,36,160,152.9
42,37,159,151.32
42,38,158,155.46
42,39,157,155.74
42,40,156,153.53
42,41,155,152.91
42,42,154,155.5
42,43,153,156.36
42,44,152,145.77
42,45,151,152.74
42,46,150,148.17
42,47,149,144.51
42,48,148,142.22
42,49,147,146.37
42,50,146,138.49
42,51,145,145.27
42,52,144,146.06
42,53,143,147.66
42,54,142,140.16
42,55,141,145.71
42,56,140,146.3
42,57,139,146.5
42,58,138,138.68
42,59,137,144.64
42,60,136,147.26
42,61,135,140.34
42,62,134,140.24
42,63,133,136.14
42,64,132,138.17
42,65,131,147.63
42,66,130,129.3
42,67,129,122.22
42,68,128,135.78
42,69,127,144.43
42,70,126,126.53
42,71,125,134.53
42,72,124,140.72
42,73,123,135.39
42,74,122,128.56
42,75,121,128.91
42,76,120,131.3
42,77,119,126.2
42,78,118,131.72
42,79,117,125.09
42,80,116,128.18
42,81,115,126.29
42,82,114,121.73
42,83,113,118.63
42,84,112,131.32
42,85,111,124.27
42,86,110,124.69
42,87,109,121.96
42,88,108,122.58
42,89,107,119.78
42,90,106,128.6
42,91,105,116.85
42,92,104,123.4
42,93,103,124.77
42,94,102,117.8
42,95,101,119.2
42,96,100,113.13
42,97,99,110.06
42,98,98,103.55
42,99,97,117.25
42,100,96,107.85
42,101,95,109.04
42,102,94,97.18
42,103,93,100.88
42,104,92,110.66
42,105,91,103.48
42,106,90,115.04
42,107,89,106.5
42,108,88,95.39
42,109,87,99.53
42,110,86,103.76
42,111,85,100.93
42,112,84,106.11
42,113,83,99.94
42,114,82,101.73
42,115,81,104.63
42,116,80,88.17
42,117,79,87.87
42,118,78,99.69
42,119,77,95.68
42,120,76,83.55
42,121,75,98.99
42,122,74,96.42
42,123,73,80.06
42,124,72,91.33
42,125,71,93.01
42,126,70,97.15
42,127,69,91.71
42,128,68,96.27
42,129,67,74.06
42,130,66,83.02
42,131,65,80.76
42,132,64,69.54
42,133,63,81.42
42,134,62,81.61
42,135,61,70.2
42,136,60,69.97
42,137,59,69.88
42,138,58,69.29
42,139,57,80.22
42,140,56,74.81
42,141,55,63.51
42,142,54,72.36
42,143,53,64.07
42,144,52,59.38
42,145,51,64.01
42,146,50,63.29
42,147,49,69.7
42,148,48,70.05
42,149,47,63.17
42,150,46,47.16
42,151,45,57.81
42,152,44,60.62
42,153,43,50.16
42,154,42,51.82
42,155,41,50.0
42,156,40,46.05
42,157,39,48.85
42,158,38,45.88
42,159,37,51.3
42,160,36,41.29
42,161,35,51.76
42,162,34,45.96
42,163,33,44.66
42,164,32,36.14
42,165,31,44.09
42,166,30,36.54
42,167,29,32.33
42,168,28,40.9
42,169,27,32.49
42,170,26,30.05
42,171,25,31.35
42,172,24,23.82
42,173,23,31.46
42,174,22,25.4
42,175,21,25.41
42,176,20,26.18
42,177,19,22.07
42,178,18,19.57
42,179,17,19.86
42,180,16,18.88
42,181,15,13.48
42,182,14,18.04
42,183,13,14.33
42,184,12,14.27
42,185,11,15.41
42,186,10,11.05
42,187,9,14.32
42,188,8,9.49
42,189,7,9.61
42,190,6,7.13
42,191,5,5.43
42,192,4,11.51
42,193,3,4.7
42,194,2,3.94
42,195,1,4.02
42,196,0,2.27
43,1,206,200.11
43,2,205,204.73
43,3,204,187.62
43,4,203,194.28
43,5,202,199.63
43,6,201,195.34
43,7,200,197.22
43,8,199,199.57
43,9,198,187.21
43,10,197,194.49
43,11,196,193.16
43,12,195,186.58
43,13,194,183.53
43,14,193,197.37
43,15,192,179.98
43,16,191,184.59
43,17,190,194.35
43,18,189,201.14
43,19,188,188.69
43,20,187,185.32
43,21,186,176.1
43,22,185,178.65
43,23,184,184.85
43,24,183,173.79
43,25,182,185.5
43,26,181,186.78
43,27,180,178.52
43,28,179,189.11
43,29,178,172.31
43,30,177,189.04
43,31,176,182.49
43,32,175,168.28
43,33,174,171.27
43,34,173,179.73
43,35,172,183.72
43,36,171,172.83
43,37,170,178.47
43,38,169,167.16
43,39,168,176.0
43,40,167,157.84
43,41,166,171.01
43,42,165,172.14
43,43,164,164.76
43,44,163,172.6
43,45,162,167.51
43,46,161,171.53
43,47,160,174.54
43,48,159,161.81
43,49,158,169.8
43,50,157,165.38
43,51,156,157.85
43,52,155,165.93
43,53,154,164.96
43,54,153,150.07
43,55,152,143.88
43,56,151,168.67
43,57,150,178.36
43,58,149,149.02
43,59,148,145.88
43,60,147,156.21
43,61,146,168.34
43,62,145,146.58
43,63,144,157.17
43,64,143,145.7
43,65,142,148.56
43,66,141,146.59
43,67,140,153.89
43,68,139,141.88
43,69,138,153.77
43,70,137,139.01
43,71,136,156.03
43,72,135,145.56
43,73,134,141.83
43,74,133,140.81
43,75,132,155.39
43,76,131,145.81
43,77,130,142.57
43,78,129,138.45
43,79,128,137.25
43,80,127,143.94
43,81,126,146.59
43,82,125,146.97
43,83,124,157.7
43,84,123,140.63
43,85,122,138.52
43,86,121,144.89
43,87,120,141.99
43,88,119,137.48
43,89,118,131.43
43,90,117,141.18
43,91,116,143.71
43,92,115,130.2
43,93,114,125.81
43,94,113,132.0
43,95,112,131.17
43,96,111,138.43
43,97,110,127.01
43,98,109,132.52
43,99,108,122.23
43,100,107,126.39
43,101,106,144.0
43,102,105,124.59
43,103,104,130.46
43,104,103,127.63
43,105,102,121.16
43,106,101,121.26
43,107,100,122.14
43,108,99,125.45
43,109,98,124.54
43,110,97,127.32
43,111,96,113.4
43,112,95,106.8
43,113,94,112.51
43,114,93,118.8
43,115,92,114.2
43,116,91,126.59
43,117,90,116.54
43,118,89,116.13
43,119,88,117.05
43,120,87,105.66
43,121,86,109.28
43,122,85,113.27
43,123,84,114.6
43,124,83,98.4
43,125,82,105.8
43,126,81,110.75
43,127,80,102.87
43,128,79,104.2
43,129,78,106.14
43,130,77,104.66
43,131,76,95.57
43,132,75,120.86
43,133,74,95.11
43,134,73,102.3
43,135,72,100.59
43,136,71,102.64
43,137,70,93.62
43,138,69,86.13
43,139,68,94.13
43,140,67,90.38
43,141,66,94.04
43,142,65,89.74
43,143,64,79.88
43,144,63,88.05
43,145,62,80.85
43,146,61,103.68
43,147,60,87.35
43,148,59,97.88
43,149,58,87.64
43,150,57,98.21
43,151,56,80.15
43,152,55,79.13
43,153,54,82.34
43,154,53,81.21
43,155,52,79.67
43,156,51,86.01
43,157,50,78.05
43,158,49,88.69
43,159,48,79.74
43,160,47,64.27
43,161,46,75.49
43,162,45,75.59
43,163,44,48.63
43,164,43,69.96
43,165,42,69.15
43,166,41,62.44
43,167,40,64.02
43,168,39,46.59
43,169,38,40.51
43,170,37,53.72
43,171,36,44.11
43,172,35,39.43
43,173,34,43.1
43,174,33,39.03
43,175,32,44.6
43,176,31,42.79
43,177,30,33.21
43,178,29,38.51
43,179,28,60.61
43,180,27,41.96
43,181,26,30.47
43,182,25,31.08
43,183,24,28.83
43,184,23,24.85
43,185,22,22.65
43,186,21,21.66
43,187,20,25.94
43,188,19,19.88
43,189,18,18.62
43,190,17,17.37
43,191,16,15.77
43,192,15,18.69
43,193,14,13.4
43,194,13,13.09
43,195,12,15.69
43,196,11,14.15
43,197,10,17.16
43,198,9,10.78
43,199,8,7.46
43,200,7,9.71
43,201,6,5.83
43,202,5,6.81
43,203,4,5.1
43,204,3,4.64
43,205,2,2.04
43,206,1,3.27
43,207,0,3.08
44,1,191,176.36
44,2,190,163.55
44,3,189,174.98
44,4,188,176.44
44,5,187,181.1
44,6,186,170.09
44,7,185,168.41
44,8,184,176.16
44,9,183,173.62
44,10,182,168.43
44,11,181,164.02
44,12,180,176.91
44,13,179,175.46
44,14,178,165.77
44,15,177,173.4
44,16,176,166.82
44,17,175,172.86
44,18,174,164.83
44,19,173,163.1
44,20,172,175.97
44,21,171,172.22
44,22,170,146.26
44,23,169,168.71
44,24,168,174.92
44,25,167,166.83
44,26,166,159.63
44,27,165,163.0
44,28,164,160.98
44,29,163,159.0
44,30,162,163.0
44,31,161,158.37
44,32,160,156.04
44,33,159,149.9
44,34,158,149.28
44,35,157,158.31
44,36,156,156.54
44,37,155,164.03
44,38,154,150.36
44,39,153,149.64
44,40,152,156.64
44,41,151,162.88
44,42,150,153.33
44,43,149,146.1
44,44,148,156.05
44,45,147,150.24
44,46,146,147.3
44,47,145,139.64
44,48,144,154.59
44,49,143,143.62
44,50,142,145.62
44,51,141,149.36
44,52,140,138.83
44,53,139,146.07
44,54,138,139.09
44,55,137,149.06
44,56,136,146.48
44,57,135,151.24
44,58,134,140.47
44,59,133,137.91
44,60,132,138.86
44,61,131,137.07
44,62,130,139.48
44,63,129,131.07
44,64,128,138.83
44,65,127,138.01
44,66,126,131.21
44,67,125,126.99
44,68,124,137.17
44,69,123,131.35
44,70,122,138.99
44,71,121,129.78
44,72,120,134.61
44,73,119,127.69
44,74,118,136.12
44,75,117,131.75
44,76,116,128.25
44,77,115,128.55
44,78,114,114.86
44,79,113,123.42
44,80,112,123.28
44,81,111,120.24
44,82,110,115.01
44,83,109,130.7
44,84,108,117.51
44,85,107,116.31
44,86,106,128.03
44,87,105,126.68
44,88,104,109.85
44,89,103,114.1
44,90,102,113.66
44,91,101,104.57
44,92,100,101.59
44,93,99,110.85
44,94,98,102.11
44,95,97,102.9
44,96,96,105.39
44,97,95,101.54
44,98,94,98.05
44,99,93,109.79
44,100,92,106.01
44,101,91,108.09
44,102,90,93.56
44,103,89,95.91
44,104,88,92.5
44,105,87,97.59
44,106,86,104.82
44,107,85,89.42
44,108,84,88.51
44,109,83,91.59
44,110,82,95.68
44,111,81,87.1
44,112,80,97.82
44,113,79,94.06
44,114,78,89.17
44,115,77,88.66
44,116,76,85.92
44,117,75,84.64
44,118,74,77.11
44,119,73,93.31
44,120,72,84.4
44,121,71,99.18
44,122,70,88.37
44,123,69,85.97
44,124,68,75.43
44,125,67,78.46
44,126,66,77.79
44,127,65,87.21
44,128,64,84.95
44,129,63,75.15
44,130,62,84.49
44,131,61,67.82
44,132,60,68.01
44,133,59,67.4
44,134,58,68.46
44,135,57,60.03
44,136,56,62.24
44,137,55,57.69
44,138,54,70.41
44,139,53,55.23
44,140,52,60.39
44,141,51,59.72
44,142,50,56.04
44,143,49,55.08
44,144,48,60.22
44,145,47,56.0
44,146,46,48.99
44,147,45,62.12
44,148,44,55.51
44,149,43,53.19
44,150,42,48.46
44,151,41,51.54
44,152,40,45.04
44,153,39,48.39
44,154,38,43.54
44,155,37,43.67
44,156,36,44.68
44,157,35,42.8
44,158,34,47.14
44,159,33,32.49
44,160,32,41.63
44,161,31,35.96
44,162,30,36.71
44,163,29,42.43
44,164,28,41.56
44,165,27,37.02
44,166,26,31.72
44,167,25,31.9
44,168,24,30.09
44,169,23,30.42
44,170,22,28.33
44,171,21,27.43
44,172,20,26.0
44,173,19,21.89
44,174,18,21.95
44,175,17,19.75
44,176,16,19.64
44,177,15,20.24
44,178,14,17.21
44,179,13,15.72
44,180,12,13.32
44,181,11,12.69
44,182,10,9.2
44,183,9,13.5
44,184,8,8.84
44,185,7,9.43
44,186,6,8.34
44,187,5,5.92
44,188,4,4.07
44,189,3,4.96
44,190,2,4.54
44,191,1,3.8
44,192,0,1.32
45,1,157,159.31
45,2,156,168.48
45,3,155,167.89
45,4,154,159.42
45,5,153,150.6
45,6,152,166.25
45,7,151,136.22
45,8,150,171.07
45,9,149,164.63
45,10,148,141.88
45,11,147,160.33
45,12,146,159.77
45,13,145,151.97
45,14,144,151.73
45,15,143,146.98
45,16,142,153.52
45,17,141,146.82
45,18,140,152.9
45,19,139,152.27
45,20,138,141.01
45,21,137,140.63
45,22,136,140.67
45,23,135,151.5
45,24,134,138.23
45,25,133,149.35
45,26,132,134.05
45,27,131,148.37
45,28,130,150.72
45,29,129,147.83
45,30,128,142.89
45,31,127,127.07
45,32,126,129.57
45,33,125,141.47
45,34,124,133.92
45,35,123,125.89
45,36,122,125.8
45,37,121,141.22
45,38,120,131.81
45,39,119,136.51
45,40,118,137.39
45,41,117,121.69
45,42,116,137.96
45,43,115,137.15
45,44,114,128.82
45,45,113,108.31
45,46,112,123.94
45,47,111,134.42
45,48,110,129.81
45,49,109,123.99
45,50,108,111.86
45,51,107,121.95
45,52,106,129.1
45,53,105,111.51
45,54,104,118.56
45,55,103,107.78
45,56,102,119.66
45,57,101,110.3
45,58,100,117.55
45,59,99,118.34
45,60,98,106.78
45,61,97,104.95
45,62,96,105.1
45,63,95,121.47
45,64,94,105.2
45,65,93,112.23
45,66,92,96.52
45,67,91,125.45
45,68,90,111.09
45,69,89,112.19
45,70,88,103.89
45,71,87,107.87
45,72,86,100.1
45,73,85,114.21
45,74,84,110.89
45,75,83,95.24
45,76,82,96.46
45,77,81,95.76
45,78,80,95.58
45,79,79,93.24
45,80,78,97.43
45,81,77,99.86
45,82,76,89.09
45,83,75,82.85
45,84,74,94.91
45,85,73,87.24
45,86,72,81.25
45,87,71,82.86
45,88,70,77.21
45,89,69,85.82
45,90,68,84.32
45,91,67,72.9
45,92,66,86.11
45,93,65,76.99
45,94,64,79.73
45,95,63,75.25
45,96,62,94.05
45,97,61,85.14
45,98,60,70.58
45,99,59,68.35
45,100,58,64.21
45,101,57,66.39
45,102,56,66.72
45,103,55,77.56
45,104,54,72.14
45,105,53,68.1
45,106,52,55.76
45,107,51,68.94
45,108,50,59.05
45,109,49,61.05
45,110,48,58.63
45,111,47,58.76
45,112,46,74.64
45,113,45,56.63
45,114,44,49.54
45,115,43,52.93
45,116,42,52.77
45,117,41,49.73
45,118,40,46.89
45,119,39,51.84
45,120,38,50.3
45,121,37,46.57
45,122,36,45.95
45,123,35,41.66
45,124,34,45.86
45,125,33,42.85
45,126,32,39.07
45,127,31,41.84
45,128,30,38.08
45,129,29,39.21
45,130,28,36.14
45,131,27,33.02
45,132,26,38.18
45,133,25,32.27
45,134,24,33.01
45,135,23,29.88
45,136,22,30.06
45,137,21,28.48
45,138,20,26.35
45,139,19,22.66
45,140,18,21.77
45,141,17,21.71
45,142,16,18.04
45,143,15,25.32
45,144,14,22.52
45,145,13,12.41
45,146,12,14.76
45,147,11,14.09
45,148,10,11.89
45,149,9,10.84
45,150,8,10.46
45,151,7,13.63
45,152,6,7.26
45,153,5,6.79
45,154,4,5.53
45,155,3,4.26
45,156,2,2.92
45,157,1,1.32
45,158,0,1.04
46,1,255,224.97
46,2,254,229.95
46,3,253,213.23
46,4,252,217.59
46,5,251,223.74
46,6,250,225.32
46,7,249,223.47
46,8,248,222.05
46,9,247,230.85
46,10,246,230.79
46,11,245,211.53
46,12,244,215.56
46,13,243,215.18
46,14,242,224.59
46,15,241,222.86
46,16,240,214.87
46,17,239,216.25
46,18,238,210.82
46,19,237,217.13
46,20,236,219.82
46,21,235,215.02
46,22,234,221.16
46,23,233,208.07
46,24,232,216.2
46,25,231,218.29
46,26,230,210.57
46,27,229,209.37
46,28,228,212.9
46,29,227,207.47
46,30,226,212.53
46,31,225,214.69
46,32,224,203.6
46,33,223,198.11
46,34,222,212.45
46,35,221,203.34
46,36,220,205.25
46,37,219,205.15
46,38,218,199.94
46,39,217,194.75
46,40,216,206.58
46,41,215,201.79
46,42,214,205.46
46,43,213,214.23
46,44,212,191.09
46,45,211,208.52
46,46,210,199.86
46,47,209,190.87
46,48,208,194.61
46,49,207,194.13
46,50,206,191.53
46,51,205,197.59
46,52,204,190.31
46,53,203,193.21
46,54,202,179.73
46,55,201,195.09
46,56,200,187.38
46,57,199,195.89
46,58,198,196.19
46,59,197,183.99
46,60,196,186.13
46,61,195,182.09
46,62,194,187.84
46,63,193,196.46
46,64,192,190.36
46,65,191,175.79
46,66,190,176.06
46,67,189,182.1
46,68,188,183.66
46,69,187,174.63
46,70,186,191.25
46,71,185,170.42
46,72,184,177.02
46,73,183,172.82
46,74,182,171.05
46,75,181,184.32
46,76,180,181.62
46,77,179,179.94
46,78,178,175.83
46,79,177,176.38
46,80,176,169.17
46,81,175,173.08
46,82,174,168.22
46,83,173,167.08
46,84,172,162.22
46,85,171,177.12
46,86,170,164.91
46,87,169,170.65
46,88,168,170.59
46,89,167,162.84
46,90,166,162.77
46,91,165,166.73
46,92,164,182.1
46,93,163,166.27
46,94,162,157.28
46,95,161,177.11
46,96,160,159.15
46,97,159,169.93
46,98,158,159.92
46,99,157,158.66
46,100,156,160.43
46,101,155,158.32
46,102,154,167.51
46,103,153,162.17
46,104,152,157.7
46,105,151,149.21
46,106,150,161.07
46,107,149,151.35
46,108,148,152.83
46,109,147,144.14
46,110,146,148.42
46,111,145,166.34
46,112,144,148.89
46,113,143,154.65
46,114,142,149.95
46,115,141,157.48
46,116,140,144.94
46,117,139,137.41
46,118,138,142.57
46,119,137,147.45
46,120,136,142.07
46,121,135,148.37
46,122,134,142.58
46,123,133,137.89
46,124,132,135.72
46,125,131,139.29
46,126,130,133.99
46,127,129,148.46
46,128,128,132.82
46,129,127,134.64
46,130,126,142.09
46,131,125,135.22
46,132,124,140.4
46,133,123,134.34
46,134,122,131.78
46,135,121,124.47
46,136,120,138.13
46,137,119,140.03
46,138,118,133.97
46,139,117,124.09
46,140,116,126.64
46,141,115,129.25
46,142,114,128.55
46,143,113,138.89
46,144,112,126.67
46,145,111,132.67
46,146,110,126.7
46,147,109,125.8
46,148,108,132.53
46,149,107,125.57
46,150,106,128.19
46,151,105,123.39
46,152,104,109.75
46,153,103,119.42
46,154,102,120.76
46,155,101,114.57
46,156,100,134.19
46,157,99,116.55
46,158,98,120.52
46,159,97,123.58
46,160,96,119.0
46,161,95,109.9
46,162,94,113.07
46,163,93,114.23
46,164,92,109.6
46,165,91,114.57
46,166,90,102.23
46,167,89,113.75
46,168,88,119.06
46,169,87,96.82
46,170,86,104.94
46,171,85,107.03
46,172,84,114.84
46,173,83,99.79
46,174,82,88.64
46,175,81,96.19
46,176,80,96.12
46,177,79,97.94
46,178,78,91.82
46,179,77,89.44
46,180,76,92.01
46,181,75,90.83
46,182,74,88.77
46,183,73,92.78
46,184,72,97.21
46,185,71,89.4
46,186,70,87.31
46,187,69,84.96
46,188,68,85.76
46,189,67,77.85
46,190,66,82.83
46,191,65,86.11
46,192,64,84.97
46,193,63,76.64
46,194,62,89.08
46,195,61,76.52
46,196,60,92.06
46,197,59,72.45
46,198,58,67.77
46,199,57,70.75
46,200,56,70.23
46,201,55,67.67
46,202,54,90.19
46,203,53,64.18
46,204,52,82.31
46,205,51,73.86
46,206,50,62.71
46,207,49,60.19
46,208,48,67.17
46,209,47,66.86
46,210,46,50.44
46,211,45,61.29
46,212,44,57.34
46,213,43,52.67
46,214,42,56.56
46,215,41,47.73
46,216,40,47.24
46,217,39,46.05
46,218,38,37.79
46,219,37,39.13
46,220,36,36.54
46,221,35,36.7
46,222,34,45.55
46,223,33,52.63
46,224,32,40.58
46,225,31,30.01
46,226,30,44.56
46,227,29,35.32
46,228,28,35.99
46,229,27,35.27
46,230,26,29.5
46,231,25,29.52
46,232,24,29.5
46,233,23,26.19
46,234,22,23.84
46,235,21,21.7
46,236,20,20.17
46,237,19,27.77
46,238,18,17.77
46,239,17,16.94
46,240,16,15.22
46,241,15,22.46
46,242,14,14.63
46,243,13,12.47
46,244,12,14.96
46,245,11,10.99
46,246,10,9.37
46,247,9,11.18
46,248,8,7.32
46,249,7,6.99
46,250,6,5.63
46,251,5,4.79
46,252,4,5.31
46,253,3,3.14
46,254,2,3.55
46,255,1,1.79
46,256,0,0.38
47,1,213,199.34
47,2,212,200.02
47,3,211,197.55
47,4,210,203.05
47,5,209,203.74
47,6,208,192.24
47,7,207,193.11
47,8,206,194.27
47,9,205,193.9
47,10,204,185.04
47,11,203,188.32
47,12,202,188.4
47,13,201,177.83
47,14,200,191.42
47,15,199,185.24
47,16,198,188.99
47,17,197,199.51
47,18,196,187.65
47,19,195,185.44
47,20,194,180.2
47,21,193,175.6
47,22,192,178.37
47,23,191,177.31
47,24,190,181.72
47,25,189,181.09
47,26,188,176.24
47,27,187,183.73
47,28,186,179.57
47,29,185,185.64
47,30,184,184.12
47,31,183,184.93
47,32,182,170.87
47,33,181,179.81
47,34,180,178.59
47,35,179,174.11
47,36,178,175.14
47,37,177,181.19
47,38,176,179.45
47,39,175,171.18
47,40,174,175.15
47,41,173,175.64
47,42,172,161.41
47,43,171,177.75
47,44,170,170.59
47,45,169,175.31
47,46,168,155.51
47,47,167,171.12
47,48,166,166.5
47,49,165,163.85
47,50,164,160.7
47,51,163,165.82
47,52,162,157.21
47,53,161,167.26
47,54,160,153.07
47,55,159,160.27
47,56,158,176.31
47,57,157,154.73
47,58,156,148.28
47,59,155,168.4
47,60,154,168.16
47,61,153,159.95
47,62,152,153.57
47,63,151,150.28
47,64,150,148.99
47,65,149,150.11
47,66,148,150.95
47,67,147,154.43
47,68,146,152.38
47,69,145,146.73
47,70,144,155.16
47,71,143,156.85
47,72,142,145.16
47,73,141,145.74
47,74,140,149.45
47,75,139,145.0
47,76,138,149.16
47,77,137,143.82
47,78,136,144.2
47,79,135,144.87
47,80,134,149.01
47,81,133,143.1
47,82,132,139.51
47,83,131,136.8
47,84,130,133.0
47,85,129,133.7
47,86,128,144.21
47,87,127,142.91
47,88,126,136.34
47,89,125,133.85
47,90,124,130.12
47,91,123,135.91
47,92,122,125.72
47,93,121,139.91
47,94,120,130.39
47,95,119,133.45
47,96,118,137.23
47,97,117,130.13
47,98,116,128.05
47,99,115,118.09
47,100,114,133.2
47,101,113,124.69
47,102,112,119.19
47,103,111,110.76
47,104,110,128.23
47,105,109,110.81
47,106,108,122.48
47,107,107,111.18
47,108,106,118.63
47,109,105,107.19
47,110,104,118.11
47,111,103,101.41
47,112,102,112.93
47,113,101,112.34
47,114,100,110.43
47,115,99,99.92
47,116,98,118.09
47,117,97,100.93
47,118,96,115.17
47,119,95,108.88
47,120,94,92.27
47,121,93,117.66
47,122,92,102.66
47,123,91,106.83
47,124,90,94.61
47,125,89,89.09
47,126,88,109.38
47,127,87,107.54
47,128,86,90.05
47,129,85,85.91
47,130,84,102.03
47,131,83,83.29
47,132,82,84.67
47,133,81,91.16
47,134,80,101.27
47,135,79,84.13
47,136,78,82.31
47,137,77,84.12
47,138,76,82.88
47,139,75,82.09
47,140,74,91.05
47,141,73,92.21
47,142,72,75.57
47,143,71,84.72
47,144,70,80.35
47,145,69,96.41
47,146,68,80.94
47,147,67,68.93
47,148,66,71.75
47,149,65,80.35
47,150,64,83.41
47,151,63,64.27
47,152,62,68.21
47,153,61,59.97
47,154,60,60.7
47,155,59,69.63
47,156,58,63.68
47,157,57,65.63
47,158,56,55.1
47,159,55,58.92
47,160,54,67.04
47,161,53,59.07
47,162,52,52.53
47,163,51,55.06
47,164,50,51.16
47,165,49,55.08
47,166,48,53.19
47,167,47,51.96
47,168,46,55.67
47,169,45,46.43
47,170,44,46.3
47,171,43,47.16
47,172,42,44.6
47,173,41,43.09
47,174,40,44.87
47,175,39,44.25
47,176,38,43.44
47,177,37,43.56
47,178,36,42.26
47,179,35,39.83
47,180,34,35.56
47,181,33,36.63
47,182,32,37.38
47,183,31,34.97
47,184,30,35.3
47,185,29,30.86
47,186,28,31.08
47,187,27,33.15
47,188,26,32.78
47,189,25,31.78
47,190,24,31.37
47,191,23,28.2
47,192,22,25.39
47,193,21,30.68
47,194,20,20.7
47,195,19,25.64
47,196,18,22.81
47,197,17,21.39
47,198,16,18.65
47,199,15,15.59
47,200,14,13.29
47,201,13,18.44
47,202,12,14.13
47,203,11,15.76
47,204,10,10.41
47,205,9,11.52
47,206,8,14.26
47,207,7,5.9
47,208,6,6.73
47,209,5,6.22
47,210,4,5.59
47,211,3,6.71
47,212,2,6.18
47,213,1,2.75
47,214,0,1.0
48,1,230,196.04
48,2,229,205.36
48,3,228,204.17
48,4,227,202.94
48,5,226,201.95
48,6,225,199.72
48,7,224,195.91
48,8,223,204.6
48,9,222,204.88
48,10,221,213.26
48,11,220,192.45
48,12,219,206.35
48,13,218,210.17
48,14,217,207.02
48,15,216,199.14
48,16,215,199.91
48,17,214,197.25
48,18,213,189.87
48,19,212,200.74
48,20,211,190.02
48,21,210,199.68
48,22,209,195.02
48,23,208,191.57
48,24,207,189.43
48,25,206,201.85
48,26,205,185.8
48,27,204,184.53
48,28,203,182.13
48,29,202,192.03
48,30,201,186.8
48,31,200,177.87
48,32,199,180.11
48,33,198,185.99
48,34,197,178.75
48,35,196,184.55
48,36,195,171.39
48,37,194,181.79
48,38,193,183.74
48,39,192,178.38
48,40,191,187.12
48,41,190,174.93
48,42,189,176.4
48,43,188,182.62
48,44,187,183.2
48,45,186,176.75
48,46,185,175.7
48,47,184,171.11
48,48,183,177.62
48,49,182,176.23
48,50,181,174.81
48,51,180,176.75
48,52,179,179.27
48,53,178,161.19
48,54,177,177.05
48,55,176,165.68
48,56,175,171.48
48,57,174,173.83
48,58,173,170.45
48,59,172,171.66
48,60,171,174.68
48,61,170,158.81
48,62,169,169.49
48,63,168,161.84
48,64,167,165.43
48,65,166,165.1
48,66,165,174.02
48,67,164,166.87
48,68,163,168.42
48,69,162,162.57
48,70,161,157.44
48,71,160,154.28
48,72,159,160.3
48,73,158,162.32
48,74,157,144.89
48,75,156,154.01
48,76,155,154.85
48,77,154,141.74
48,78,153,154.46
48,79,152,148.33
48,80,151,158.73
48,81,150,157.02
48,82,149,139.93
48,83,148,147.05
48,84,147,154.31
48,85,146,149.34
48,86,145,151.22
48,87,144,149.52
48,88,143,143.92
48,89,142,154.58
48,90,141,143.72
48,91,140,140.86
48,92,139,148.24
48,93,138,150.26
48,94,137,138.83
48,95,136,140.32
48,96,135,134.39
48,97,134,124.19
48,98,133,137.47
48,99,132,121.85
48,100,131,148.18
48,101,130,122.34
48,102,129,139.13
48,103,128,133.45
48,104,127,130.62
48,105,126,125.26
48,106,125,125.55
48,107,124,130.74
48,108,123,122.41
48,109,122,129.19
48,110,121,120.73
48,111,120,120.14
48,112,119,110.89
48,113,118,128.03
48,114,117,125.36
48,115,116,117.85
48,116,115,111.04
48,117,114,114.98
48,118,113,123.15
48,119,112,129.34
48,120,111,123.99
48,121,110,120.73
48,122,109,111.79
48,123,108,124.58
48,124,107,116.32
48,125,106,104.27
48,126,105,105.35
48,127,104,101.09
48,128,103,101.13
48,129,102,97.3
48,130,101,102.12
48,131,100,98.98
48,132,99,104.38
48,133,98,88.77
48,134,97,91.09
48,135,96,97.73
48,136,95,93.34
48,137,94,96.11
48,138,93,89.51
48,139,92,90.36
48,140,91,89.27
48,141,90,86.29
48,142,89,89.47
48,143,88,86.52
48,144,87,85.88
48,145,86,84.43
48,146,85,80.03
48,147,84,82.02
48,148,83,81.78
48,149,82,83.79
48,150,81,79.57
48,151,80,75.67
48,152,79,76.14
48,153,78,75.03
48,154,77,74.16
48,155,76,72.92
48,156,75,70.71
48,157,74,70.83
48,158,73,69.74
48,159,72,70.57
48,160,71,67.29
48,161,70,69.38
48,162,69,65.9
48,163,68,66.02
48,164,67,64.77
48,165,66,59.93
48,166,65,61.16
48,167,64,61.88
48,168,63,63.21
48,169,62,60.53
48,170,61,61.67
48,171,60,58.62
48,172,59,57.84
48,173,58,55.11
48,174,57,56.03
48,175,56,54.38
48,176,55,52.15
48,177,54,50.62
48,178,53,49.82
48,179,52,52.99
48,180,51,47.81
48,181,50,47.63
48,182,49,48.36
48,183,48,45.15
48,184,47,43.04
48,185,46,45.1
48,186,45,46.03
48,187,44,41.7
48,188,43,40.97
48,189,42,39.7
48,190,41,40.12
48,191,40,38.12
48,192,39,37.14
48,193,38,36.84
48,194,37,34.93
48,195,36,35.56
48,196,35,33.6
48,197,34,31.46
48,198,33,31.45
48,199,32,28.85
48,200,31,30.27
48,201,30,27.52
48,202,29,27.73
48,203,28,27.49
48,204,27,25.43
48,205,26,25.11
48,206,25,23.78
48,207,24,23.43
48,208,23,22.68
48,209,22,19.82
48,210,21,19.67
48,211,20,19.38
48,212,19,17.28
48,213,18,17.65
48,214,17,18.0
48,215,16,15.38
48,216,15,15.76
48,217,14,14.77
48,218,13,13.25
48,219,12,10.85
48,220,11,11.43
48,221,10,11.2
48,222,9,8.86
48,223,8,8.16
48,224,7,6.8
48,225,6,6.36
48,226,5,6.5
48,227,4,4.89
48,228,3,5.21
48,229,2,3.21
48,230,1,1.9
48,231,0,1.57
49,1,214,194.11
49,2,213,193.79
49,3,212,188.87
49,4,211,187.63
49,5,210,190.57
49,6,209,194.3
49,7,208,181.43
49,8,207,175.74
49,9,206,186.12
49,10,205,182.46
49,11,204,180.68
49,12,203,184.55
49,13,202,179.01
49,14,201,180.99
49,15,200,181.15
49,16,199,183.47
49,17,198,185.37
49,18,197,167.47
49,19,196,186.77
49,20,195,171.91
49,21,194,182.88
49,22,193,176.15
49,23,192,186.77
49,24,191,173.04
49,25,190,180.18
49,26,189,171.84
49,27,188,174.21
49,28,187,177.3
49,29,186,173.04
49,30,185,173.15
49,31,184,176.15
49,32,183,158.8
49,33,182,161.18
49,34,181,167.09
49,35,180,167.06
49,36,179,173.29
49,37,178,170.91
49,38,177,169.61
49,39,176,164.64
49,40,175,162.85
49,41,174,160.63
49,42,173,162.86
49,43,172,168.08
49,44,171,166.69
49,45,170,163.59
49,46,169,147.81
49,47,168,163.8
49,48,167,164.51
49,49,166,154.55
49,50,165,159.39
49,51,164,157.23
49,52,163,162.49
49,53,162,165.15
49,54,161,156.69
49,55,160,159.19
49,56,159,151.91
49,57,158,154.41
49,58,157,157.09
49,59,156,150.32
49,60,155,157.76
49,61,154,145.25
49,62,153,138.51
49,63,152,144.73
49,64,151,150.98
49,65,150,145.88
49,66,149,138.75
49,67,148,146.65
49,68,147,147.14
49,69,146,139.25
49,70,145,141.5
49,71,144,145.51
49,72,143,144.92
49,73,142,141.1
49,74,141,138.8
49,75,140,143.14
49,76,139,138.5
49,77,138,145.38
49,78,137,133.5
49,79,136,136.9
49,80,135,127.35
49,81,134,126.21
49,82,133,141.23
49,83,132,128.1
49,84,131,143.52
49,85,130,131.1
49,86,129,142.8
49,87,128,133.32
49,88,127,129.57
49,89,126,138.08
49,90,125,138.6
49,91,124,135.22
49,92,123,135.75
49,93,122,130.78
49,94,121,116.45
49,95,120,131.42
49,96,119,132.58
49,97,118,118.28
49,98,117,96.5
49,99,116,124.06
49,100,115,119.19
49,101,114,117.27
49,102,113,122.42
49,103,112,108.37
49,104,111,124.25
49,105,110,109.38
49,106,109,120.38
49,107,108,128.89
49,108,107,121.28
49,109,106,116.52
49,110,105,108.76
49,111,104,112.47
49,112,103,121.25
49,113,102,97.35
49,114,101,108.45
49,115,100,106.12
49,116,99,109.92
49,117,98,100.34
49,118,97,103.25
49,119,96,104.56
49,120,95,108.64
49,121,94,94.45
49,122,93,107.23
49,123,92,94.61
49,124,91,111.43
49,125,90,82.51
49,126,89,94.94
49,127,88,102.92
49,128,87,94.93
49,129,86,100.96
49,130,85,99.13
49,131,84,85.06
49,132,83,76.09
49,133,82,90.95
49,134,81,89.02
49,135,80,71.05
49,136,79,86.2
49,137,78,93.36
49,138,77,85.83
49,139,76,89.24
49,140,75,82.99
49,141,74,83.07
49,142,73,80.16
49,143,72,82.0
49,144,71,84.83
49,145,70,60.39
49,146,69,77.34
49,147,68,82.11
49,148,67,58.59
49,149,66,71.61
49,150,65,77.79
49,151,64,71.45
49,152,63,57.13
49,153,62,60.77
49,154,61,70.41
49,155,60,65.53
49,156,59,70.06
49,157,58,54.67
49,158,57,48.91
49,159,56,49.65
49,160,55,63.86
49,161,54,65.61
49,162,53,45.75
49,163,52,46.55
49,164,51,50.0
49,165,50,56.7
49,166,49,45.07
49,167,48,48.24
49,168,47,42.16
49,169,46,39.91
49,170,45,49.75
49,171,44,45.82
49,172,43,41.47
49,173,42,40.6
49,174,41,43.34
49,175,40,38.54
49,176,39,32.89
49,177,38,37.93
49,178,37,37.13
49,179,36,35.96
49,180,35,37.42
49,181,34,35.32
49,182,33,27.28
49,183,32,32.56
49,184,31,28.84
49,185,30,28.65
49,186,29,30.86
49,187,28,35.31
49,188,27,26.41
49,189,26,25.56
49,190,25,24.66
49,191,24,23.44
49,192,23,23.48
49,193,22,21.07
49,194,21,17.94
49,195,20,14.93
49,196,19,19.02
49,197,18,13.89
49,198,17,13.47
49,199,16,18.22
49,200,15,12.63
49,201,14,16.45
49,202,13,11.32
49,203,12,10.73
49,204,11,10.65
49,205,10,11.59
49,206,9,8.41
49,207,8,7.84
49,208,7,7.77
49,209,6,8.98
49,210,5,6.04
49,211,4,3.44
49,212,3,4.35
49,213,2,2.48
49,214,1,1.97
49,215,0,1.22
50,1,197,181.54
50,2,196,179.86
50,3,195,172.86
50,4,194,174.07
50,5,193,177.8
50,6,192,176.04
50,7,191,177.9
50,8,190,172.62
50,9,189,166.48
50,10,188,178.21
50,11,187,179.8
50,12,186,171.78
50,13,185,168.46
50,14,184,172.97
50,15,183,165.85
50,16,182,174.08
50,17,181,155.41
50,18,180,166.59
50,19,179,157.5
50,20,178,172.31
50,21,177,168.8
50,22,176,158.91
50,23,175,164.78
50,24,174,167.94
50,25,173,166.58
50,26,172,169.63
50,27,171,150.18
50,28,170,156.82
50,29,169,161.29
50,30,168,158.12
50,31,167,148.28
50,32,166,169.25
50,33,165,154.49
50,34,164,155.34
50,35,163,167.8
50,36,162,162.33
50,37,161,145.99
50,38,160,150.07
50,39,159,147.36
50,40,158,156.87
50,41,157,151.83
50,42,156,160.9
50,43,155,153.82
50,44,154,145.63
50,45,153,152.69
50,46,152,152.37
50,47,151,148.9
50,48,150,140.01
50,49,149,151.31
50,50,148,141.27
50,51,147,152.21
50,52,146,132.68
50,53,145,126.17
50,54,144,144.66
50,55,143,131.89
50,56,142,144.21
50,57,141,136.1
50,58,140,139.65
50,59,139,140.84
50,60,138,132.57
50,61,137,136.78
50,62,136,131.76
50,63,135,129.77
50,64,134,136.06
50,65,133,134.64
50,66,132,132.98
50,67,131,121.56
50,68,130,132.11
50,69,129,137.05
50,70,128,134.66
50,71,127,139.81
50,72,126,126.74
50,73,125,125.68
50,74,124,123.69
50,75,123,134.77
50,76,122,106.76
50,77,121,125.39
50,78,120,124.17
50,79,119,137.47
50,80,118,113.73
50,81,117,114.36
50,82,116,121.72
50,83,115,117.98
50,84,114,112.23
50,85,113,115.03
50,86,112,112.34
50,87,111,99.89
50,88,110,124.04
50,89,109,107.73
50,90,108,98.37
50,91,107,111.49
50,92,106,101.69
50,93,105,108.4
50,94,104,112.77
50,95,103,106.01
50,96,102,97.8
50,97,101,100.53
50,98,100,97.51
50,99,99,115.31
50,100,98,98.98
50,101,97,101.59
50,102,96,91.87
50,103,95,98.06
50,104,94,88.81
50,105,93,89.64
50,106,92,92.43
50,107,91,84.74
50,108,90,97.9
50,109,89,94.35
50,110,88,93.97
50,111,87,81.76
50,112,86,83.9
50,113,85,84.07
50,114,84,87.76
50,115,83,84.24
50,116,82,78.6
50,117,81,86.73
50,118,80,100.69
50,119,79,76.46
50,120,78,80.77
50,121,77,73.06
50,122,76,77.88
50,123,75,77.95
50,124,74,75.1
50,125,73,76.26
50,126,72,74.65
50,127,71,77.71
50,128,70,68.44
50,129,69,65.49
50,130,68,62.81
50,131,67,67.77
50,132,66,64.16
50,133,65,66.95
50,134,64,67.16
50,135,63,64.86
50,136,62,58.97
50,137,61,59.57
50,138,60,55.12
50,139,59,55.91
50,140,58,58.98
50,141,57,57.22
50,142,56,53.19
50,143,55,57.82
50,144,54,51.32
50,145,53,54.12
50,146,52,54.55
50,147,51,51.14
50,148,50,56.24
50,149,49,51.11
50,150,48,48.22
50,151,47,48.62
50,152,46,45.12
50,153,45,47.74
50,154,44,42.75
50,155,43,47.71
50,156,42,45.71
50,157,41,43.35
50,158,40,39.06
50,159,39,39.3
50,160,38,41.43
50,161,37,37.85
50,162,36,34.68
50,163,35,38.63
50,164,34,32.99
50,165,33,34.53
50,166,32,34.0
50,167,31,33.81
50,168,30,30.89
50,169,29,30.48
50,170,28,28.74
50,171,27,29.33
50,172,26,28.28
50,173,25,28.11
50,174,24,24.37
50,175,23,26.81
50,176,22,25.98
50,177,21,23.97
50,178,20,22.83
50,179,19,22.97
50,180,18,17.6
50,181,17,16.05
50,182,16,16.44
50,183,15,16.81
50,184,14,14.21
50,185,13,13.38
50,186,12,13.12
50,187,11,13.51
50,188,10,10.27
50,189,9,9.96
50,190,8,6.97
50,191,7,8.48
50,192,6,10.08
50,193,5,4.88
50,194,4,4.7
50,195,3,2.52
50,196,2,2.88
50,197,1,1.41
50,198,0,2.45
51,1,212,194.72
51,2,211,192.46
51,3,210,200.48
51,4,209,207.18
51,5,208,195.11
51,6,207,186.62
51,7,206,194.4
51,8,205,197.3
51,9,204,191.72
51,10,203,203.18
51,11,202,184.8
51,12,201,178.31
51,13,200,192.23
51,14,199,194.24
51,15,198,180.34
51,16,197,187.47
51,17,196,185.39
51,18,195,187.05
51,19,194,191.79
51,20,193,182.68
51,21,192,189.08
51,22,191,197.87
51,23,190,171.28
51,24,189,177.42
51,25,188,186.31
51,26,187,187.09
51,27,186,177.47
51,28,185,178.56
51,29,184,177.55
51,30,183,173.92
51,31,182,175.17
51,32,181,165.53
51,33,180,181.24
51,34,179,197.99
51,35,178,169.24
51,36,177,169.89
51,37,176,167.19
51,38,175,179.58
51,39,174,174.3
51,40,173,174.03
51,41,172,171.0
51,42,171,169.19
51,43,170,178.82
51,44,169,169.03
51,45,168,165.43
51,46,167,173.19
51,47,166,164.36
51,48,165,164.78
51,49,164,163.37
51,50,163,156.97
51,51,162,161.5
51,52,161,171.23
51,53,160,157.65
51,54,159,158.33
51,55,158,159.74
51,56,157,155.2
51,57,156,156.24
51,58,155,158.21
51,59,154,159.66
51,60,153,151.84
51,61,152,154.74
51,62,151,148.73
51,63,150,156.36
51,64,149,150.18
51,65,148,157.81
51,66,147,159.4
51,67,146,154.77
51,68,145,141.78
51,69,144,143.66
51,70,143,149.9
51,71,142,143.26
51,72,141,146.55
51,73,140,148.13
51,74,139,145.28
51,75,138,147.9
51,76,137,153.44
51,77,136,144.31
51,78,135,141.54
51,79,134,140.76
51,80,133,146.78
51,81,132,136.07
51,82,131,137.52
51,83,130,132.82
51,84,129,136.59
51,85,128,135.96
51,86,127,128.75
51,87,126,122.1
51,88,125,125.18
51,89,124,147.94
51,90,123,118.46
51,91,122,135.59
51,92,121,117.28
51,93,120,133.22
51,94,119,130.09
51,95,118,130.11
51,96,117,125.95
51,97,116,133.34
51,98,115,123.2
51,99,114,117.09
51,100,113,142.39
51,101,112,112.21
51,102,111,120.14
51,103,110,117.88
51,104,109,110.49
51,105,108,108.09
51,106,107,106.8
51,107,106,119.65
51,108,105,108.54
51,109,104,111.25
51,110,103,111.6
51,111,102,128.96
51,112,101,107.52
51,113,100,95.48
51,114,99,100.51
51,115,98,103.75
51,116,97,102.72
51,117,96,99.35
51,118,95,96.14
51,119,94,94.59
51,120,93,113.96
51,121,92,96.55
51,122,91,85.66
51,123,90,88.63
51,124,89,99.78
51,125,88,86.97
51,126,87,86.55
51,127,86,87.66
51,128,85,85.98
51,129,84,80.01
51,130,83,79.95
51,131,82,81.4
51,132,81,79.12
51,133,80,81.8
51,134,79,78.06
51,135,78,75.34
51,136,77,76.35
51,137,76,76.92
51,138,75,72.63
51,139,74,72.65
51,140,73,74.13
51,141,72,75.68
51,142,71,73.02
51,143,70,69.8
51,144,69,66.37
51,145,68,67.94
51,146,67,68.33
51,147,66,65.22
51,148,65,65.63
51,149,64,65.3
51,150,63,60.63
51,151,62,61.51
51,152,61,59.84
51,153,60,60.18
51,154,59,58.41
51,155,58,57.87
51,156,57,53.99
51,157,56,52.39
51,158,55,54.02
51,159,54,52.43
51,160,53,52.15
51,161,52,50.68
51,162,51,50.28
51,163,50,48.02
51,164,49,48.58
51,165,48,46.84
51,166,47,45.4
51,167,46,45.87
51,168,45,45.74
51,169,44,44.3
51,170,43,39.84
51,171,42,40.24
51,172,41,40.77
51,173,40,35.79
51,174,39,37.09
51,175,38,37.61
51,176,37,36.21
51,177,36,36.1
51,178,35,35.48
51,179,34,33.67
51,180,33,33.21
51,181,32,32.4
51,182,31,30.99
51,183,30,30.09
51,184,29,27.72
51,185,28,26.93
51,186,27,28.11
51,187,26,26.88
51,188,25,24.57
51,189,24,23.52
51,190,23,21.62
51,191,22,21.23
51,192,21,21.99
51,193,20,20.28
51,194,19,19.04
51,195,18,17.52
51,196,17,17.19
51,197,16,15.46
51,198,15,15.27
51,199,14,14.61
51,200,13,15.82
51,201,12,12.03
51,202,11,13.49
51,203,10,10.29
51,204,9,9.81
51,205,8,10.31
51,206,7,8.52
51,207,6,8.9
51,208,5,6.67
51,209,4,4.57
51,210,3,3.72
51,211,2,3.31
51,212,1,2.83
51,213,0,1.04
52,1,212,182.62
52,2,211,182.93
52,3,210,182.3
52,4,209,186.66
52,5,208,196.21
52,6,207,183.88
52,7,206,181.65
52,8,205,180.91
52,9,204,187.84
52,10,203,180.25
52,11,202,186.03
52,12,201,177.77
52,13,200,196.01
52,14,199,181.55
52,15,198,178.26
52,16,197,184.55
52,17,196,176.05
52,18,195,177.82
52,19,194,173.54
52,20,193,177.32
52,21,192,185.04
52,22,191,174.08
52,23,190,179.36
52,24,189,177.34
52,25,188,177.49
52,26,187,175.67
52,27,186,175.01
52,28,185,181.32
52,29,184,172.59
52,30,183,168.8
52,31,182,165.38
52,32,181,166.36
52,33,180,175.61
52,34,179,164.04
52,35,178,167.5
52,36,177,161.02
52,37,176,170.55
52,38,175,155.09
52,39,174,167.97
52,40,173,162.43
52,41,172,156.41
52,42,171,161.0
52,43,170,161.75
52,44,169,164.05
52,45,168,154.77
52,46,167,157.34
52,47,166,158.01
52,48,165,153.49
52,49,164,155.23
52,50,163,158.21
52,51,162,156.82
52,52,161,157.91
52,53,160,157.35
52,54,159,155.53
52,55,158,148.27
52,56,157,157.78
52,57,156,152.74
52,58,155,148.24
52,59,154,143.1
52,60,153,147.61
52,61,152,151.26
52,62,151,145.2
52,63,150,150.59
52,64,149,157.05
52,65,148,150.71
52,66,147,146.39
52,67,146,145.57
52,68,145,144.32
52,69,144,145.03
52,70,143,141.08
52,71,142,136.28
52,72,141,137.43
52,73,140,139.84
52,74,139,142.45
52,75,138,142.5
52,76,137,140.35
52,77,136,140.48
52,78,135,137.49
52,79,134,140.2
52,80,133,144.89
52,81,132,146.32
52,82,131,142.77
52,83,130,131.67
52,84,129,127.85
52,85,128,125.88
52,86,127,125.9
52,87,126,128.3
52,88,125,128.7
52,89,124,124.6
52,90,123,126.02
52,91,122,131.49
52,92,121,129.36
52,93,120,117.49
52,94,119,118.74
52,95,118,113.39
52,96,117,127.39
52,97,116,123.89
52,98,115,120.12
52,99,114,112.55
52,100,113,121.04
52,101,112,115.14
52,102,111,127.09
52,103,110,119.78
52,104,109,111.51
52,105,108,119.63
52,106,107,101.42
52,107,106,101.97
52,108,105,112.79
52,109,104,99.47
52,110,103,116.58
52,111,102,99.74
52,112,101,119.64
52,113,100,116.35
52,114,99,107.52
52,115,98,114.38
52,116,97,111.55
52,117,96,89.97
52,118,95,98.28
52,119,94,92.3
52,120,93,110.03
52,121,92,89.07
52,122,91,100.06
52,123,90,104.89
52,124,89,98.15
52,125,88,96.81
52,126,87,92.96
52,127,86,90.89
52,128,85,94.53
52,129,84,99.47
52,130,83,77.75
52,131,82,97.06
52,132,81,83.96
52,133,80,96.39
52,134,79,96.06
52,135,78,89.86
52,136,77,80.6
52,137,76,82.63
52,138,75,90.73
52,139,74,85.75
52,140,73,78.73
52,141,72,82.78
52,142,71,87.51
52,143,70,75.12
52,144,69,74.32
52,145,68,75.94
52,146,67,74.28
52,147,66,76.27
52,148,65,75.88
52,149,64,65.29
52,150,63,80.43
52,151,62,72.68
52,152,61,70.83
52,153,60,65.69
52,154,59,58.56
52,155,58,60.54
52,156,57,69.22
52,157,56,54.67
52,158,55,58.07
52,159,54,64.78
52,160,53,53.84
52,161,52,52.52
52,162,51,43.59
52,163,50,48.37
52,164,49,50.5
52,165,48,50.6
52,166,47,53.45
52,167,46,62.36
52,168,45,43.41
52,169,44,36.93
52,170,43,43.02
52,171,42,41.84
52,172,41,46.57
52,173,40,41.02
52,174,39,41.33
52,175,38,32.97
52,176,37,35.74
52,177,36,34.86
52,178,35,34.72
52,179,34,34.19
52,180,33,30.92
52,181,32,38.69
52,182,31,32.88
52,183,30,28.94
52,184,29,27.34
52,185,28,25.76
52,186,27,23.35
52,187,26,24.35
52,188,25,24.71
52,189,24,25.43
52,190,23,22.52
52,191,22,23.08
52,192,21,17.73
52,193,20,17.64
52,194,19,23.37
52,195,18,18.55
52,196,17,15.29
52,197,16,21.66
52,198,15,16.58
52,199,14,12.01
52,200,13,13.83
52,201,12,10.97
52,202,11,10.38
52,203,10,8.82
52,204,9,9.5
52,205,8,8.39
52,206,7,5.86
52,207,6,5.64
52,208,5,9.86
52,209,4,3.06
52,210,3,3.2
52,211,2,2.01
52,212,1,4.53
52,213,0,1.55
53,1,194,160.2
53,2,193,176.86
53,3,192,189.39
53,4,191,176.65
53,5,190,174.42
53,6,189,178.77
53,7,188,167.25
53,8,187,169.72
53,9,186,171.26
53,10,185,165.9
53,11,184,173.88
53,12,183,173.06
53,13,182,175.31
53,14,181,170.07
53,15,180,173.37
53,16,179,170.16
53,17,178,162.54
53,18,177,165.43
53,19,176,167.73
53,20,175,162.09
53,21,174,165.76
53,22,173,166.35
53,23,172,168.07
53,24,171,158.93
53,25,170,156.13
53,26,169,161.89
53,27,168,164.86
53,28,167,154.33
53,29,166,166.27
53,30,165,152.59
53,31,164,165.46
53,32,163,160.79
53,33,162,160.54
53,34,161,152.06
53,35,160,153.24
53,36,159,161.2
53,37,158,149.78
53,38,157,145.52
53,39,156,156.65
53,40,155,153.09
53,41,154,155.59
53,42,153,151.36
53,43,152,150.36
53,44,151,153.45
53,45,150,156.95
53,46,149,142.81
53,47,148,155.85
53,48,147,146.99
53,49,146,143.48
53,50,145,143.27
53,51,144,141.48
53,52,143,133.92
53,53,142,136.44
53,54,141,146.26
53,55,140,138.55
53,56,139,137.09
53,57,138,140.01
53,58,137,117.0
53,59,136,137.3
53,60,135,137.89
53,61,134,140.69
53,62,133,142.1
53,63,132,126.73
53,64,131,132.6
53,65,130,136.26
53,66,129,130.78
53,67,128,133.49
53,68,127,136.86
53,69,126,129.11
53,70,125,122.38
53,71,124,131.45
53,72,123,140.03
53,73,122,111.33
53,74,121,106.4
53,75,120,128.87
53,76,119,109.13
53,77,118,112.14
53,78,117,116.11
53,79,116,124.39
53,80,115,120.16
53,81,114,117.46
53,82,113,113.93
53,83,112,122.08
53,84,111,121.97
53,85,110,116.98
53,86,109,101.99
53,87,108,114.27
53,88,107,95.63
53,89,106,111.22
53,90,105,102.3
53,91,104,111.37
53,92,103,96.67
53,93,102,99.02
53,94,101,103.83
53,95,100,101.63
53,96,99,104.75
53,97,98,115.03
53,98,97,102.0
53,99,96,95.56
53,100,95,97.04
53,101,94,91.04
53,102,93,103.42
53,103,92,106.05
53,104,91,100.68
53,105,90,90.93
53,106,89,85.2
53,107,88,86.98
53,108,87,84.11
53,109,86,94.23
53,110,85,88.84
53,111,84,94.84
53,112,83,89.57
53,113,82,78.93
53,114,81,76.63
53,115,80,80.42
53,116,79,84.57
53,117,78,85.25
53,118,77,90.34
53,119,76,77.07
53,120,75,84.67
53,121,74,73.37
53,122,73,74.29
53,123,72,67.29
53,124,71,66.39
53,125,70,71.79
53,126,69,69.43
53,127,68,66.39
53,128,67,67.06
53,129,66,65.5
53,130,65,66.5
53,131,64,60.68
53,132,63,64.01
53,133,62,64.98
53,134,61,58.04
53,135,60,60.71
53,136,59,58.54
53,137,58,58.37
53,138,57,60.61
53,139,56,56.33
53,140,55,55.65
53,141,54,54.12
53,142,53,50.81
53,143,52,49.68
53,144,51,53.77
53,145,50,52.41
53,146,49,49.78
53,147,48,51.16
53,148,47,43.56
53,149,46,48.11
53,150,45,45.47
53,151,44,43.0
53,152,43,47.51
53,153,42,42.49
53,154,41,41.1
53,155,40,41.63
53,156,39,38.8
53,157,38,43.02
53,158,37,37.7
53,159,36,36.75
53,160,35,35.84
53,161,34,34.15
53,162,33,33.53
53,163,32,32.9
53,164,31,30.36
53,165,30,30.09
53,166,29,29.85
53,167,28,28.09
53,168,27,27.31
53,169,26,25.12
53,170,25,25.22
53,171,24,25.78
53,172,23,22.57
53,173,22,21.88
53,174,21,19.58
53,175,20,19.75
53,176,19,21.58
53,177,18,18.29
53,178,17,18.42
53,179,16,16.25
53,180,15,15.35
53,181,14,12.63
53,182,13,13.69
53,183,12,10.88
53,184,11,11.76
53,185,10,10.58
53,186,9,8.93
53,187,8,7.3
53,188,7,8.83
53,189,6,5.05
53,190,5,5.15
53,191,4,5.11
53,192,3,3.84
53,193,2,2.62
53,194,1,1.86
53,195,0,1.99
54,1,256,223.86
54,2,255,219.85
54,3,254,215.79
54,4,253,211.23
54,5,252,231.33
54,6,251,228.74
54,7,250,211.22
54,8,249,225.57
54,9,248,221.89
54,10,247,228.28
54,11,246,217.8
54,12,245,218.18
54,13,244,204.02
54,14,243,220.61
54,15,242,218.09
54,16,241,221.6
54,17,240,220.69
54,18,239,225.72
54,19,238,217.94
54,20,237,191.85
54,21,236,209.34
54,22,235,213.45
54,23,234,210.87
54,24,233,204.47
54,25,232,212.77
54,26,231,215.83
54,27,230,218.42
54,28,229,208.13
54,29,228,203.36
54,30,227,212.6
54,31,226,190.93
54,32,225,206.0
54,33,224,209.14
54,34,223,204.78
54,35,222,210.14
54,36,221,197.09
54,37,220,211.0
54,38,219,197.64
54,39,218,195.69
54,40,217,203.83
54,41,216,202.07
54,42,215,206.24
54,43,214,205.41
54,44,213,197.24
54,45,212,204.81
54,46,211,194.61
54,47,210,208.7
54,48,209,191.22
54,49,208,186.66
54,50,207,194.49
54,51,206,195.77
54,52,205,198.02
54,53,204,191.76
54,54,203,194.8
54,55,202,191.44
54,56,201,193.06
54,57,200,198.97
54,58,199,189.07
54,59,198,174.1
54,60,197,197.92
54,61,196,178.61
54,62,195,189.83
54,63,194,198.17
54,64,193,191.47
54,65,192,178.08
54,66,191,181.24
54,67,190,181.23
54,68,189,179.71
54,69,188,184.18
54,70,187,174.47
54,71,186,179.82
54,72,185,173.67
54,73,184,169.42
54,74,183,178.76
54,75,182,174.59
54,76,181,169.8
54,77,180,174.98
54,78,179,177.12
54,79,178,170.32
54,80,177,166.17
54,81,176,176.92
54,82,175,173.42
54,83,174,166.8
54,84,173,174.56
54,85,172,158.62
54,86,171,171.52
54,87,170,170.24
54,88,169,151.21
54,89,168,166.12
54,90,167,170.87
54,91,166,163.36
54,92,165,168.64
54,93,164,157.45
54,94,163,166.24
54,95,162,161.19
54,96,161,151.78
54,97,160,155.17
54,98,159,153.23
54,99,158,153.08
54,100,157,152.49
54,101,156,167.14
54,102,155,149.65
54,103,154,151.99
54,104,153,149.23
54,105,152,155.7
54,106,151,155.88
54,107,150,153.8
54,108,149,150.27
54,109,148,150.75
54,110,147,155.66
54,111,146,141.05
54,112,145,142.22
54,113,144,152.48
54,114,143,149.77
54,115,142,142.3
54,116,141,154.84
54,117,140,147.75
54,118,139,136.67
54,119,138,150.31
54,120,137,141.68
54,121,136,135.78
54,122,135,137.97
54,123,134,137.66
54,124,133,132.48
54,125,132,151.12
54,126,131,129.09
54,127,130,126.53
54,128,129,133.96
54,129,128,130.84
54,130,127,146.05
54,131,126,123.82
54,132,125,131.83
54,133,124,124.61
54,134,123,124.6
54,135,122,127.06
54,136,121,114.84
54,137,120,123.9
54,138,119,113.19
54,139,118,118.08
54,140,117,122.61
54,141,116,123.88
54,142,115,119.79
54,143,114,122.97
54,144,113,126.91
54,145,112,115.93
54,146,111,119.79
54,147,110,123.11
54,148,109,108.64
54,149,108,114.13
54,150,107,107.2
54,151,106,119.66
54,152,105,96.65
54,153,104,104.01
54,154,103,119.51
54,155,102,103.84
54,156,101,122.49
54,157,100,102.08
54,158,99,104.34
54,159,98,111.24
54,160,97,94.72
54,161,96,97.25
54,162,95,108.97
54,163,94,99.4
54,164,93,90.01
54,165,92,97.42
54,166,91,91.22
54,167,90,95.14
54,168,89,89.01
54,169,88,88.32
54,170,87,82.04
54,171,86,91.43
54,172,85,98.82
54,173,84,81.25
54,174,83,84.35
54,175,82,73.04
54,176,81,87.72
54,177,80,82.56
54,178,79,77.43
54,179,78,83.42
54,180,77,72.84
54,181,76,72.36
54,182,75,72.78
54,183,74,71.82
54,184,73,76.44
54,185,72,76.62
54,186,71,66.52
54,187,70,68.19
54,188,69,69.23
54,189,68,70.84
54,190,67,61.44
54,191,66,63.52
54,192,65,63.0
54,193,64,64.71
54,194,63,60.75
54,195,62,61.11
54,196,61,62.86
54,197,60,57.75
54,198,59,57.43
54,199,58,59.29
54,200,57,57.88
54,201,56,53.1
54,202,55,54.58
54,203,54,55.5
54,204,53,54.36
54,205,52,51.57
54,206,51,53.06
54,207,50,50.23
54,208,49,48.94
54,209,48,47.9
54,210,47,45.66
54,211,46,43.69
54,212,45,44.44
54,213,44,45.93
54,214,43,41.48
54,215,42,39.53
54,216,41,38.48
54,217,40,36.52
54,218,39,37.53
54,219,38,39.16
54,220,37,37.42
54,221,36,37.46
54,222,35,32.38
54,223,34,32.87
54,224,33,32.28
54,225,32,30.57
54,226,31,28.55
54,227,30,27.71
54,228,29,30.48
54,229,28,28.16
54,230,27,27.11
54,231,26,25.52
54,232,25,26.22
54,233,24,25.0
54,234,23,22.22
54,235,22,20.89
54,236,21,21.69
54,237,20,19.74
54,238,19,16.71
54,239,18,17.84
54,240,17,16.23
54,241,16,16.9
54,242,15,14.63
54,243,14,14.57
54,244,13,11.78
54,245,12,12.32
54,246,11,12.87
54,247,10,10.18
54,248,9,9.47
54,249,8,7.91
54,250,7,8.13
54,251,6,6.72
54,252,5,5.33
54,253,4,4.91
54,254,3,3.71
54,255,2,4.56
54,256,1,2.68
54,257,0,0.62
55,1,192,186.99
55,2,191,180.98
55,3,190,173.1
55,4,189,172.97
55,5,188,174.3
55,6,187,166.66
55,7,186,187.59
55,8,185,163.7
55,9,184,162.18
55,10,183,173.44
55,11,182,166.8
55,12,181,159.17
55,13,180,169.91
55,14,179,169.6
55,15,178,165.86
55,16,177,157.18
55,17,176,166.21
55,18,175,165.57
55,19,174,169.98
55,20,173,162.21
55,21,172,167.37
55,22,171,163.0
55,23,170,162.85
55,24,169,167.16
55,25,168,168.29
55,26,167,157.49
55,27,166,156.69
55,28,165,149.8
55,29,164,156.09
55,30,163,153.98
55,31,162,161.26
55,32,161,159.19
55,33,160,159.86
55,34,159,152.62
55,35,158,155.49
55,36,157,149.86
55,37,156,163.92
55,38,155,150.87
55,39,154,153.69
55,40,153,160.28
55,41,152,140.73
55,42,151,154.06
55,43,150,147.95
55,44,149,160.01
55,45,148,156.16
55,46,147,147.71
55,47,146,147.34
55,48,145,146.35
55,49,144,147.69
55,50,143,147.07
55,51,142,151.8
55,52,141,137.87
55,53,140,144.97
55,54,139,136.76
55,55,138,138.36
55,56,137,135.51
55,57,136,136.17
55,58,135,138.12
55,59,134,140.66
55,60,133,134.83
55,61,132,133.34
55,62,131,126.53
55,63,130,131.09
55,64,129,145.99
55,65,128,129.05
55,66,127,142.28
55,67,126,138.2
55,68,125,141.06
55,69,124,134.69
55,70,123,140.84
55,71,122,125.74
55,72,121,132.65
55,73,120,121.89
55,74,119,122.77
55,75,118,119.31
55,76,117,123.64
55,77,116,132.45
55,78,115,126.66
55,79,114,133.6
55,80,113,123.5
55,81,112,125.77
55,82,111,123.47
55,83,110,104.21
55,84,109,120.21
55,85,108,119.88
55,86,107,111.7
55,87,106,124.29
55,88,105,113.07
55,89,104,114.67
55,90,103,103.28
55,91,102,125.99
55,92,101,116.31
55,93,100,113.24
55,94,99,110.15
55,95,98,122.07
55,96,97,112.9
55,97,96,102.02
55,98,95,102.22
55,99,94,101.56
55,100,93,101.39
55,101,92,95.42
55,102,91,105.79
55,103,90,110.45
55,104,89,119.74
55,105,88,101.52
55,106,87,94.88
55,107,86,103.38
55,108,85,90.34
55,109,84,101.3
55,110,83,89.91
55,111,82,90.32
55,112,81,91.5
55,113,80,90.37
55,114,79,86.32
55,115,78,96.95
55,116,77,87.12
55,117,76,86.84
55,118,75,78.75
55,119,74,87.28
55,120,73,90.11
55,121,72,85.12
55,122,71,76.44
55,123,70,90.2
55,124,69,73.23
55,125,68,84.52
55,126,67,68.9
55,127,66,68.37
55,128,65,70.67
55,129,64,65.4
55,130,63,63.43
55,131,62,62.87
55,132,61,62.41
55,133,60,60.23
55,134,59,71.21
55,135,58,58.95
55,136,57,57.3
55,137,56,60.05
55,138,55,54.98
55,139,54,57.89
55,140,53,52.38
55,141,52,55.94
55,142,51,56.24
55,143,50,49.68
55,144,49,53.48
55,145,48,49.29
55,146,47,45.52
55,147,46,50.38
55,148,45,45.52
55,149,44,45.02
55,150,43,46.69
55,151,42,47.43
55,152,41,45.26
55,153,40,42.68
55,154,39,40.11
55,155,38,40.65
55,156,37,37.53
55,157,36,35.71
55,158,35,35.54
55,159,34,36.62
55,160,33,33.76
55,161,32,31.86
55,162,31,30.77
55,163,30,33.34
55,164,29,29.12
55,165,28,28.33
55,166,27,25.75
55,167,26,26.93
55,168,25,25.97
55,169,24,24.74
55,170,23,22.44
55,171,22,22.71
55,172,21,19.78
55,173,20,19.91
55,174,19,20.13
55,175,18,19.31
55,176,17,16.89
55,177,16,15.49
55,178,15,15.55
55,179,14,12.94
55,180,13,11.62
55,181,12,10.23
55,182,11,10.93
55,183,10,10.01
55,184,9,8.38
55,185,8,8.27
55,186,7,6.75
55,187,6,7.07
55,188,5,6.9
55,189,4,3.9
55,190,3,2.29
55,191,2,4.31
55,192,1,1.87
55,193,0,1.0
56,1,274,232.73
56,2,273,216.78
56,3,272,222.57
56,4,271,217.79
56,5,270,227.91
56,6,269,227.19
56,7,268,218.39
56,8,267,210.72
56,9,266,199.43
56,10,265,212.88
56,11,264,214.49
56,12,263,221.84
56,13,262,215.01
56,14,261,209.44
56,15,260,210.45
56,16,259,209.32
56,17,258,214.2
56,18,257,215.25
56,19,256,217.54
56,20,255,207.29
56,21,254,202.21
56,22,253,218.6
56,23,252,205.28
56,24,251,201.48
56,25,250,204.11
56,26,249,194.25
56,27,248,213.19
56,28,247,201.12
56,29,246,203.72
56,30,245,209.48
56,31,244,190.1
56,32,243,205.67
56,33,242,192.88
56,34,241,212.93
56,35,240,212.47
56,36,239,204.74
56,37,238,201.04
56,38,237,193.14
56,39,236,190.97
56,40,235,193.96
56,41,234,202.5
56,42,233,204.26
56,43,232,188.27
56,44,231,183.74
56,45,230,190.66
56,46,229,198.14
56,47,228,184.24
56,48,227,192.03
56,49,226,169.06
56,50,225,190.38
56,51,224,183.93
56,52,223,195.6
56,53,222,198.98
56,54,221,180.66
56,55,220,182.91
56,56,219,187.66
56,57,218,196.9
56,58,217,180.78
56,59,216,181.8
56,60,215,191.35
56,61,214,181.82
56,62,213,182.91
56,63,212,184.46
56,64,211,187.33
56,65,210,190.57
56,66,209,175.67
56,67,208,176.78
56,68,207,172.87
56,69,206,185.83
56,70,205,168.46
56,71,204,173.43
56,72,203,169.31
56,73,202,182.43
56,74,201,163.72
56,75,200,170.55
56,76,199,176.28
56,77,198,164.62
56,78,197,177.07
56,79,196,162.56
56,80,195,179.08
56,81,194,177.46
56,82,193,155.28
56,83,192,155.17
56,84,191,167.95
56,85,190,167.27
56,86,189,162.63
56,87,188,164.64
56,88,187,166.21
56,89,186,158.18
56,90,185,157.1
56,91,184,156.32
56,92,183,157.91
56,93,182,166.71
56,94,181,160.87
56,95,180,167.37
56,96,179,157.27
56,97,178,141.45
56,98,177,155.45
56,99,176,153.33
56,100,175,144.63
56,101,174,150.3
56,102,173,153.39
56,103,172,152.35
56,104,171,144.55
56,105,170,155.06
56,106,169,148.72
56,107,168,146.8
56,108,167,159.7
56,109,166,144.67
56,110,165,147.72
56,111,164,146.42
56,112,163,150.57
56,113,162,135.47
56,114,161,146.87
56,115,160,145.42
56,116,159,142.18
56,117,158,134.6
56,118,157,136.6
56,119,156,139.61
56,120,155,133.1
56,121,154,122.52
56,122,153,145.2
56,123,152,123.05
56,124,151,138.86
56,125,150,136.46
56,126,149,124.74
56,127,148,131.39
56,128,147,142.38
56,129,146,131.92
56,130,145,122.06
56,131,144,120.23
56,132,143,137.21
56,133,142,124.57
56,134,141,123.37
56,135,140,124.47
56,136,139,129.87
56,137,138,128.17
56,138,137,110.56
56,139,136,123.56
56,140,135,119.49
56,141,134,118.49
56,142,133,117.26
56,143,132,121.25
56,144,131,116.06
56,145,130,110.34
56,146,129,110.84
56,147,128,126.08
56,148,127,112.13
56,149,126,108.14
56,150,125,113.37
56,151,124,119.7
56,152,123,110.74
56,153,122,101.67
56,154,121,104.35
56,155,120,109.39
56,156,119,109.76
56,157,118,107.55
56,158,117,107.79
56,159,116,109.76
56,160,115,109.85
56,161,114,105.34
56,162,113,100.99
56,163,112,95.1
56,164,111,111.55
56,165,110,100.2
56,166,109,95.67
56,167,108,93.92
56,168,107,99.48
56,169,106,82.41
56,170,105,101.68
56,171,104,94.58
56,172,103,95.04
56,173,102,93.72
56,174,101,87.02
56,175,100,92.07
56,176,99,82.34
56,177,98,84.66
56,178,97,81.06
56,179,96,91.33
56,180,95,81.37
56,181,94,95.41
56,182,93,80.02
56,183,92,73.82
56,184,91,80.78
56,185,90,81.64
56,186,89,74.16
56,187,88,72.27
56,188,87,75.64
56,189,86,71.17
56,190,85,70.58
56,191,84,69.77
56,192,83,69.05
56,193,82,81.81
56,194,81,72.74
56,195,80,70.72
56,196,79,70.07
56,197,78,68.26
56,198,77,64.3
56,199,76,67.34
56,200,75,64.35
56,201,74,63.77
56,202,73,63.48
56,203,72,63.35
56,204,71,60.05
56,205,70,59.92
56,206,69,60.3
56,207,68,60.62
56,208,67,61.73
56,209,66,57.17
56,210,65,58.67
56,211,64,58.64
56,212,63,55.0
56,213,62,52.59
56,214,61,50.94
56,215,60,54.37
56,216,59,53.61
56,217,58,48.11
56,218,57,51.78
56,219,56,47.33
56,220,55,52.14
56,221,54,47.1
56,222,53,46.84
56,223,52,42.07
56,224,51,43.33
56,225,50,42.8
56,226,49,43.95
56,227,48,41.69
56,228,47,38.77
56,229,46,40.03
56,230,45,39.78
56,231,44,37.77
56,232,43,35.38
56,233,42,37.33
56,234,41,35.08
56,235,40,36.04
56,236,39,36.34
56,237,38,32.89
56,238,37,32.97
56,239,36,34.48
56,240,35,26.79
56,241,34,31.41
56,242,33,28.89
56,243,32,29.2
56,244,31,28.11
56,245,30,28.54
56,246,29,28.11
56,247,28,26.15
56,248,27,24.27
56,249,26,22.19
56,250,25,20.82
56,251,24,22.02
56,252,23,20.86
56,253,22,21.75
56,254,21,18.09
56,255,20,17.64
56,256,19,14.96
56,257,18,14.95
56,258,17,16.41
56,259,16,15.62
56,260,15,14.26
56,261,14,11.66
56,262,13,11.92
56,263,12,9.99
56,264,11,9.89
56,265,10,10.57
56,266,9,8.35
56,267,8,7.91
56,268,7,7.73
56,269,6,5.44
56,270,5,5.09
56,271,4,3.4
56,272,3,3.68
56,273,2,3.57
56,274,1,2.73
56,275,0,1.12
57,1,136,147.43
57,2,135,141.91
57,3,134,142.32
57,4,133,150.91
57,5,132,139.7
57,6,131,143.41
57,7,130,150.59
57,8,129,147.29
57,9,128,147.57
57,10,127,154.96
57,11,126,139.18
57,12,125,146.61
57,13,124,137.18
57,14,123,147.1
57,15,122,132.23
57,16,121,154.48
57,17,120,132.94
57,18,119,145.29
57,19,118,130.47
57,20,117,144.32
57,21,116,135.54
57,22,115,141.64
57,23,114,134.91
57,24,113,127.25
57,25,112,120.94
57,26,111,133.04
57,27,110,130.95
57,28,109,120.5
57,29,108,133.36
57,30,107,125.27
57,31,106,120.48
57,32,105,128.75
57,33,104,137.37
57,34,103,116.24
57,35,102,135.59
57,36,101,110.25
57,37,100,135.25
57,38,99,122.72
57,39,98,126.23
57,40,97,132.68
57,41,96,125.26
57,42,95,125.31
57,43,94,125.23
57,44,93,113.34
57,45,92,114.18
57,46,91,121.99
57,47,90,101.55
57,48,89,108.13
57,49,88,105.63
57,50,87,117.05
57,51,86,116.18
57,52,85,119.1
57,53,84,105.69
57,54,83,104.8
57,55,82,106.88
57,56,81,118.37
57,57,80,104.17
57,58,79,104.0
57,59,78,115.54
57,60,77,99.0
57,61,76,104.56
57,62,75,97.63
57,63,74,92.01
57,64,73,97.18
57,65,72,95.71
57,66,71,108.25
57,67,70,96.58
57,68,69,107.77
57,69,68,99.97
57,70,67,97.85
57,71,66,92.66
57,72,65,111.63
57,73,64,90.98
57,74,63,95.07
57,75,62,86.45
57,76,61,87.14
57,77,60,93.03
57,78,59,90.17
57,79,58,92.85
57,80,57,94.07
57,81,56,80.13
57,82,55,77.61
57,83,54,84.76
57,84,53,85.59
57,85,52,78.72
57,86,51,96.02
57,87,50,90.14
57,88,49,85.21
57,89,48,76.27
57,90,47,87.68
57,91,46,77.83
57,92,45,93.31
57,93,44,68.89
57,94,43,74.39
57,95,42,75.1
57,96,41,74.52
57,97,40,62.4
57,98,39,84.05
57,99,38,79.7
57,100,37,55.83
57,101,36,60.68
57,102,35,47.14
57,103,34,58.16
57,104,33,54.04
57,105,32,46.23
57,106,31,47.94
57,107,30,43.92
57,108,29,40.78
57,109,28,36.56
57,110,27,47.57
57,111,26,51.2
57,112,25,39.69
57,113,24,31.46
57,114,23,40.09
57,115,22,35.47
57,116,21,34.47
57,117,20,27.38
57,118,19,29.52
57,119,18,24.28
57,120,17,30.63
57,121,16,18.98
57,122,15,17.85
57,123,14,14.26
57,124,13,18.77
57,125,12,13.92
57,126,11,14.92
57,127,10,13.52
57,128,9,17.27
57,129,8,10.85
57,130,7,9.13
57,131,6,7.65
57,132,5,5.4
57,133,4,5.13
57,134,3,3.57
57,135,2,2.2
57,136,1,1.31
57,137,0,0.57
58,1,146,150.54
58,2,145,148.85
58,3,144,151.64
58,4,143,141.09
58,5,142,135.21
58,6,141,145.61
58,7,140,145.07
58,8,139,139.94
58,9,138,145.77
58,10,137,147.63
58,11,136,131.31
58,12,135,133.44
58,13,134,139.89
58,14,133,142.56
58,15,132,134.53
58,16,131,136.58
58,17,130,129.56
58,18,129,134.89
58,19,128,140.17
58,20,127,130.62
58,21,126,127.85
58,22,125,125.09
58,23,124,135.85
58,24,123,127.84
58,25,122,116.93
58,26,121,130.26
58,27,120,127.97
58,28,119,130.42
58,29,118,123.24
58,30,117,119.11
58,31,116,126.07
58,32,115,125.57
58,33,114,122.71
58,34,113,129.55
58,35,112,126.43
58,36,111,123.47
58,37,110,136.48
58,38,109,120.95
58,39,108,120.02
58,40,107,115.71
58,41,106,121.8
58,42,105,112.29
58,43,104,116.26
58,44,103,121.93
58,45,102,125.73
58,46,101,118.0
58,47,100,109.92
58,48,99,117.45
58,49,98,110.31
58,50,97,119.03
58,51,96,107.01
58,52,95,109.44
58,53,94,108.16
58,54,93,112.04
58,55,92,120.63
58,56,91,114.33
58,57,90,121.44
58,58,89,103.42
58,59,88,99.42
58,60,87,110.26
58,61,86,112.45
58,62,85,99.36
58,63,84,95.51
58,64,83,109.76
58,65,82,113.86
58,66,81,96.89
58,67,80,105.23
58,68,79,91.51
58,69,78,100.16
58,70,77,118.07
58,71,76,99.25
58,72,75,97.87
58,73,74,105.87
58,74,73,88.58
58,75,72,111.64
58,76,71,92.18
58,77,70,102.15
58,78,69,92.89
58,79,68,96.34
58,80,67,79.14
58,81,66,92.85
58,82,65,93.48
58,83,64,91.51
58,84,63,93.63
58,85,62,81.45
58,86,61,76.65
58,87,60,78.05
58,88,59,82.17
58,89,58,88.85
58,90,57,84.95
58,91,56,82.56
58,92,55,81.2
58,93,54,77.29
58,94,53,73.26
58,95,52,70.48
58,96,51,70.82
58,97,50,81.06
58,98,49,76.76
58,99,48,68.78
58,100,47,68.55
58,101,46,68.56
58,102,45,68.67
58,103,44,54.29
58,104,43,67.22
58,105,42,82.09
58,106,41,67.27
58,107,40,60.76
58,108,39,62.38
58,109,38,62.93
58,110,37,56.66
58,111,36,53.93
58,112,35,43.49
58,113,34,51.69
58,114,33,55.94
58,115,32,46.29
58,116,31,50.47
58,117,30,39.46
58,118,29,37.21
58,119,28,42.07
58,120,27,34.95
58,121,26,40.71
58,122,25,31.66
58,123,24,34.8
58,124,23,31.8
58,125,22,29.76
58,126,21,35.07
58,127,20,29.4
58,128,19,21.48
58,129,18,28.32
58,130,17,18.91
58,131,16,21.0
58,132,15,17.3
58,133,14,19.09
58,134,13,18.52
58,135,12,14.93
58,136,11,13.65
58,137,10,11.52
58,138,9,12.85
58,139,8,9.8
58,140,7,8.03
58,141,6,12.94
58,142,5,6.93
58,143,4,6.47
58,144,3,3.85
58,145,2,1.99
58,146,1,3.66
58,147,0,1.65
59,1,230,219.21
59,2,229,214.88
59,3,228,208.44
59,4,227,212.78
59,5,226,212.6
59,6,225,223.32
59,7,224,218.22
59,8,223,201.23
59,9,222,216.29
59,10,221,212.41
59,11,220,214.43
59,12,219,211.38
59,13,218,205.25
59,14,217,210.21
59,15,216,218.13
59,16,215,197.44
59,17,214,196.19
59,18,213,203.28
59,19,212,205.85
59,20,211,205.06
59,21,210,203.94
59,22,209,205.3
59,23,208,201.86
59,24,207,195.61
59,25,206,205.31
59,26,205,195.95
59,27,204,198.27
59,28,203,195.23
59,29,202,191.64
59,30,201,198.87
59,31,200,186.04
59,32,199,203.98
59,33,198,202.53
59,34,197,194.27
59,35,196,187.78
59,36,195,201.27
59,37,194,195.32
59,38,193,195.76
59,39,192,174.77
59,40,191,191.23
59,41,190,197.62
59,42,189,191.42
59,43,188,185.52
59,44,187,185.64
59,45,186,192.42
59,46,185,192.61
59,47,184,181.98
59,48,183,188.66
59,49,182,181.22
59,50,181,186.3
59,51,180,178.04
59,52,179,186.54
59,53,178,175.8
59,54,177,179.07
59,55,176,182.55
59,56,175,199.15
59,57,174,178.88
59,58,173,170.87
59,59,172,180.23
59,60,171,187.14
59,61,170,177.75
59,62,169,174.11
59,63,168,180.72
59,64,167,178.64
59,65,166,164.7
59,66,165,179.85
59,67,164,172.22
59,68,163,175.21
59,69,162,150.98
59,70,161,169.97
59,71,160,165.95
59,72,159,166.28
59,73,158,157.53
59,74,157,169.37
59,75,156,156.45
59,76,155,159.38
59,77,154,159.96
59,78,153,158.88
59,79,152,164.66
59,80,151,156.96
59,81,150,168.49
59,82,149,150.81
59,83,148,162.0
59,84,147,154.13
59,85,146,161.44
59,86,145,157.56
59,87,144,150.65
59,88,143,144.59
59,89,142,141.5
59,90,141,152.63
59,91,140,151.52
59,92,139,162.91
59,93,138,149.9
59,94,137,147.56
59,95,136,140.24
59,96,135,150.9
59,97,134,154.49
59,98,133,146.26
59,99,132,137.5
59,100,131,149.55
59,101,130,137.84
59,102,129,137.34
59,103,128,138.73
59,104,127,138.98
59,105,126,140.79
59,106,125,142.9
59,107,124,149.54
59,108,123,131.18
59,109,122,151.31
59,110,121,142.57
59,111,120,133.42
59,112,119,133.95
59,113,118,131.7
59,114,117,131.82
59,115,116,147.89
59,116,115,135.28
59,117,114,130.42
59,118,113,124.08
59,119,112,125.13
59,120,111,141.83
59,121,110,133.65
59,122,109,133.41
59,123,108,130.46
59,124,107,124.55
59,125,106,119.0
59,126,105,128.72
59,127,104,135.18
59,128,103,130.8
59,129,102,114.51
59,130,101,132.06
59,131,100,118.02
59,132,99,116.76
59,133,98,120.32
59,134,97,111.4
59,135,96,118.7
59,136,95,118.35
59,137,94,121.96
59,138,93,119.68
59,139,92,118.69
59,140,91,113.96
59,141,90,112.54
59,142,89,103.1
59,143,88,114.46
59,144,87,111.83
59,145,86,120.88
59,146,85,111.41
59,147,84,98.43
59,148,83,105.04
59,149,82,102.63
59,150,81,123.59
59,151,80,108.17
59,152,79,106.61
59,153,78,104.21
59,154,77,104.96
59,155,76,99.58
59,156,75,92.96
59,157,74,103.7
59,158,73,96.34
59,159,72,95.39
59,160,71,110.29
59,161,70,93.02
59,162,69,101.59
59,163,68,87.69
59,164,67,95.02
59,165,66,97.14
59,166,65,80.28
59,167,64,91.65
59,168,63,91.25
59,169,62,87.89
59,170,61,75.03
59,171,60,77.09
59,172,59,78.44
59,173,58,88.51
59,174,57,78.13
59,175,56,66.81
59,176,55,78.3
59,177,54,77.75
59,178,53,75.49
59,179,52,79.43
59,180,51,62.14
59,181,50,71.71
59,182,49,65.26
59,183,48,77.86
59,184,47,59.59
59,185,46,65.79
59,186,45,68.45
59,187,44,71.68
59,188,43,65.99
59,189,42,64.75
59,190,41,52.57
59,191,40,55.18
59,192,39,58.06
59,193,38,54.55
59,194,37,49.97
59,195,36,52.87
59,196,35,54.14
59,197,34,44.16
59,198,33,53.23
59,199,32,55.63
59,200,31,37.64
59,201,30,46.59
59,202,29,36.87
59,203,28,31.02
59,204,27,40.36
59,205,26,36.47
59,206,25,37.5
59,207,24,22.99
59,208,23,22.93
59,209,22,37.02
59,210,21,24.15
59,211,20,24.08
59,212,19,25.39
59,213,18,20.58
59,214,17,23.61
59,215,16,20.54
59,216,15,19.04
59,217,14,20.07
59,218,13,17.74
59,219,12,14.58
59,220,11,12.75
59,221,10,12.5
59,222,9,9.91
59,223,8,10.04
59,224,7,8.77
59,225,6,6.78
59,226,5,8.54
59,227,4,4.96
59,228,3,3.21
59,229,2,1.88
59,230,1,1.64
59,231,0,1.03
60,1,171,159.89
60,2,170,156.04
60,3,169,152.38
60,4,168,158.32
60,5,167,154.83
60,6,166,155.14
60,7,165,164.7
60,8,164,167.32
60,9,163,157.52
60,10,162,154.18
60,11,161,154.44
60,12,160,154.67
60,13,159,152.01
60,14,158,153.78
60,15,157,152.66
60,16,156,152.11
60,17,155,153.47
60,18,154,151.72
60,19,153,152.32
60,20,152,144.27
60,21,151,147.32
60,22,150,139.17
60,23,149,155.52
60,24,148,148.5
60,25,147,141.9
60,26,146,141.48
60,27,145,136.25
60,28,144,156.44
60,29,143,139.68
60,30,142,144.45
60,31,141,149.1
60,32,140,143.3
60,33,139,150.58
60,34,138,145.36
60,35,137,140.28
60,36,136,139.88
60,37,135,142.99
60,38,134,143.75
60,39,133,146.63
60,40,132,138.64
60,41,131,137.73
60,42,130,127.81
60,43,129,144.01
60,44,128,132.2
60,45,127,140.58
60,46,126,130.97
60,47,125,124.46
60,48,124,122.79
60,49,123,138.72
60,50,122,122.71
60,51,121,131.46
60,52,120,125.86
60,53,119,130.22
60,54,118,139.7
60,55,117,130.05
60,56,116,129.01
60,57,115,124.13
60,58,114,114.97
60,59,113,120.88
60,60,112,120.53
60,61,111,119.52
60,62,110,115.26
60,63,109,118.97
60,64,108,119.62
60,65,107,108.24
60,66,106,122.24
60,67,105,111.03
60,68,104,116.59
60,69,103,113.97
60,70,102,107.68
60,71,101,116.51
60,72,100,106.09
60,73,99,116.79
60,74,98,114.7
60,75,97,112.85
60,76,96,115.21
60,77,95,101.8
60,78,94,104.47
60,79,93,106.42
60,80,92,112.42
60,81,91,102.49
60,82,90,95.09
60,83,89,104.21
60,84,88,106.6
60,85,87,103.51
60,86,86,99.09
60,87,85,102.48
60,88,84,102.45
60,89,83,89.46
60,90,82,111.92
60,91,81,106.01
60,92,80,91.87
60,93,79,101.65
60,94,78,90.92
60,95,77,89.62
60,96,76,95.33
60,97,75,83.37
60,98,74,80.41
60,99,73,75.85
60,100,72,81.4
60,101,71,99.58
60,102,70,81.73
60,103,69,72.76
60,104,68,83.56
60,105,67,73.13
60,106,66,68.15
60,107,65,81.19
60,108,64,80.86
60,109,63,75.3
60,110,62,86.41
60,111,61,77.1
60,112,60,69.29
60,113,59,68.6
60,114,58,68.96
60,115,57,77.68
60,116,56,63.06
60,117,55,62.3
60,118,54,55.76
60,119,53,68.16
60,120,52,57.55
60,121,51,55.55
60,122,50,55.13
60,123,49,57.01
60,124,48,57.61
60,125,47,54.01
60,126,46,51.43
60,127,45,47.78
60,128,44,49.34
60,129,43,49.09
60,130,42,42.73
60,131,41,46.24
60,132,40,41.86
60,133,39,43.0
60,134,38,39.66
60,135,37,40.98
60,136,36,40.26
60,137,35,40.05
60,138,34,40.34
60,139,33,36.69
60,140,32,34.73
60,141,31,34.85
60,142,30,34.28
60,143,29,34.75
60,144,28,30.43
60,145,27,29.82
60,146,26,29.29
60,147,25,29.18
60,148,24,30.42
60,149,23,24.57
60,150,22,22.84
60,151,21,24.6
60,152,20,23.59
60,153,19,20.87
60,154,18,20.51
60,155,17,21.83
60,156,16,20.23
60,157,15,15.55
60,158,14,13.27
60,159,13,13.39
60,160,12,13.11
60,161,11,11.84
60,162,10,11.02
60,163,9,10.23
60,164,8,8.43
60,165,7,8.55
60,166,6,7.47
60,167,5,7.12
60,168,4,5.69
60,169,3,5.58
60,170,2,3.7
60,171,1,2.11
60,172,0,1.1
61,1,184,186.7
61,2,183,185.28
61,3,182,183.84
61,4,181,174.59
61,5,180,174.07
61,6,179,171.35
61,7,178,181.62
61,8,177,184.87
61,9,176,175.28
61,10,175,184.14
61,11,174,179.18
61,12,173,179.87
61,13,172,160.73
61,14,171,177.7
61,15,170,167.95
61,16,169,175.16
61,17,168,174.01
61,18,167,172.34
61,19,166,177.31
61,20,165,173.58
61,21,164,177.0
61,22,163,172.89
61,23,162,173.02
61,24,161,175.18
61,25,160,168.56
61,26,159,159.87
61,27,158,165.2
61,28,157,166.54
61,29,156,168.94
61,30,155,166.66
61,31,154,167.61
61,32,153,164.97
61,33,152,163.74
61,34,151,159.95
61,35,150,158.63
61,36,149,155.71
61,37,148,154.65
61,38,147,166.77
61,39,146,160.96
61,40,145,166.13
61,41,144,156.1
61,42,143,157.81
61,43,142,166.08
61,44,141,166.54
61,45,140,156.24
61,46,139,158.77
61,47,138,160.4
61,48,137,141.02
61,49,136,154.79
61,50,135,153.09
61,51,134,167.3
61,52,133,157.74
61,53,132,152.47
61,54,131,158.78
61,55,130,146.14
61,56,129,144.85
61,57,128,140.16
61,58,127,135.53
61,59,126,137.45
61,60,125,151.37
61,61,124,150.91
61,62,123,133.96
61,63,122,149.75
61,64,121,144.15
61,65,120,142.98
61,66,119,148.66
61,67,118,125.55
61,68,117,140.38
61,69,116,126.09
61,70,115,142.03
61,71,114,132.31
61,72,113,128.1
61,73,112,132.69
61,74,111,137.6
61,75,110,128.16
61,76,109,117.24
61,77,108,122.12
61,78,107,121.01
61,79,106,127.32
61,80,105,122.31
61,81,104,129.42
61,82,103,130.48
61,83,102,135.09
61,84,101,116.23
61,85,100,126.36
61,86,99,121.36
61,87,98,121.55
61,88,97,114.94
61,89,96,124.24
61,90,95,128.17
61,91,94,120.3
61,92,93,113.01
61,93,92,127.65
61,94,91,112.09
61,95,90,110.6
61,96,89,120.81
61,97,88,119.82
61,98,87,117.65
61,99,86,132.51
61,100,85,121.73
61,101,84,110.81
61,102,83,120.64
61,103,82,106.58
61,104,81,102.34
61,105,80,115.19
61,106,79,104.53
61,107,78,116.83
61,108,77,99.61
61,109,76,124.63
61,110,75,104.61
61,111,74,100.59
61,112,73,102.38
61,113,72,107.02
61,114,71,97.53
61,115,70,96.3
61,116,69,101.1
61,117,68,96.67
61,118,67,97.31
61,119,66,92.35
61,120,65,94.35
61,121,64,101.22
61,122,63,84.68
61,123,62,90.09
61,124,61,98.39
61,125,60,112.12
61,126,59,91.13
61,127,58,87.56
61,128,57,96.4
61,129,56,88.15
61,130,55,91.1
61,131,54,78.8
61,132,53,86.56
61,133,52,91.21
61,134,51,103.46
61,135,50,75.49
61,136,49,67.41
61,137,48,82.27
61,138,47,75.21
61,139,46,76.18
61,140,45,92.16
61,141,44,67.11
61,142,43,76.81
61,143,42,64.43
61,144,41,86.92
61,145,40,65.61
61,146,39,79.12
61,147,38,83.73
61,148,37,52.64
61,149,36,67.65
61,150,35,46.98
61,151,34,63.34
61,152,33,56.35
61,153,32,60.35
61,154,31,58.49
61,155,30,48.38
61,156,29,39.86
61,157,28,55.62
61,158,27,57.39
61,159,26,39.58
61,160,25,37.69
61,161,24,33.59
61,162,23,39.23
61,163,22,33.82
61,164,21,33.05
61,165,20,21.44
61,166,19,27.63
61,167,18,22.07
61,168,17,25.24
61,169,16,21.77
61,170,15,21.46
61,171,14,17.32
61,172,13,16.78
61,173,12,14.9
61,174,11,13.15
61,175,10,11.49
61,176,9,7.9
61,177,8,11.7
61,178,7,12.56
61,179,6,6.59
61,180,5,5.75
61,181,4,6.83
61,182,3,3.1
61,183,2,3.29
61,184,1,2.64
61,185,0,1.99
62,1,179,159.13
62,2,178,165.11
62,3,177,155.6
62,4,176,158.26
62,5,175,154.2
62,6,174,148.51
62,7,173,164.12
62,8,172,153.82
62,9,171,164.98
62,10,170,147.58
62,11,169,139.27
62,12,168,148.45
62,13,167,137.4
62,14,166,151.07
62,15,165,152.89
62,16,164,152.66
62,17,163,153.85
62,18,162,144.63
62,19,161,138.97
62,20,160,142.18
62,21,159,122.47
62,22,158,147.04
62,23,157,149.5
62,24,156,144.4
62,25,155,147.36
62,26,154,149.61
62,27,153,136.11
62,28,152,141.37
62,29,151,137.5
62,30,150,137.23
62,31,149,125.26
62,32,148,137.17
62,33,147,138.57
62,34,146,131.72
62,35,145,143.95
62,36,144,144.61
62,37,143,115.88
62,38,142,122.89
62,39,141,120.97
62,40,140,136.83
62,41,139,132.59
62,42,138,126.07
62,43,137,132.78
62,44,136,136.84
62,45,135,141.07
62,46,134,116.4
62,47,133,127.76
62,48,132,131.41
62,49,131,122.91
62,50,130,134.69
62,51,129,114.81
62,52,128,119.42
62,53,127,119.43
62,54,126,127.57
62,55,125,104.57
62,56,124,118.03
62,57,123,118.98
62,58,122,111.67
62,59,121,111.79
62,60,120,120.06
62,61,119,109.61
62,62,118,117.92
62,63,117,118.44
62,64,116,112.85
62,65,115,115.23
62,66,114,119.26
62,67,113,120.85
62,68,112,114.68
62,69,111,106.47
62,70,110,99.9
62,71,109,115.28
62,72,108,89.65
62,73,107,108.4
62,74,106,103.06
62,75,105,101.04
62,76,104,97.06
62,77,103,111.42
62,78,102,111.9
62,79,101,110.92
62,80,100,98.96
62,81,99,109.03
62,82,98,99.12
62,83,97,104.0
62,84,96,108.09
62,85,95,98.54
62,86,94,109.32
62,87,93,80.44
62,88,92,105.63
62,89,91,97.56
62,90,90,84.09
62,91,89,85.21
62,92,88,96.04
62,93,87,82.09
62,94,86,90.78
62,95,85,95.08
62,96,84,82.01
62,97,83,74.13
62,98,82,93.74
62,99,81,69.54
62,100,80,82.28
62,101,79,85.01
62,102,78,82.43
62,103,77,73.84
62,104,76,76.86
62,105,75,74.78
62,106,74,70.73
62,107,73,79.07
62,108,72,84.15
62,109,71,68.25
62,110,70,63.81
62,111,69,70.46
62,112,68,60.75
62,113,67,71.23
62,114,66,68.62
62,115,65,71.88
62,116,64,66.87
62,117,63,59.64
62,118,62,56.98
62,119,61,66.92
62,120,60,60.43
62,121,59,61.18
62,122,58,58.75
62,123,57,73.14
62,124,56,52.61
62,125,55,52.3
62,126,54,51.97
62,127,53,47.29
62,128,52,45.05
62,129,51,56.5
62,130,50,49.29
62,131,49,53.29
62,132,48,48.76
62,133,47,46.52
62,134,46,46.2
62,135,45,41.64
62,136,44,43.97
62,137,43,44.37
62,138,42,39.49
62,139,41,42.71
62,140,40,43.71
62,141,39,41.96
62,142,38,36.88
62,143,37,30.32
62,144,36,40.07
62,145,35,31.99
62,146,34,33.59
62,147,33,27.33
62,148,32,28.02
62,149,31,31.86
62,150,30,34.06
62,151,29,26.18
62,152,28,28.47
62,153,27,24.83
62,154,26,26.55
62,155,25,24.47
62,156,24,26.96
62,157,23,25.31
62,158,22,22.48
62,159,21,19.38
62,160,20,18.13
62,161,19,19.47
62,162,18,20.98
62,163,17,16.95
62,164,16,10.82
62,165,15,14.64
62,166,14,13.73
62,167,13,12.66
62,168,12,14.16
62,169,11,11.25
62,170,10,7.12
62,171,9,8.96
62,172,8,8.26
62,173,7,7.04
62,174,6,5.88
62,175,5,5.03
62,176,4,5.46
62,177,3,5.71
62,178,2,5.19
62,179,1,2.94
62,180,0,1.19
63,1,173,168.7
63,2,172,166.56
63,3,171,156.85
63,4,170,165.15
63,5,169,152.89
63,6,168,153.17
63,7,167,161.18
63,8,166,147.17
63,9,165,156.05
63,10,164,152.64
63,11,163,153.12
63,12,162,154.79
63,13,161,158.53
63,14,160,151.65
63,15,159,157.12
63,16,158,150.21
63,17,157,142.79
63,18,156,154.82
63,19,155,147.71
63,20,154,164.12
63,21,153,152.56
63,22,152,146.33
63,23,151,145.89
63,24,150,153.86
63,25,149,148.57
63,26,148,128.41
63,27,147,143.73
63,28,146,140.07
63,29,145,146.97
63,30,144,144.98
63,31,143,139.13
63,32,142,144.72
63,33,141,133.82
63,34,140,138.1
63,35,139,143.56
63,36,138,134.48
63,37,137,137.78
63,38,136,134.12
63,39,135,140.07
63,40,134,137.09
63,41,133,140.0
63,42,132,132.41
63,43,131,144.99
63,44,130,141.63
63,45,129,135.15
63,46,128,129.2
63,47,127,131.72
63,48,126,132.11
63,49,125,131.14
63,50,124,126.34
63,51,123,127.22
63,52,122,124.75
63,53,121,128.83
63,54,120,125.12
63,55,119,127.42
63,56,118,108.44
63,57,117,118.85
63,58,116,121.19
63,59,115,117.26
63,60,114,113.67
63,61,113,120.59
63,62,112,116.7
63,63,111,118.32
63,64,110,118.37
63,65,109,112.85
63,66,108,108.07
63,67,107,116.01
63,68,106,111.74
63,69,105,119.64
63,70,104,109.56
63,71,103,120.01
63,72,102,117.25
63,73,101,105.45
63,74,100,109.39
63,75,99,108.26
63,76,98,99.43
63,77,97,104.87
63,78,96,106.03
63,79,95,109.11
63,80,94,105.0
63,81,93,92.49
63,82,92,96.65
63,83,91,101.26
63,84,90,115.35
63,85,89,89.35
63,86,88,104.51
63,87,87,90.41
63,88,86,90.59
63,89,85,91.18
63,90,84,108.32
63,91,83,78.83
63,92,82,84.93
63,93,81,91.58
63,94,80,96.43
63,95,79,92.84
63,96,78,99.36
63,97,77,78.87
63,98,76,76.5
63,99,75,83.38
63,100,74,79.5
63,101,73,88.45
63,102,72,78.94
63,103,71,72.41
63,104,70,80.36
63,105,69,70.44
63,106,68,73.47
63,107,67,70.36
63,108,66,68.87
63,109,65,69.51
63,110,64,68.84
63,111,63,62.5
63,112,62,62.98
63,113,61,63.04
63,114,60,67.88
63,115,59,56.56
63,116,58,59.33
63,117,57,57.13
63,118,56,58.02
63,119,55,54.95
63,120,54,58.17
63,121,53,54.87
63,122,52,53.23
63,123,51,52.77
63,124,50,54.15
63,125,49,48.18
63,126,48,47.91
63,127,47,47.25
63,128,46,47.45
63,129,45,50.96
63,130,44,46.08
63,131,43,45.06
63,132,42,44.93
63,133,41,46.31
63,134,40,43.06
63,135,39,41.32
63,136,38,39.62
63,137,37,37.07
63,138,36,36.81
63,139,35,37.92
63,140,34,33.92
63,141,33,33.97
63,142,32,33.62
63,143,31,30.3
63,144,30,30.23
63,145,29,29.7
63,146,28,29.19
63,147,27,27.11
63,148,26,27.23
63,149,25,25.03
63,150,24,25.21
63,151,23,24.96
63,152,22,22.99
63,153,21,24.31
63,154,20,22.45
63,155,19,20.55
63,156,18,16.82
63,157,17,16.02
63,158,16,16.35
63,159,15,14.54
63,160,14,15.57
63,161,13,13.29
63,162,12,13.02
63,163,11,11.03
63,164,10,11.85
63,165,9,9.61
63,166,8,8.28
63,167,7,7.01
63,168,6,7.46
63,169,5,5.39
63,170,4,4.45
63,171,3,3.2
63,172,2,2.4
63,173,1,1.03
63,174,0,1.6
64,1,282,246.86
64,2,281,225.45
64,3,280,229.02
64,4,279,234.11
64,5,278,233.04
64,6,277,230.77
64,7,276,241.12
64,8,275,231.32
64,9,274,223.68
64,10,273,216.43
64,11,272,228.85
64,12,271,223.86
64,13,270,229.84
64,14,269,220.15
64,15,268,228.11
64,16,267,221.43
64,17,266,218.8
64,18,265,217.56
64,19,264,230.34
64,20,263,223.14
64,21,262,208.92
64,22,261,218.47
64,23,260,214.03
64,24,259,214.57
64,25,258,212.32
64,26,257,219.42
64,27,256,201.66
64,28,255,208.32
64,29,254,208.63
64,30,253,210.41
64,31,252,212.07
64,32,251,216.94
64,33,250,218.62
64,34,249,210.24
64,35,248,207.54
64,36,247,217.42
64,37,246,203.98
64,38,245,215.64
64,39,244,207.14
64,40,243,200.89
64,41,242,210.85
64,42,241,206.15
64,43,240,213.36
64,44,239,194.06
64,45,238,202.1
64,46,237,222.88
64,47,236,198.77
64,48,235,204.72
64,49,234,198.23
64,50,233,203.72
64,51,232,200.88
64,52,231,202.89
64,53,230,191.29
64,54,229,185.42
64,55,228,214.94
64,56,227,203.06
64,57,226,191.75
64,58,225,189.14
64,59,224,200.3
64,60,223,191.94
64,61,222,192.81
64,62,221,201.43
64,63,220,187.18
64,64,219,195.4
64,65,218,201.96
64,66,217,190.88
64,67,216,202.23
64,68,215,201.38
64,69,214,186.79
64,70,213,181.06
64,71,212,185.88
64,72,211,186.76
64,73,210,194.45
64,74,209,190.9
64,75,208,189.11
64,76,207,184.58
64,77,206,188.75
64,78,205,167.45
64,79,204,183.91
64,80,203,187.31
64,81,202,189.83
64,82,201,189.31
64,83,200,192.61
64,84,199,176.01
64,85,198,171.88
64,86,197,186.2
64,87,196,179.26
64,88,195,175.62
64,89,194,170.92
64,90,193,169.71
64,91,192,164.99
64,92,191,165.44
64,93,190,168.51
64,94,189,175.32
64,95,188,162.91
64,96,187,175.56
64,97,186,171.28
64,98,185,159.75
64,99,184,155.86
64,100,183,165.55
64,101,182,166.0
64,102,181,164.21
64,103,180,171.12
64,104,179,171.69
64,105,178,163.38
64,106,177,149.07
64,107,176,171.52
64,108,175,157.58
64,109,174,153.65
64,110,173,156.21
64,111,172,144.15
64,112,171,152.0
64,113,170,154.4
64,114,169,157.88
64,115,168,156.71
64,116,167,156.06
64,117,166,144.97
64,118,165,151.76
64,119,164,153.45
64,120,163,144.35
64,121,162,155.79
64,122,161,134.99
64,123,160,147.6
64,124,159,143.21
64,125,158,149.01
64,126,157,146.67
64,127,156,148.73
64,128,155,141.91
64,129,154,147.41
64,130,153,135.69
64,131,152,140.44
64,132,151,130.64
64,133,150,159.22
64,134,149,143.0
64,135,148,135.42
64,136,147,144.52
64,137,146,142.36
64,138,145,143.09
64,139,144,127.11
64,140,143,137.68
64,141,142,136.61
64,142,141,128.96
64,143,140,131.04
64,144,139,132.57
64,145,138,132.27
64,146,137,132.46
64,147,136,131.91
64,148,135,123.05
64,149,134,128.21
64,150,133,132.55
64,151,132,125.63
64,152,131,126.8
64,153,130,116.4
64,154,129,126.18
64,155,128,121.9
64,156,127,109.13
64,157,126,118.29
64,158,125,121.77
64,159,124,109.24
64,160,123,118.88
64,161,122,117.94
64,162,121,110.72
64,163,120,106.68
64,164,119,115.14
64,165,118,107.37
64,166,117,106.67
64,167,116,112.11
64,168,115,114.11
64,169,114,105.42
64,170,113,101.25
64,171,112,103.0
64,172,111,101.4
64,173,110,101.0
64,174,109,105.36
64,175,108,101.13
64,176,107,99.57
64,177,106,94.59
64,178,105,99.79
64,179,104,98.22
64,180,103,92.37
64,181,102,88.15
64,182,101,94.17
64,183,100,92.51
64,184,99,92.44
64,185,98,87.07
64,186,97,97.51
64,187,96,92.72
64,188,95,100.07
64,189,94,87.89
64,190,93,94.12
64,191,92,87.54
64,192,91,85.09
64,193,90,83.85
64,194,89,88.27
64,195,88,79.99
64,196,87,86.84
64,197,86,92.6
64,198,85,84.5
64,199,84,79.84
64,200,83,80.15
64,201,82,75.15
64,202,81,76.87
64,203,80,79.32
64,204,79,74.74
64,205,78,74.62
64,206,77,70.44
64,207,76,72.71
64,208,75,67.55
64,209,74,64.87
64,210,73,67.37
64,211,72,65.37
64,212,71,72.02
64,213,70,62.95
64,214,69,62.22
64,215,68,62.6
64,216,67,59.81
64,217,66,58.34
64,218,65,64.85
64,219,64,56.12
64,220,63,55.55
64,221,62,56.85
64,222,61,55.12
64,223,60,57.5
64,224,59,55.29
64,225,58,48.04
64,226,57,48.69
64,227,56,52.05
64,228,55,54.06
64,229,54,43.09
64,230,53,48.71
64,231,52,49.38
64,232,51,49.36
64,233,50,43.45
64,234,49,42.89
64,235,48,46.79
64,236,47,47.47
64,237,46,38.23
64,238,45,40.45
64,239,44,44.3
64,240,43,33.1
64,241,42,44.24
64,242,41,36.62
64,243,40,42.91
64,244,39,40.6
64,245,38,35.11
64,246,37,30.14
64,247,36,35.65
64,248,35,31.77
64,249,34,34.24
64,250,33,33.79
64,251,32,29.82
64,252,31,28.62
64,253,30,27.97
64,254,29,28.12
64,255,28,22.08
64,256,27,25.01
64,257,26,21.09
64,258,25,22.9
64,259,24,24.18
64,260,23,20.21
64,261,22,18.88
64,262,21,24.61
64,263,20,19.63
64,264,19,17.08
64,265,18,19.3
64,266,17,13.13
64,267,16,15.12
64,268,15,14.31
64,269,14,12.81
64,270,13,14.99
64,271,12,9.22
64,272,11,12.11
64,273,10,8.27
64,274,9,8.74
64,275,8,7.73
64,276,7,7.52
64,277,6,5.1
64,278,5,4.8
64,279,4,4.34
64,280,3,3.9
64,281,2,2.94
64,282,1,2.02
64,283,0,1.01
65,1,152,161.39
65,2,151,162.43
65,3,150,153.99
65,4,149,147.27
65,5,148,149.31
65,6,147,160.56
65,7,146,155.56
65,8,145,166.39
65,9,144,156.36
65,10,143,150.72
65,11,142,143.89
65,12,141,154.16
65,13,140,150.33
65,14,139,152.08
65,15,138,144.12
65,16,137,146.05
65,17,136,146.95
65,18,135,156.32
65,19,134,161.02
65,20,133,157.84
65,21,132,154.14
65,22,131,135.87
65,23,130,128.94
65,24,129,142.18
65,25,128,148.83
65,26,127,149.21
65,27,126,146.07
65,28,125,139.75
65,29,124,139.96
65,30,123,136.66
65,31,122,130.54
65,32,121,132.93
65,33,120,141.04
65,34,119,130.31
65,35,118,128.1
65,36,117,144.18
65,37,116,138.66
65,38,115,124.47
65,39,114,133.61
65,40,113,140.56
65,41,112,132.17
65,42,111,133.74
65,43,110,122.76
65,44,109,131.92
65,45,108,126.49
65,46,107,122.98
65,47,106,142.51
65,48,105,122.27
65,49,104,127.63
65,50,103,136.29
65,51,102,127.66
65,52,101,129.13
65,53,100,126.66
65,54,99,115.4
65,55,98,115.04
65,56,97,133.48
65,57,96,119.88
65,58,95,114.82
65,59,94,116.91
65,60,93,116.83
65,61,92,125.94
65,62,91,108.91
65,63,90,117.14
65,64,89,115.08
65,65,88,111.72
65,66,87,114.73
65,67,86,130.55
65,68,85,100.6
65,69,84,106.7
65,70,83,107.73
65,71,82,105.87
65,72,81,107.03
65,73,80,122.46
65,74,79,100.94
65,75,78,94.58
65,76,77,106.83
65,77,76,100.23
65,78,75,112.07
65,79,74,97.41
65,80,73,105.66
65,81,72,105.96
65,82,71,103.62
65,83,70,106.22
65,84,69,94.44
65,85,68,104.74
65,86,67,99.6
65,87,66,95.16
65,88,65,112.77
65,89,64,91.89
65,90,63,92.76
65,91,62,97.11
65,92,61,98.6
65,93,60,110.1
65,94,59,93.58
65,95,58,95.68
65,96,57,82.21
65,97,56,86.57
65,98,55,84.76
65,99,54,76.96
65,100,53,88.66
65,101,52,93.93
65,102,51,75.97
65,103,50,77.87
65,104,49,80.84
65,105,48,77.02
65,106,47,74.57
65,107,46,69.5
65,108,45,68.85
65,109,44,75.86
65,110,43,80.69
65,111,42,79.17
65,112,41,68.2
65,113,40,68.44
65,114,39,79.03
65,115,38,66.22
65,116,37,65.16
65,117,36,62.12
65,118,35,87.08
65,119,34,66.17
65,120,33,61.23
65,121,32,74.08
65,122,31,78.23
65,123,30,42.14
65,124,29,45.43
65,125,28,50.03
65,126,27,46.56
65,127,26,40.0
65,128,25,60.73
65,129,24,58.11
65,130,23,42.24
65,131,22,28.95
65,132,21,38.11
65,133,20,34.21
65,134,19,24.77
65,135,18,21.64
65,136,17,22.36
65,137,16,30.73
65,138,15,21.48
65,139,14,17.44
65,140,13,17.47
65,141,12,16.61
65,142,11,12.87
65,143,10,17.57
65,144,9,15.6
65,145,8,10.12
65,146,7,10.32
65,147,6,7.76
65,148,5,6.75
65,149,4,4.37
65,150,3,4.76
65,151,2,3.02
65,152,1,2.82
65,153,0,1.72
66,1,201,166.63
66,2,200,166.58
66,3,199,175.09
66,4,198,178.39
66,5,197,158.99
66,6,196,159.34
66,7,195,175.94
66,8,194,168.52
66,9,193,164.92
66,10,192,168.53
66,11,191,174.16
66,12,190,161.39
66,13,189,164.32
66,14,188,155.82
66,15,187,156.85
66,16,186,167.47
66,17,185,151.81
66,18,184,158.52
66,19,183,151.27
66,20,182,170.87
66,21,181,154.81
66,22,180,159.07
66,23,179,143.34
66,24,178,152.4
66,25,177,147.29
66,26,176,146.91
66,27,175,139.4
66,28,174,147.28
66,29,173,152.75
66,30,172,157.29
66,31,171,148.68
66,32,170,150.25
66,33,169,151.48
66,34,168,138.82
66,35,167,140.39
66,36,166,142.96
66,37,165,159.52
66,38,164,147.2
66,39,163,143.46
66,40,162,130.04
66,41,161,146.58
66,42,160,147.11
66,43,159,139.53
66,44,158,146.39
66,45,157,130.56
66,46,156,143.13
66,47,155,140.21
66,48,154,140.25
66,49,153,132.38
66,50,152,134.17
66,51,151,142.73
66,52,150,136.06
66,53,149,128.76
66,54,148,126.99
66,55,147,126.99
66,56,146,133.91
66,57,145,129.41
66,58,144,129.7
66,59,143,130.12
66,60,142,134.05
66,61,141,111.31
66,62,140,134.8
66,63,139,124.22
66,64,138,128.8
66,65,137,120.55
66,66,136,128.02
66,67,135,135.44
66,68,134,115.51
66,69,133,110.21
66,70,132,117.08
66,71,131,113.36
66,72,130,119.03
66,73,129,117.18
66,74,128,118.12
66,75,127,123.62
66,76,126,113.9
66,77,125,114.26
66,78,124,122.4
66,79,123,117.75
66,80,122,116.71
66,81,121,118.02
66,82,120,107.07
66,83,119,102.72
66,84,118,112.06
66,85,117,113.94
66,86,116,101.53
66,87,115,100.3
66,88,114,108.95
66,89,113,99.23
66,90,112,112.1
66,91,111,105.0
66,92,110,100.57
66,93,109,93.81
66,94,108,106.1
66,95,107,104.62
66,96,106,87.67
66,97,105,96.46
66,98,104,86.15
66,99,103,90.25
66,100,102,100.5
66,101,101,94.71
66,102,100,92.06
66,103,99,99.57
66,104,98,91.66
66,105,97,97.12
66,106,96,91.55
66,107,95,86.95
66,108,94,77.26
66,109,93,88.77
66,110,92,87.07
66,111,91,82.75
66,112,90,78.74
66,113,89,85.89
66,114,88,94.99
66,115,87,70.66
66,116,86,79.26
66,117,85,92.69
66,118,84,72.76
66,119,83,76.97
66,120,82,79.1
66,121,81,80.14
66,122,80,86.6
66,123,79,73.39
66,124,78,72.32
66,125,77,68.87
66,126,76,61.35
66,127,75,63.76
66,128,74,65.96
66,129,73,74.53
66,130,72,71.19
66,131,71,68.41
66,132,70,61.61
66,133,69,54.71
66,134,68,60.09
66,135,67,56.92
66,136,66,65.75
66,137,65,57.51
66,138,64,73.55
66,139,63,63.95
66,140,62,62.57
66,141,61,57.13
66,142,60,58.84
66,143,59,57.04
66,144,58,54.27
66,145,57,56.66
66,146,56,46.38
66,147,55,55.12
66,148,54,51.09
66,149,53,54.42
66,150,52,48.03
66,151,51,44.87
66,152,50,51.6
66,153,49,46.0
66,154,48,45.95
66,155,47,42.23
66,156,46,39.64
66,157,45,41.45
66,158,44,39.15
66,159,43,40.3
66,160,42,42.77
66,161,41,38.81
66,162,40,39.02
66,163,39,37.98
66,164,38,35.42
66,165,37,31.03
66,166,36,31.06
66,167,35,32.48
66,168,34,29.26
66,169,33,32.55
66,170,32,29.54
66,171,31,27.7
66,172,30,28.84
66,173,29,28.91
66,174,28,29.5
66,175,27,24.02
66,176,26,24.22
66,177,25,22.03
66,178,24,23.28
66,179,23,24.04
66,180,22,19.59
66,181,21,20.6
66,182,20,17.89
66,183,19,17.86
66,184,18,17.51
66,185,17,16.48
66,186,16,16.18
66,187,15,13.25
66,188,14,14.27
66,189,13,11.43
66,190,12,11.1
66,191,11,10.21
66,192,10,8.21
66,193,9,9.47
66,194,8,7.55
66,195,7,7.53
66,196,6,6.61
66,197,5,4.77
66,198,4,6.89
66,199,3,3.4
66,200,2,2.56
66,201,1,1.83
66,202,0,0.74
67,1,312,270.66
67,2,311,255.64
67,3,310,251.98
67,4,309,264.17
67,5,308,247.69
67,6,307,241.58
67,7,306,231.85
67,8,305,247.32
67,9,304,245.81
67,10,303,246.43
67,11,302,257.83
67,12,301,253.89
67,13,300,235.72
67,14,299,237.22
67,15,298,227.57
67,16,297,239.79
67,17,296,256.7
67,18,295,236.82
67,19,294,242.99
67,20,293,248.28
67,21,292,229.12
67,22,291,237.8
67,23,290,241.96
67,24,289,235.37
67,25,288,234.45
67,26,287,232.58
67,27,286,236.54
67,28,285,239.84
67,29,284,236.22
67,30,283,217.28
67,31,282,244.27
67,32,281,222.03
67,33,280,229.09
67,34,279,218.54
67,35,278,212.58
67,36,277,244.27
67,37,276,232.34
67,38,275,221.9
67,39,274,230.07
67,40,273,225.57
67,41,272,233.22
67,42,271,229.72
67,43,270,230.69
67,44,269,210.95
67,45,268,234.49
67,46,267,211.57
67,47,266,225.41
67,48,265,205.52
67,49,264,214.4
67,50,263,210.74
67,51,262,227.76
67,52,261,220.66
67,53,260,223.87
67,54,259,192.25
67,55,258,204.32
67,56,257,209.16
67,57,256,205.22
67,58,255,197.52
67,59,254,210.07
67,60,253,200.45
67,61,252,210.47
67,62,251,214.39
67,63,250,213.06
67,64,249,216.22
67,65,248,202.75
67,66,247,196.67
67,67,246,193.47
67,68,245,193.57
67,69,244,220.22
67,70,243,212.86
67,71,242,213.08
67,72,241,213.2
67,73,240,188.63
67,74,239,214.36
67,75,238,193.98
67,76,237,197.89
67,77,236,197.89
67,78,235,192.66
67,79,234,189.68
67,80,233,194.48
67,81,232,195.77
67,82,231,186.1
67,83,230,188.98
67,84,229,192.68
67,85,228,185.05
67,86,227,204.88
67,87,226,192.39
67,88,225,183.54
67,89,224,189.83
67,90,223,186.24
67,91,222,200.34
67,92,221,196.56
67,93,220,195.04
67,94,219,187.69
67,95,218,187.67
67,96,217,178.31
67,97,216,186.44
67,98,215,185.12
67,99,214,198.14
67,100,213,170.46
67,101,212,185.25
67,102,211,198.32
67,103,210,182.9
67,104,209,182.44
67,105,208,183.34
67,106,207,177.4
67,107,206,171.2
67,108,205,175.6
67,109,204,162.02
67,110,203,165.6
67,111,202,166.79
67,112,201,182.73
67,113,200,159.13
67,114,199,172.23
67,115,198,163.61
67,116,197,175.37
67,117,196,177.99
67,118,195,172.43
67,119,194,161.63
67,120,193,164.14
67,121,192,162.2
67,122,191,157.26
67,123,190,169.06
67,124,189,157.64
67,125,188,177.69
67,126,187,172.33
67,127,186,158.51
67,128,185,156.44
67,129,184,146.32
67,130,183,164.97
67,131,182,156.28
67,132,181,157.73
67,133,180,149.66
67,134,179,171.7
67,135,178,145.95
67,136,177,158.0
67,137,176,165.02
67,138,175,157.42
67,139,174,157.26
67,140,173,152.91
67,141,172,155.52
67,142,171,150.18
67,143,170,148.3
67,144,169,144.07
67,145,168,150.88
67,146,167,143.78
67,147,166,144.35
67,148,165,144.25
67,149,164,141.43
67,150,163,147.8
67,151,162,145.14
67,152,161,145.04
67,153,160,144.0
67,154,159,136.32
67,155,158,140.06
67,156,157,147.33
67,157,156,129.13
67,158,155,132.69
67,159,154,128.93
67,160,153,135.92
67,161,152,141.44
67,162,151,133.55
67,163,150,129.43
67,164,149,136.47
67,165,148,134.59
67,166,147,123.44
67,167,146,130.07
67,168,145,137.35
67,169,144,122.71
67,170,143,123.71
67,171,142,139.49
67,172,141,121.87
67,173,140,124.75
67,174,139,124.33
67,175,138,139.29
67,176,137,122.68
67,177,136,131.25
67,178,135,114.27
67,179,134,120.54
67,180,133,117.94
67,181,132,117.66
67,182,131,117.08
67,183,130,116.16
67,184,129,117.24
67,185,128,105.81
67,186,127,114.38
67,187,126,114.41
67,188,125,118.54
67,189,124,108.22
67,190,123,124.49
67,191,122,114.78
67,192,121,112.45
67,193,120,108.91
67,194,119,100.58
67,195,118,103.09
67,196,117,108.21
67,197,116,111.31
67,198,115,120.87
67,199,114,102.82
67,200,113,102.57
67,201,112,100.96
67,202,111,107.16
67,203,110,101.95
67,204,109,100.76
67,205,108,102.22
67,206,107,97.19
67,207,106,99.85
67,208,105,96.16
67,209,104,90.73
67,210,103,103.71
67,211,102,99.05
67,212,101,89.19
67,213,100,91.98
67,214,99,96.41
67,215,98,91.19
67,216,97,89.7
67,217,96,91.32
67,218,95,89.53
67,219,94,90.87
67,220,93,93.28
67,221,92,80.4
67,222,91,91.66
67,223,90,93.49
67,224,89,80.15
67,225,88,85.61
67,226,87,85.99
67,227,86,80.0
67,228,85,79.76
67,229,84,71.29
67,230,83,72.35
67,231,82,75.71
67,232,81,75.86
67,233,80,75.99
67,234,79,76.33
67,235,78,74.7
67,236,77,74.68
67,237,76,68.93
67,238,75,65.6
67,239,74,64.1
67,240,73,70.81
67,241,72,63.69
67,242,71,60.14
67,243,70,63.51
67,244,69,66.52
67,245,68,63.97
67,246,67,70.89
67,247,66,61.02
67,248,65,63.94
67,249,64,56.22
67,250,63,64.07
67,251,62,56.19
67,252,61,62.33
67,253,60,58.65
67,254,59,51.78
67,255,58,52.52
67,256,57,53.53
67,257,56,56.87
67,258,55,49.38
67,259,54,53.0
67,260,53,49.35
67,261,52,45.96
67,262,51,43.08
67,263,50,43.84
67,264,49,41.84
67,265,48,47.0
67,266,47,45.92
67,267,46,39.5
67,268,45,40.87
67,269,44,52.91
67,270,43,41.61
67,271,42,37.17
67,272,41,42.18
67,273,40,36.46
67,274,39,38.83
67,275,38,39.56
67,276,37,31.86
67,277,36,32.08
67,278,35,34.64
67,279,34,27.72
67,280,33,25.22
67,281,32,29.35
67,282,31,27.19
67,283,30,25.21
67,284,29,25.66
67,285,28,29.43
67,286,27,21.55
67,287,26,22.66
67,288,25,25.11
67,289,24,22.8
67,290,23,28.56
67,291,22,18.49
67,292,21,18.73
67,293,20,18.08
67,294,19,14.84
67,295,18,17.41
67,296,17,17.05
67,297,16,11.47
67,298,15,15.91
67,299,14,14.13
67,300,13,11.85
67,301,12,10.33
67,302,11,11.73
67,303,10,11.74
67,304,9,7.52
67,305,8,10.73
67,306,7,7.23
67,307,6,8.98
67,308,5,7.33
67,309,4,3.6
67,310,3,5.11
67,311,2,3.58
67,312,1,2.97
67,313,0,2.92
68,1,198,173.5
68,2,197,173.91
68,3,196,170.96
68,4,195,173.39
68,5,194,182.64
68,6,193,176.42
68,7,192,169.84
68,8,191,178.34
68,9,190,155.7
68,10,189,172.49
68,11,188,172.53
68,12,187,160.37
68,13,186,171.11
68,14,185,172.83
68,15,184,176.09
68,16,183,168.7
68,17,182,161.03
68,18,181,172.31
68,19,180,160.41
68,20,179,164.95
68,21,178,161.58
68,22,177,168.19
68,23,176,163.27
68,24,175,155.65
68,25,174,166.95
68,26,173,153.87
68,27,172,151.95
68,28,171,156.66
68,29,170,157.75
68,30,169,155.27
68,31,168,163.26
68,32,167,158.2
68,33,166,162.24
68,34,165,145.47
68,35,164,150.88
68,36,163,151.76
68,37,162,150.58
68,38,161,158.89
68,39,160,160.76
68,40,159,148.64
68,41,158,149.46
68,42,157,148.88
68,43,156,152.2
68,44,155,130.34
68,45,154,135.31
68,46,153,139.08
68,47,152,143.61
68,48,151,144.25
68,49,150,138.28
68,50,149,141.94
68,51,148,138.3
68,52,147,131.94
68,53,146,131.74
68,54,145,121.43
68,55,144,136.33
68,56,143,141.22
68,57,142,135.64
68,58,141,131.48
68,59,140,128.27
68,60,139,129.41
68,61,138,142.25
68,62,137,128.18
68,63,136,118.28
68,64,135,137.24
68,65,134,132.34
68,66,133,130.41
68,67,132,121.25
68,68,131,120.41
68,69,130,127.17
68,70,129,131.95
68,71,128,121.01
68,72,127,137.76
68,73,126,115.92
68,74,125,118.86
68,75,124,113.36
68,76,123,125.29
68,77,122,112.43
68,78,121,126.06
68,79,120,126.12
68,80,119,110.6
68,81,118,114.32
68,82,117,110.59
68,83,116,115.17
68,84,115,102.95
68,85,114,101.66
68,86,113,112.53
68,87,112,107.68
68,88,111,101.87
68,89,110,104.11
68,90,109,99.22
68,91,108,97.16
68,92,107,97.16
68,93,106,115.32
68,94,105,96.65
68,95,104,112.88
68,96,103,98.12
68,97,102,96.13
68,98,101,100.01
68,99,100,107.14
68,100,99,97.31
68,101,98,96.32
68,102,97,95.87
68,103,96,97.47
68,104,95,88.51
68,105,94,90.18
68,106,93,93.6
68,107,92,84.48
68,108,91,90.01
68,109,90,85.08
68,110,89,82.74
68,111,88,78.9
68,112,87,84.82
68,113,86,82.48
68,114,85,76.07
68,115,84,75.58
68,116,83,82.1
68,117,82,87.24
68,118,81,77.93
68,119,80,74.32
68,120,79,71.72
68,121,78,76.3
68,122,77,74.78
68,123,76,74.59
68,124,75,67.16
68,125,74,67.94
68,126,73,69.95
68,127,72,69.99
68,128,71,67.21
68,129,70,66.17
68,130,69,67.59
68,131,68,64.21
68,132,67,65.23
68,133,66,62.83
68,134,65,62.05
68,135,64,60.03
68,136,63,58.54
68,137,62,60.76
68,138,61,53.8
68,139,60,59.23
68,140,59,61.87
68,141,58,60.28
68,142,57,57.73
68,143,56,50.87
68,144,55,50.88
68,145,54,52.02
68,146,53,50.59
68,147,52,52.32
68,148,51,48.22
68,149,50,49.6
68,150,49,49.33
68,151,48,44.75
68,152,47,45.09
68,153,46,49.18
68,154,45,43.37
68,155,44,43.16
68,156,43,40.35
68,157,42,41.2
68,158,41,39.54
68,159,40,40.53
68,160,39,37.26
68,161,38,39.43
68,162,37,34.6
68,163,36,32.3
68,164,35,35.1
68,165,34,35.02
68,166,33,31.08
68,167,32,31.53
68,168,31,31.48
68,169,30,30.83
68,170,29,27.3
68,171,28,28.86
68,172,27,26.65
68,173,26,25.7
68,174,25,24.28
68,175,24,22.32
68,176,23,21.46
68,177,22,22.62
68,178,21,19.77
68,179,20,19.28
68,180,19,20.25
68,181,18,17.1
68,182,17,17.99
68,183,16,14.56
68,184,15,14.47
68,185,14,13.25
68,186,13,13.06
68,187,12,13.24
68,188,11,9.34
68,189,10,10.66
68,190,9,10.36
68,191,8,7.8
68,192,7,9.76
68,193,6,7.1
68,194,5,4.2
68,195,4,4.68
68,196,3,3.44
68,197,2,3.7
68,198,1,1.24
68,199,0,0.75
69,1,361,291.66
69,2,360,290.27
69,3,359,267.38
69,4,358,304.36
69,5,357,282.66
69,6,356,278.78
69,7,355,284.66
69,8,354,288.63
69,9,353,287.37
69,10,352,272.35
69,11,351,288.66
69,12,350,269.74
69,13,349,275.46
69,14,348,264.29
69,15,347,284.06
69,16,346,267.26
69,17,345,270.11
69,18,344,274.66
69,19,343,271.77
69,20,342,279.42
69,21,341,240.64
69,22,340,262.32
69,23,339,269.17
69,24,338,280.71
69,25,337,257.1
69,26,336,285.9
69,27,335,272.65
69,28,334,277.07
69,29,333,266.51
69,30,332,273.55
69,31,331,266.79
69,32,330,263.85
69,33,329,264.29
69,34,328,252.36
69,35,327,276.57
69,36,326,284.9
69,37,325,260.98
69,38,324,276.96
69,39,323,278.4
69,40,322,277.57
69,41,321,259.78
69,42,320,246.74
69,43,319,235.0
69,44,318,262.8
69,45,317,249.74
69,46,316,264.7
69,47,315,264.39
69,48,314,254.79
69,49,313,270.31
69,50,312,267.16
69,51,311,236.81
69,52,310,263.37
69,53,309,260.59
69,54,308,266.14
69,55,307,228.4
69,56,306,254.16
69,57,305,239.29
69,58,304,242.82
69,59,303,239.75
69,60,302,252.27
69,61,301,253.14
69,62,300,243.86
69,63,299,260.09
69,64,298,238.1
69,65,297,245.27
69,66,296,238.14
69,67,295,241.49
69,68,294,246.9
69,69,293,242.53
69,70,292,228.93
69,71,291,244.22
69,72,290,252.11
69,73,289,236.05
69,74,288,227.54
69,75,287,222.25
69,76,286,249.06
69,77,285,241.82
69,78,284,234.5
69,79,283,226.53
69,80,282,231.52
69,81,281,230.17
69,82,280,246.04
69,83,279,244.76
69,84,278,234.27
69,85,277,230.8
69,86,276,230.91
69,87,275,225.95
69,88,274,230.6
69,89,273,220.43
69,90,272,216.35
69,91,271,218.57
69,92,270,214.56
69,93,269,224.6
69,94,268,220.04
69,95,267,227.23
69,96,266,218.29
69,97,265,229.25
69,98,264,225.55
69,99,263,233.51
69,100,262,221.0
69,101,261,224.12
69,102,260,215.02
69,103,259,211.97
69,104,258,218.11
69,105,257,219.87
69,106,256,198.78
69,107,255,216.56
69,108,254,225.27
69,109,253,209.42
69,110,252,226.34
69,111,251,220.95
69,112,250,201.84
69,113,249,203.1
69,114,248,209.18
69,115,247,212.43
69,116,246,222.4
69,117,245,209.24
69,118,244,208.44
69,119,243,207.41
69,120,242,208.83
69,121,241,197.99
69,122,240,224.55
69,123,239,204.73
69,124,238,201.71
69,125,237,204.19
69,126,236,193.24
69,127,235,192.83
69,128,234,203.71
69,129,233,192.76
69,130,232,201.76
69,131,231,194.73
69,132,230,198.09
69,133,229,192.36
69,134,228,201.77
69,135,227,201.83
69,136,226,196.28
69,137,225,196.88
69,138,224,189.82
69,139,223,191.91
69,140,222,173.91
69,141,221,191.06
69,142,220,182.86
69,143,219,197.23
69,144,218,170.7
69,145,217,187.59
69,146,216,195.05
69,147,215,197.7
69,148,214,191.62
69,149,213,177.55
69,150,212,184.64
69,151,211,191.91
69,152,210,178.5
69,153,209,182.92
69,154,208,180.91
69,155,207,188.93
69,156,206,187.98
69,157,205,188.08
69,158,204,188.56
69,159,203,171.61
69,160,202,179.7
69,161,201,180.22
69,162,200,169.81
69,163,199,165.63
69,164,198,173.77
69,165,197,180.72
69,166,196,179.26
69,167,195,174.87
69,168,194,168.21
69,169,193,172.65
69,170,192,174.41
69,171,191,161.62
69,172,190,172.28
69,173,189,177.62
69,174,188,168.08
69,175,187,170.59
69,176,186,162.19
69,177,185,173.04
69,178,184,170.3
69,179,183,169.01
69,180,182,156.92
69,181,181,160.2
69,182,180,168.03
69,183,179,156.89
69,184,178,166.84
69,185,177,159.49
69,186,176,164.53
69,187,175,154.5
69,188,174,160.34
69,189,173,146.27
69,190,172,154.27
69,191,171,147.19
69,192,170,142.7
69,193,169,150.07
69,194,168,142.89
69,195,167,159.6
69,196,166,159.73
69,197,165,143.49
69,198,164,151.48
69,199,163,146.19
69,200,162,147.97
69,201,161,143.45
69,202,160,154.83
69,203,159,145.49
69,204,158,147.72
69,205,157,150.49
69,206,156,154.04
69,207,155,140.89
69,208,154,142.72
69,209,153,132.11
69,210,152,145.76
69,211,151,146.31
69,212,150,139.81
69,213,149,140.13
69,214,148,144.65
69,215,147,138.35
69,216,146,136.28
69,217,145,135.18
69,218,144,143.62
69,219,143,136.01
69,220,142,137.54
69,221,141,134.68
69,222,140,144.51
69,223,139,128.72
69,224,138,137.35
69,225,137,132.29
69,226,136,127.51
69,227,135,137.02
69,228,134,138.58
69,229,133,122.76
69,230,132,143.47
69,231,131,119.04
69,232,130,117.81
69,233,129,118.72
69,234,128,119.34
69,235,127,124.86
69,236,126,125.68
69,237,125,121.98
69,238,124,128.03
69,239,123,122.22
69,240,122,110.04
69,241,121,120.7
69,242,120,116.47
69,243,119,116.66
69,244,118,116.22
69,245,117,118.03
69,246,116,107.34
69,247,115,124.09
69,248,114,113.51
69,249,113,116.12
69,250,112,114.64
69,251,111,122.82
69,252,110,100.47
69,253,109,99.1
69,254,108,93.85
69,255,107,114.19
69,256,106,109.69
69,257,105,97.19
69,258,104,98.55
69,259,103,95.0
69,260,102,110.7
69,261,101,103.37
69,262,100,96.73
69,263,99,105.07
69,264,98,92.67
69,265,97,94.43
69,266,96,101.64
69,267,95,85.23
69,268,94,93.21
69,269,93,87.64
69,270,92,85.82
69,271,91,98.16
69,272,90,82.53
69,273,89,89.33
69,274,88,89.46
69,275,87,84.85
69,276,86,84.58
69,277,85,75.4
69,278,84,90.1
69,279,83,78.22
69,280,82,87.15
69,281,81,75.99
69,282,80,85.38
69,283,79,79.8
69,284,78,77.2
69,285,77,63.53
69,286,76,66.55
69,287,75,72.64
69,288,74,61.31
69,289,73,80.72
69,290,72,75.61
69,291,71,62.42
69,292,70,58.41
69,293,69,63.19
69,294,68,55.55
69,295,67,62.11
69,296,66,66.73
69,297,65,63.33
69,298,64,56.23
69,299,63,57.49
69,300,62,61.7
69,301,61,60.77
69,302,60,52.3
69,303,59,52.55
69,304,58,54.45
69,305,57,61.43
69,306,56,50.79
69,307,55,62.75
69,308,54,51.96
69,309,53,48.09
69,310,52,50.98
69,311,51,48.97
69,312,50,38.29
69,313,49,45.19
69,314,48,46.49
69,315,47,37.6
69,316,46,41.75
69,317,45,43.82
69,318,44,41.67
69,319,43,38.27
69,320,42,36.59
69,321,41,35.01
69,322,40,31.16
69,323,39,33.32
69,324,38,32.02
69,325,37,39.35
69,326,36,29.22
69,327,35,30.9
69,328,34,30.93
69,329,33,26.62
69,330,32,28.9
69,331,31,31.23
69,332,30,22.86
69,333,29,24.11
69,334,28,23.35
69,335,27,26.03
69,336,26,22.94
69,337,25,24.23
69,338,24,19.71
69,339,23,22.99
69,340,22,18.0
69,341,21,16.72
69,342,20,18.16
69,343,19,17.49
69,344,18,13.62
69,345,17,13.11
69,346,16,14.94
69,347,15,12.25
69,348,14,9.91
69,349,13,12.38
69,350,12,9.96
69,351,11,9.14
69,352,10,10.51
69,353,9,9.7
69,354,8,5.81
69,355,7,7.56
69,356,6,5.65
69,357,5,4.49
69,358,4,4.34
69,359,3,3.79
69,360,2,2.4
69,361,1,2.59
69,362,0,1.37
70,1,136,140.8
70,2,135,130.96
70,3,134,140.39
70,4,133,131.75
70,5,132,135.51
70,6,131,140.65
70,7,130,133.89
70,8,129,130.89
70,9,128,135.82
70,10,127,153.35
70,11,126,128.61
70,12,125,122.63
70,13,124,135.69
70,14,123,139.03
70,15,122,123.86
70,16,121,132.47
70,17,120,119.39
70,18,119,134.26
70,19,118,126.31
70,20,117,130.65
70,21,116,123.3
70,22,115,135.16
70,23,114,122.49
70,24,113,131.43
70,25,112,120.18
70,26,111,119.3
70,27,110,121.31
70,28,109,106.06
70,29,108,121.59
70,30,107,117.72
70,31,106,118.9
70,32,105,112.74
70,33,104,105.08
70,34,103,129.45
70,35,102,108.14
70,36,101,121.19
70,37,100,128.58
70,38,99,108.69
70,39,98,103.97
70,40,97,121.55
70,41,96,120.74
70,42,95,110.42
70,43,94,120.76
70,44,93,108.5
70,45,92,108.45
70,46,91,113.36
70,47,90,100.01
70,48,89,106.99
70,49,88,110.44
70,50,87,111.08
70,51,86,94.37
70,52,85,106.62
70,53,84,99.8
70,54,83,97.65
70,55,82,113.81
70,56,81,96.82
70,57,80,97.41
70,58,79,94.57
70,59,78,103.25
70,60,77,88.09
70,61,76,109.21
70,62,75,93.97
70,63,74,96.47
70,64,73,86.58
70,65,72,102.06
70,66,71,84.08
70,67,70,98.43
70,68,69,78.47
70,69,68,89.18
70,70,67,73.36
70,71,66,84.74
70,72,65,79.55
70,73,64,88.54
70,74,63,78.94
70,75,62,71.55
70,76,61,75.72
70,77,60,80.12
70,78,59,84.79
70,79,58,75.83
70,80,57,72.99
70,81,56,67.74
70,82,55,68.68
70,83,54,73.16
70,84,53,68.86
70,85,52,80.85
70,86,51,70.92
70,87,50,70.12
70,88,49,66.14
70,89,48,67.01
70,90,47,62.87
70,91,46,60.08
70,92,45,54.83
70,93,44,62.4
70,94,43,50.12
70,95,42,59.51
70,96,41,47.32
70,97,40,52.63
70,98,39,46.47
70,99,38,53.21
70,100,37,47.64
70,101,36,52.05
70,102,35,45.06
70,103,34,40.19
70,104,33,43.21
70,105,32,46.01
70,106,31,47.41
70,107,30,41.85
70,108,29,38.01
70,109,28,35.64
70,110,27,34.48
70,111,26,36.73
70,112,25,28.45
70,113,24,32.44
70,114,23,27.41
70,115,22,27.12
70,116,21,30.36
70,117,20,28.1
70,118,19,29.2
70,119,18,27.87
70,120,17,21.39
70,121,16,19.63
70,122,15,17.85
70,123,14,18.91
70,124,13,13.75
70,125,12,11.53
70,126,11,13.01
70,127,10,11.47
70,128,9,13.95
70,129,8,9.59
70,130,7,8.64
70,131,6,9.93
70,132,5,4.9
70,133,4,5.28
70,134,3,2.73
70,135,2,3.39
70,136,1,1.87
70,137,0,1.01
71,1,207,184.58
71,2,206,183.7
71,3,205,181.34
71,4,204,187.65
71,5,203,182.53
71,6,202,186.56
71,7,201,186.11
71,8,200,184.81
71,9,199,189.4
71,10,198,179.57
71,11,197,178.19
71,12,196,179.51
71,13,195,172.01
71,14,194,177.83
71,15,193,172.47
71,16,192,180.35
71,17,191,177.16
71,18,190,176.94
71,19,189,174.31
71,20,188,180.0
71,21,187,174.53
71,22,186,174.59
71,23,185,167.12
71,24,184,169.07
71,25,183,174.54
71,26,182,169.58
71,27,181,166.19
71,28,180,164.14
71,29,179,167.97
71,30,178,175.13
71,31,177,165.44
71,32,176,160.73
71,33,175,165.15
71,34,174,165.86
71,35,173,167.89
71,36,172,162.43
71,37,171,172.61
71,38,170,164.01
71,39,169,158.65
71,40,168,156.29
71,41,167,159.14
71,42,166,155.03
71,43,165,158.83
71,44,164,154.97
71,45,163,154.24
71,46,162,155.83
71,47,161,154.55
71,48,160,151.06
71,49,159,159.31
71,50,158,152.2
71,51,157,146.64
71,52,156,145.98
71,53,155,156.94
71,54,154,158.44
71,55,153,150.67
71,56,152,153.4
71,57,151,141.66
71,58,150,158.84
71,59,149,144.42
71,60,148,154.86
71,61,147,145.04
71,62,146,140.98
71,63,145,139.23
71,64,144,157.31
71,65,143,141.48
71,66,142,145.82
71,67,141,141.84
71,68,140,142.66
71,69,139,142.75
71,70,138,152.81
71,71,137,134.62
71,72,136,137.02
71,73,135,143.19
71,74,134,133.41
71,75,133,142.86
71,76,132,122.38
71,77,131,132.47
71,78,130,137.08
71,79,129,139.44
71,80,128,128.44
71,81,127,129.63
71,82,126,129.94
71,83,125,118.4
71,84,124,130.18
71,85,123,123.01
71,86,122,127.66
71,87,121,119.73
71,88,120,127.51
71,89,119,133.97
71,90,118,128.17
71,91,117,117.94
71,92,116,127.91
71,93,115,112.61
71,94,114,117.21
71,95,113,119.19
71,96,112,125.94
71,97,111,117.08
71,98,110,123.31
71,99,109,125.07
71,100,108,122.95
71,101,107,125.73
71,102,106,122.34
71,103,105,109.2
71,104,104,105.94
71,105,103,116.77
71,106,102,112.01
71,107,101,104.5
71,108,100,109.52
71,109,99,109.42
71,110,98,116.29
71,111,97,108.67
71,112,96,116.32
71,113,95,106.12
71,114,94,105.6
71,115,93,106.86
71,116,92,103.58
71,117,91,102.57
71,118,90,101.16
71,119,89,99.47
71,120,88,100.52
71,121,87,96.57
71,122,86,95.34
71,123,85,86.04
71,124,84,90.07
71,125,83,95.81
71,126,82,84.86
71,127,81,84.54
71,128,80,85.02
71,129,79,92.61
71,130,78,87.88
71,131,77,93.26
71,132,76,92.27
71,133,75,77.79
71,134,74,93.76
71,135,73,80.69
71,136,72,78.21
71,137,71,72.5
71,138,70,72.06
71,139,69,72.75
71,140,68,77.61
71,141,67,72.79
71,142,66,79.72
71,143,65,65.0
71,144,64,69.64
71,145,63,67.85
71,146,62,62.16
71,147,61,64.42
71,148,60,65.95
71,149,59,68.84
71,150,58,58.23
71,151,57,64.4
71,152,56,55.97
71,153,55,55.44
71,154,54,54.91
71,155,53,52.45
71,156,52,52.48
71,157,51,60.4
71,158,50,52.31
71,159,49,54.06
71,160,48,46.43
71,161,47,48.84
71,162,46,47.73
71,163,45,44.36
71,164,44,48.58
71,165,43,44.43
71,166,42,41.53
71,167,41,41.14
71,168,40,40.35
71,169,39,43.21
71,170,38,43.5
71,171,37,36.24
71,172,36,38.7
71,173,35,37.07
71,174,34,36.73
71,175,33,31.88
71,176,32,32.64
71,177,31,32.48
71,178,30,30.64
71,179,29,31.49
71,180,28,26.43
71,181,27,27.65
71,182,26,26.62
71,183,25,24.5
71,184,24,25.87
71,185,23,23.2
71,186,22,25.12
71,187,21,24.74
71,188,20,20.6
71,189,19,21.08
71,190,18,20.03
71,191,17,15.08
71,192,16,18.29
71,193,15,17.27
71,194,14,14.16
71,195,13,14.89
71,196,12,11.4
71,197,11,11.32
71,198,10,10.89
71,199,9,9.97
71,200,8,7.87
71,201,7,6.08
71,202,6,7.01
71,203,5,5.29
71,204,4,6.22
71,205,3,4.28
71,206,2,2.08
71,207,1,1.74
71,208,0,0.83
72,1,212,192.71
72,2,211,183.69
72,3,210,184.74
72,4,209,201.71
72,5,208,192.59
72,6,207,193.52
72,7,206,195.73
72,8,205,187.41
72,9,204,192.28
72,10,203,183.65
72,11,202,197.78
72,12,201,187.07
72,13,200,194.79
72,14,199,193.13
72,15,198,189.41
72,16,197,185.99
72,17,196,179.46
72,18,195,191.62
72,19,194,186.58
72,20,193,185.77
72,21,192,189.68
72,22,191,182.65
72,23,190,192.67
72,24,189,180.23
72,25,188,186.64
72,26,187,173.92
72,27,186,185.65
72,28,185,189.75
72,29,184,179.9
72,30,183,187.56
72,31,182,176.32
72,32,181,172.72
72,33,180,181.55
72,34,179,180.37
72,35,178,173.6
72,36,177,170.5
72,37,176,167.15
72,38,175,186.57
72,39,174,170.68
72,40,173,178.29
72,41,172,188.3
72,42,171,165.16
72,43,170,171.58
72,44,169,172.63
72,45,168,166.18
72,46,167,169.5
72,47,166,175.94
72,48,165,162.25
72,49,164,162.67
72,50,163,165.49
72,51,162,173.57
72,52,161,159.66
72,53,160,158.63
72,54,159,158.54
72,55,158,157.9
72,56,157,152.77
72,57,156,159.07
72,58,155,159.09
72,59,154,156.98
72,60,153,152.05
72,61,152,152.48
72,62,151,146.49
72,63,150,161.91
72,64,149,152.98
72,65,148,153.38
72,66,147,158.05
72,67,146,163.29
72,68,145,153.67
72,69,144,162.32
72,70,143,145.09
72,71,142,150.97
72,72,141,161.7
72,73,140,149.51
72,74,139,151.67
72,75,138,143.52
72,76,137,147.36
72,77,136,147.32
72,78,135,147.85
72,79,134,138.32
72,80,133,143.34
72,81,132,144.67
72,82,131,135.37
72,83,130,141.88
72,84,129,143.88
72,85,128,144.62
72,86,127,135.96
72,87,126,138.83
72,88,125,133.58
72,89,124,134.62
72,90,123,136.7
72,91,122,139.7
72,92,121,131.36
72,93,120,142.37
72,94,119,130.86
72,95,118,133.5
72,96,117,123.57
72,97,116,125.66
72,98,115,128.48
72,99,114,122.98
72,100,113,123.19
72,101,112,127.75
72,102,111,120.39
72,103,110,126.36
72,104,109,117.51
72,105,108,124.47
72,106,107,118.34
72,107,106,130.57
72,108,105,120.08
72,109,104,122.07
72,110,103,128.68
72,111,102,129.29
72,112,101,124.15
72,113,100,119.82
72,114,99,119.37
72,115,98,119.4
72,116,97,119.32
72,117,96,114.91
72,118,95,118.55
72,119,94,115.68
72,120,93,115.35
72,121,92,117.81
72,122,91,118.98
72,123,90,109.67
72,124,89,110.13
72,125,88,110.58
72,126,87,107.44
72,127,86,109.62
72,128,85,104.1
72,129,84,116.5
72,130,83,92.69
72,131,82,111.32
72,132,81,101.06
72,133,80,100.34
72,134,79,104.36
72,135,78,102.64
72,136,77,104.17
72,137,76,101.77
72,138,75,102.88
72,139,74,95.95
72,140,73,86.47
72,141,72,107.25
72,142,71,90.01
72,143,70,86.92
72,144,69,93.94
72,145,68,97.27
72,146,67,93.32
72,147,66,88.31
72,148,65,101.95
72,149,64,93.56
72,150,63,106.22
72,151,62,85.23
72,152,61,75.67
72,153,60,78.9
72,154,59,80.3
72,155,58,72.85
72,156,57,77.83
72,157,56,64.13
72,158,55,75.08
72,159,54,55.83
72,160,53,64.09
72,161,52,60.57
72,162,51,52.87
72,163,50,60.22
72,164,49,50.69
72,165,48,52.64
72,166,47,57.74
72,167,46,48.65
72,168,45,42.86
72,169,44,56.03
72,170,43,44.08
72,171,42,61.83
72,172,41,48.94
72,173,40,46.9
72,174,39,42.37
72,175,38,35.4
72,176,37,42.09
72,177,36,26.61
72,178,35,39.95
72,179,34,37.93
72,180,33,37.87
72,181,32,31.7
72,182,31,45.6
72,183,30,33.36
72,184,29,33.76
72,185,28,30.58
72,186,27,31.97
72,187,26,28.25
72,188,25,28.95
72,189,24,25.76
72,190,23,29.87
72,191,22,23.8
72,192,21,25.57
72,193,20,21.48
72,194,19,20.58
72,195,18,16.15
72,196,17,13.6
72,197,16,17.84
72,198,15,19.11
72,199,14,13.98
72,200,13,12.52
72,201,12,13.3
72,202,11,10.8
72,203,10,8.67
72,204,9,8.36
72,205,8,11.07
72,206,7,7.64
72,207,6,4.12
72,208,5,8.25
72,209,4,4.64
72,210,3,3.73
72,211,2,2.19
72,212,1,3.77
72,213,0,1.55
73,1,212,184.29
73,2,211,174.25
73,3,210,189.11
73,4,209,179.94
73,5,208,179.97
73,6,207,173.08
73,7,206,181.58
73,8,205,188.2
73,9,204,182.05
73,10,203,171.7
73,11,202,180.0
73,12,201,170.25
73,13,200,157.87
73,14,199,178.83
73,15,198,182.76
73,16,197,162.21
73,17,196,179.37
73,18,195,157.1
73,19,194,169.05
73,20,193,176.8
73,21,192,179.2
73,22,191,179.46
73,23,190,174.62
73,24,189,168.54
73,25,188,180.11
73,26,187,177.89
73,27,186,169.45
73,28,185,161.86
73,29,184,167.59
73,30,183,163.3
73,31,182,159.89
73,32,181,171.27
73,33,180,164.18
73,34,179,166.9
73,35,178,168.41
73,36,177,165.12
73,37,176,156.8
73,38,175,159.27
73,39,174,150.37
73,40,173,154.98
73,41,172,164.63
73,42,171,155.24
73,43,170,155.88
73,44,169,151.46
73,45,168,142.83
73,46,167,161.71
73,47,166,156.42
73,48,165,156.67
73,49,164,158.78
73,50,163,149.49
73,51,162,153.4
73,52,161,152.59
73,53,160,143.34
73,54,159,150.83
73,55,158,142.16
73,56,157,131.2
73,57,156,121.83
73,58,155,146.44
73,59,154,149.44
73,60,153,137.16
73,61,152,148.04
73,62,151,124.93
73,63,150,140.98
73,64,149,136.47
73,65,148,123.87
73,66,147,116.68
73,67,146,145.35
73,68,145,146.9
73,69,144,143.95
73,70,143,137.95
73,71,142,138.55
73,72,141,143.91
73,73,140,122.19
73,74,139,124.94
73,75,138,122.0
73,76,137,122.4
73,77,136,121.88
73,78,135,125.51
73,79,134,143.51
73,80,133,142.21
73,81,132,127.2
73,82,131,128.2
73,83,130,126.12
73,84,129,124.12
73,85,128,106.57
73,86,127,134.8
73,87,126,117.19
73,88,125,112.53
73,89,124,116.92
73,90,123,123.95
73,91,122,118.82
73,92,121,114.42
73,93,120,117.34
73,94,119,96.81
73,95,118,130.94
73,96,117,99.44
73,97,116,107.82
73,98,115,113.04
73,99,114,118.07
73,100,113,94.95
73,101,112,93.09
73,102,111,113.99
73,103,110,94.4
73,104,109,113.23
73,105,108,96.37
73,106,107,95.57
73,107,106,106.58
73,108,105,115.71
73,109,104,113.56
73,110,103,89.75
73,111,102,96.4
73,112,101,103.89
73,113,100,106.13
73,114,99,84.9
73,115,98,88.2
73,116,97,99.12
73,117,96,82.43
73,118,95,85.89
73,119,94,74.56
73,120,93,75.72
73,121,92,82.88
73,122,91,84.01
73,123,90,76.18
73,124,89,86.23
73,125,88,90.59
73,126,87,83.23
73,127,86,75.17
73,128,85,83.09
73,129,84,73.53
73,130,83,82.76
73,131,82,72.9
73,132,81,82.42
73,133,80,69.24
73,134,79,82.67
73,135,78,74.38
73,136,77,72.38
73,137,76,67.62
73,138,75,76.48
73,139,74,68.52
73,140,73,64.23
73,141,72,76.02
73,142,71,64.85
73,143,70,63.2
73,144,69,61.33
73,145,68,57.5
73,146,67,61.77
73,147,66,58.84
73,148,65,64.93
73,149,64,60.03
73,150,63,65.86
73,151,62,55.09
73,152,61,65.85
73,153,60,49.38
73,154,59,59.18
73,155,58,50.93
73,156,57,50.67
73,157,56,50.68
73,158,55,49.8
73,159,54,48.73
73,160,53,48.16
73,161,52,43.84
73,162,51,45.91
73,163,50,45.91
73,164,49,45.25
73,165,48,48.04
73,166,47,43.23
73,167,46,40.62
73,168,45,39.4
73,169,44,37.2
73,170,43,33.59
73,171,42,40.55
73,172,41,31.84
73,173,40,42.19
73,174,39,31.04
73,175,38,30.22
73,176,37,34.47
73,177,36,32.9
73,178,35,27.25
73,179,34,27.75
73,180,33,27.87
73,181,32,30.47
73,182,31,30.6
73,183,30,27.13
73,184,29,24.07
73,185,28,25.86
73,186,27,27.01
73,187,26,20.63
73,188,25,23.05
73,189,24,20.98
73,190,23,22.42
73,191,22,19.89
73,192,21,21.26
73,193,20,15.46
73,194,19,16.51
73,195,18,17.11
73,196,17,13.65
73,197,16,14.26
73,198,15,13.9
73,199,14,14.03
73,200,13,9.72
73,201,12,11.47
73,202,11,11.01
73,203,10,9.7
73,204,9,7.62
73,205,8,7.69
73,206,7,6.39
73,207,6,5.64
73,208,5,3.85
73,209,4,4.35
73,210,3,5.16
73,211,2,2.01
73,212,1,2.24
73,213,0,1.38
74,1,165,171.65
74,2,164,155.28
74,3,163,159.38
74,4,162,153.06
74,5,161,164.53
74,6,160,151.07
74,7,159,151.85
74,8,158,148.83
74,9,157,141.65
74,10,156,161.28
74,11,155,146.12
74,12,154,151.38
74,13,153,141.58
74,14,152,143.36
74,15,151,154.26
74,16,150,151.24
74,17,149,149.96
74,18,148,146.61
74,19,147,153.02
74,20,146,148.08
74,21,145,137.76
74,22,144,147.54
74,23,143,154.1
74,24,142,154.73
74,25,141,149.38
74,26,140,136.42
74,27,139,145.38
74,28,138,145.54
74,29,137,139.84
74,30,136,144.19
74,31,135,136.78
74,32,134,144.03
74,33,133,139.38
74,34,132,136.23
74,35,131,128.04
74,36,130,136.65
74,37,129,134.64
74,38,128,136.88
74,39,127,129.97
74,40,126,123.05
74,41,125,135.2
74,42,124,139.95
74,43,123,129.36
74,44,122,120.39
74,45,121,137.21
74,46,120,139.93
74,47,119,123.29
74,48,118,127.89
74,49,117,129.59
74,50,116,121.13
74,51,115,128.67
74,52,114,128.92
74,53,113,116.65
74,54,112,138.51
74,55,111,123.83
74,56,110,124.64
74,57,109,116.8
74,58,108,117.83
74,59,107,115.37
74,60,106,120.28
74,61,105,123.35
74,62,104,108.69
74,63,103,112.22
74,64,102,111.75
74,65,101,110.37
74,66,100,116.28
74,67,99,112.19
74,68,98,111.33
74,69,97,118.65
74,70,96,118.92
74,71,95,114.14
74,72,94,106.82
74,73,93,108.14
74,74,92,106.08
74,75,91,110.68
74,76,90,108.76
74,77,89,106.37
74,78,88,95.6
74,79,87,105.24
74,80,86,108.79
74,81,85,90.4
74,82,84,88.18
74,83,83,98.79
74,84,82,99.78
74,85,81,87.43
74,86,80,109.64
74,87,79,81.3
74,88,78,100.72
74,89,77,97.71
74,90,76,90.72
74,91,75,102.38
74,92,74,97.88
74,93,73,85.27
74,94,72,97.08
74,95,71,85.41
74,96,70,99.73
74,97,69,94.49
74,98,68,84.77
74,99,67,79.62
74,100,66,96.21
74,101,65,95.64
74,102,64,87.34
74,103,63,89.65
74,104,62,85.73
74,105,61,86.1
74,106,60,76.21
74,107,59,73.29
74,108,58,85.33
74,109,57,63.57
74,110,56,67.64
74,111,55,69.28
74,112,54,81.3
74,113,53,78.95
74,114,52,79.93
74,115,51,71.84
74,116,50,78.68
74,117,49,62.18
74,118,48,81.82
74,119,47,64.33
74,120,46,60.29
74,121,45,57.73
74,122,44,68.72
74,123,43,62.54
74,124,42,57.98
74,125,41,57.27
74,126,40,76.83
74,127,39,68.96
74,128,38,55.67
74,129,37,58.55
74,130,36,49.08
74,131,35,57.69
74,132,34,44.2
74,133,33,50.23
74,134,32,42.8
74,135,31,45.16
74,136,30,46.09
74,137,29,39.85
74,138,28,43.43
74,139,27,41.08
74,140,26,35.79
74,141,25,27.5
74,142,24,35.27
74,143,23,28.41
74,144,22,37.1
74,145,21,30.84
74,146,20,26.23
74,147,19,29.98
74,148,18,25.75
74,149,17,24.91
74,150,16,17.1
74,151,15,19.31
74,152,14,19.45
74,153,13,14.73
74,154,12,17.84
74,155,11,15.77
74,156,10,10.08
74,157,9,11.42
74,158,8,9.39
74,159,7,9.22
74,160,6,6.11
74,161,5,5.38
74,162,4,5.17
74,163,3,4.22
74,164,2,2.81
74,165,1,2.81
74,166,0,1.15
75,1,228,210.63
75,2,227,194.56
75,3,226,192.11
75,4,225,192.9
75,5,224,203.02
75,6,223,197.75
75,7,222,197.14
75,8,221,202.73
75,9,220,199.33
75,10,219,197.61
75,11,218,189.47
75,12,217,196.71
75,13,216,190.23
75,14,215,191.26
75,15,214,191.61
75,16,213,186.17
75,17,212,198.89
75,18,211,197.59
75,19,210,187.96
75,20,209,179.57
75,21,208,181.04
75,22,207,186.65
75,23,206,187.82
75,24,205,194.23
75,25,204,186.08
75,26,203,183.27
75,27,202,183.41
75,28,201,189.41
75,29,200,177.2
75,30,199,171.75
75,31,198,177.25
75,32,197,182.11
75,33,196,175.79
75,34,195,187.27
75,35,194,169.78
75,36,193,178.8
75,37,192,172.43
75,38,191,175.61
75,39,190,181.95
75,40,189,180.24
75,41,188,177.52
75,42,187,172.88
75,43,186,179.22
75,44,185,174.09
75,45,184,154.5
75,46,183,163.04
75,47,182,172.12
75,48,181,166.59
75,49,180,164.94
75,50,179,162.06
75,51,178,173.65
75,52,177,167.21
75,53,176,166.14
75,54,175,165.48
75,55,174,166.23
75,56,173,163.74
75,57,172,168.31
75,58,171,155.56
75,59,170,161.64
75,60,169,164.39
75,61,168,160.81
75,62,167,154.42
75,63,166,151.24
75,64,165,160.44
75,65,164,159.15
75,66,163,165.46
75,67,162,159.21
75,68,161,149.91
75,69,160,150.89
75,70,159,158.51
75,71,158,146.2
75,72,157,161.51
75,73,156,142.62
75,74,155,153.18
75,75,154,149.62
75,76,153,146.39
75,77,152,138.93
75,78,151,148.45
75,79,150,145.15
75,80,149,147.55
75,81,148,141.4
75,82,147,136.22
75,83,146,140.02
75,84,145,147.12
75,85,144,149.46
75,86,143,144.51
75,87,142,152.41
75,88,141,142.69
75,89,140,136.81
75,90,139,141.29
75,91,138,138.68
75,92,137,135.28
75,93,136,132.23
75,94,135,134.44
75,95,134,130.19
75,96,133,132.15
75,97,132,140.97
75,98,131,133.09
75,99,130,139.74
75,100,129,130.17
75,101,128,135.97
75,102,127,141.05
75,103,126,137.12
75,104,125,119.53
75,105,124,110.33
75,106,123,131.62
75,107,122,125.29
75,108,121,125.28
75,109,120,125.49
75,110,119,114.62
75,111,118,115.72
75,112,117,129.49
75,113,116,124.15
75,114,115,115.15
75,115,114,115.24
75,116,113,113.26
75,117,112,109.97
75,118,111,117.95
75,119,110,120.89
75,120,109,132.46
75,121,108,123.63
75,122,107,105.97
75,123,106,104.32
75,124,105,125.26
75,125,104,110.94
75,126,103,126.49
75,127,102,103.35
75,128,101,94.46
75,129,100,114.09
75,130,99,91.06
75,131,98,92.24
75,132,97,109.08
75,133,96,104.43
75,134,95,95.49
75,135,94,98.48
75,136,93,101.83
75,137,92,90.95
75,138,91,78.38
75,139,90,75.73
75,140,89,92.89
75,141,88,81.67
75,142,87,92.93
75,143,86,88.78
75,144,85,96.96
75,145,84,81.57
75,146,83,83.3
75,147,82,88.06
75,148,81,92.16
75,149,80,67.04
75,150,79,82.21
75,151,78,89.58
75,152,77,89.96
75,153,76,83.99
75,154,75,86.91
75,155,74,66.71
75,156,73,80.42
75,157,72,69.16
75,158,71,74.64
75,159,70,84.02
75,160,69,72.01
75,161,68,68.4
75,162,67,69.79
75,163,66,70.11
75,164,65,60.04
75,165,64,63.55
75,166,63,70.88
75,167,62,53.4
75,168,61,53.08
75,169,60,66.83
75,170,59,65.7
75,171,58,48.18
75,172,57,51.08
75,173,56,56.35
75,174,55,59.74
75,175,54,53.8
75,176,53,50.32
75,177,52,49.68
75,178,51,47.67
75,179,50,46.6
75,180,49,39.32
75,181,48,42.27
75,182,47,39.88
75,183,46,41.24
75,184,45,44.13
75,185,44,40.1
75,186,43,45.43
75,187,42,40.72
75,188,41,39.27
75,189,40,37.4
75,190,39,37.69
75,191,38,35.78
75,192,37,34.95
75,193,36,32.46
75,194,35,33.59
75,195,34,31.88
75,196,33,30.67
75,197,32,29.6
75,198,31,27.77
75,199,30,28.66
75,200,29,27.19
75,201,28,25.75
75,202,27,22.94
75,203,26,24.47
75,204,25,20.43
75,205,24,20.8
75,206,23,21.45
75,207,22,20.58
75,208,21,18.22
75,209,20,16.07
75,210,19,16.74
75,211,18,15.04
75,212,17,17.12
75,213,16,16.2
75,214,15,12.0
75,215,14,11.19
75,216,13,15.79
75,217,12,13.58
75,218,11,12.56
75,219,10,10.14
75,220,9,7.26
75,221,8,7.63
75,222,7,7.97
75,223,6,5.36
75,224,5,5.12
75,225,4,4.39
75,226,3,4.21
75,227,2,2.82
75,228,1,1.71
75,229,0,2.3
76,1,209,179.85
76,2,208,177.8
76,3,207,173.24
76,4,206,182.88
76,5,205,184.18
76,6,204,185.0
76,7,203,177.42
76,8,202,183.95
76,9,201,181.95
76,10,200,179.61
76,11,199,172.13
76,12,198,174.56
76,13,197,173.55
76,14,196,172.19
76,15,195,175.56
76,16,194,180.55
76,17,193,171.15
76,18,192,176.63
76,19,191,180.95
76,20,190,177.72
76,21,189,163.76
76,22,188,173.32
76,23,187,165.44
76,24,186,162.26
76,25,185,156.75
76,26,184,168.3
76,27,183,164.96
76,28,182,157.35
76,29,181,162.96
76,30,180,165.67
76,31,179,168.88
76,32,178,172.48
76,33,177,166.81
76,34,176,162.72
76,35,175,160.77
76,36,174,156.47
76,37,173,162.13
76,38,172,168.76
76,39,171,156.37
76,40,170,162.36
76,41,169,161.09
76,42,168,157.16
76,43,167,144.71
76,44,166,166.2
76,45,165,155.15
76,46,164,154.08
76,47,163,156.97
76,48,162,148.27
76,49,161,154.25
76,50,160,148.57
76,51,159,149.6
76,52,158,146.09
76,53,157,149.29
76,54,156,144.22
76,55,155,145.37
76,56,154,143.33
76,57,153,148.14
76,58,152,135.42
76,59,151,138.36
76,60,150,143.65
76,61,149,138.6
76,62,148,147.72
76,63,147,144.22
76,64,146,149.44
76,65,145,151.89
76,66,144,134.84
76,67,143,125.63
76,68,142,139.43
76,69,141,137.95
76,70,140,133.77
76,71,139,125.64
76,72,138,113.08
76,73,137,132.03
76,74,136,127.46
76,75,135,136.82
76,76,134,130.7
76,77,133,132.25
76,78,132,120.21
76,79,131,118.27
76,80,130,129.27
76,81,129,134.42
76,82,128,133.25
76,83,127,125.42
76,84,126,133.13
76,85,125,114.61
76,86,124,124.31
76,87,123,134.31
76,88,122,139.15
76,89,121,124.92
76,90,120,121.81
76,91,119,103.11
76,92,118,112.32
76,93,117,102.0
76,94,116,123.9
76,95,115,117.45
76,96,114,103.66
76,97,113,120.4
76,98,112,110.23
76,99,111,116.78
76,100,110,97.49
76,101,109,103.93
76,102,108,115.09
76,103,107,111.78
76,104,106,99.37
76,105,105,99.99
76,106,104,115.84
76,107,103,100.2
76,108,102,107.5
76,109,101,113.62
76,110,100,99.71
76,111,99,95.65
76,112,98,100.24
76,113,97,98.55
76,114,96,87.75
76,115,95,100.23
76,116,94,90.64
76,117,93,84.81
76,118,92,96.37
76,119,91,85.94
76,120,90,91.89
76,121,89,95.61
76,122,88,88.32
76,123,87,94.27
76,124,86,80.81
76,125,85,80.9
76,126,84,92.53
76,127,83,92.0
76,128,82,89.3
76,129,81,85.8
76,130,80,84.92
76,131,79,70.93
76,132,78,68.72
76,133,77,62.75
76,134,76,77.2
76,135,75,83.81
76,136,74,72.16
76,137,73,61.73
76,138,72,67.88
76,139,71,58.67
76,140,70,91.82
76,141,69,73.99
76,142,68,56.8
76,143,67,72.49
76,144,66,63.93
76,145,65,74.68
76,146,64,70.88
76,147,63,67.35
76,148,62,61.9
76,149,61,59.75
76,150,60,51.63
76,151,59,60.82
76,152,58,71.37
76,153,57,55.04
76,154,56,49.49
76,155,55,52.28
76,156,54,49.36
76,157,53,51.39
76,158,52,51.42
76,159,51,47.16
76,160,50,43.69
76,161,49,59.13
76,162,48,43.81
76,163,47,44.18
76,164,46,43.86
76,165,45,41.63
76,166,44,39.43
76,167,43,37.97
76,168,42,39.42
76,169,41,41.63
76,170,40,43.31
76,171,39,38.54
76,172,38,39.22
76,173,37,33.95
76,174,36,34.54
76,175,35,33.3
76,176,34,32.16
76,177,33,30.27
76,178,32,30.16
76,179,31,30.47
76,180,30,34.16
76,181,29,25.71
76,182,28,22.38
76,183,27,28.89
76,184,26,24.27
76,185,25,21.24
76,186,24,21.58
76,187,23,20.39
76,188,22,19.88
76,189,21,16.33
76,190,20,21.93
76,191,19,18.94
76,192,18,16.18
76,193,17,17.51
76,194,16,16.63
76,195,15,11.29
76,196,14,17.07
76,197,13,13.33
76,198,12,10.9
76,199,11,8.96
76,200,10,10.96
76,201,9,8.1
76,202,8,6.74
76,203,7,7.12
76,204,6,4.96
76,205,5,5.75
76,206,4,3.31
76,207,3,5.11
76,208,2,2.77
76,209,1,2.84
76,210,0,0.86
77,1,153,147.86
77,2,152,148.55
77,3,151,149.84
77,4,150,147.53
77,5,149,147.04
77,6,148,148.92
77,7,147,142.19
77,8,146,149.55
77,9,145,144.75
77,10,144,151.23
77,11,143,148.54
77,12,142,143.9
77,13,141,146.03
77,14,140,143.96
77,15,139,143.82
77,16,138,151.06
77,17,137,137.98
77,18,136,136.73
77,19,135,139.58
77,20,134,139.85
77,21,133,141.89
77,22,132,142.93
77,23,131,136.34
77,24,130,137.64
77,25,129,140.02
77,26,128,135.22
77,27,127,134.53
77,28,126,136.7
77,29,125,128.85
77,30,124,132.41
77,31,123,128.36
77,32,122,133.7
77,33,121,123.45
77,34,120,124.2
77,35,119,123.05
77,36,118,133.19
77,37,117,128.48
77,38,116,121.19
77,39,115,126.65
77,40,114,124.92
77,41,113,121.82
77,42,112,123.0
77,43,111,123.73
77,44,110,122.58
77,45,109,121.83
77,46,108,119.65
77,47,107,125.07
77,48,106,124.08
77,49,105,110.44
77,50,104,116.61
77,51,103,117.19
77,52,102,120.27
77,53,101,119.82
77,54,100,108.07
77,55,99,118.5
77,56,98,115.98
77,57,97,111.11
77,58,96,108.76
77,59,95,103.09
77,60,94,106.54
77,61,93,98.01
77,62,92,113.94
77,63,91,108.27
77,64,90,112.4
77,65,89,110.92
77,66,88,111.62
77,67,87,97.66
77,68,86,98.73
77,69,85,84.59
77,70,84,96.8
77,71,83,109.63
77,72,82,92.37
77,73,81,107.11
77,74,80,99.2
77,75,79,93.77
77,76,78,102.84
77,77,77,101.6
77,78,76,93.22
77,79,75,96.41
77,80,74,97.05
77,81,73,89.4
77,82,72,96.79
77,83,71,95.53
77,84,70,101.3
77,85,69,88.93
77,86,68,96.34
77,87,67,80.9
77,88,66,81.82
77,89,65,79.17
77,90,64,80.7
77,91,63,72.9
77,92,62,93.66
77,93,61,65.67
77,94,60,68.74
77,95,59,64.11
77,96,58,79.16
77,97,57,71.64
77,98,56,58.03
77,99,55,57.26
77,100,54,70.95
77,101,53,65.75
77,102,52,68.55
77,103,51,68.23
77,104,50,85.99
77,105,49,57.85
77,106,48,65.4
77,107,47,62.8
77,108,46,72.33
77,109,45,52.11
77,110,44,63.68
77,111,43,54.0
77,112,42,52.32
77,113,41,38.44
77,114,40,62.26
77,115,39,60.31
77,116,38,52.63
77,117,37,45.35
77,118,36,41.3
77,119,35,51.43
77,120,34,53.07
77,121,33,38.07
77,122,32,36.91
77,123,31,48.18
77,124,30,33.01
77,125,29,30.2
77,126,28,33.14
77,127,27,32.37
77,128,26,29.36
77,129,25,31.07
77,130,24,29.41
77,131,23,33.02
77,132,22,24.65
77,133,21,29.35
77,134,20,25.61
77,135,19,22.55
77,136,18,21.28
77,137,17,17.68
77,138,16,21.1
77,139,15,19.69
77,140,14,14.82
77,141,13,20.03
77,142,12,16.45
77,143,11,15.32
77,144,10,13.55
77,145,9,11.01
77,146,8,10.21
77,147,7,8.74
77,148,6,7.03
77,149,5,4.29
77,150,4,3.47
77,151,3,7.27
77,152,2,3.46
77,153,1,1.54
77,154,0,2.48
78,1,230,220.98
78,2,229,218.47
78,3,228,219.07
78,4,227,210.79
78,5,226,212.75
78,6,225,217.75
78,7,224,207.85
78,8,223,222.09
78,9,222,217.64
78,10,221,215.03
78,11,220,213.14
78,12,219,227.64
78,13,218,207.99
78,14,217,213.5
78,15,216,198.32
78,16,215,203.5
78,17,214,210.59
78,18,213,207.34
78,19,212,206.77
78,20,211,206.69
78,21,210,203.83
78,22,209,200.23
78,23,208,215.68
78,24,207,194.72
78,25,206,197.75
78,26,205,204.01
78,27,204,203.31
78,28,203,193.38
78,29,202,204.54
78,30,201,201.33
78,31,200,191.66
78,32,199,200.75
78,33,198,205.76
78,34,197,197.54
78,35,196,188.02
78,36,195,188.25
78,37,194,188.51
78,38,193,193.79
78,39,192,191.89
78,40,191,189.05
78,41,190,180.91
78,42,189,181.81
78,43,188,181.25
78,44,187,184.67
78,45,186,186.4
78,46,185,192.22
78,47,184,191.68
78,48,183,181.09
78,49,182,179.15
78,50,181,193.87
78,51,180,173.94
78,52,179,188.85
78,53,178,186.24
78,54,177,181.15
78,55,176,178.01
78,56,175,185.45
78,57,174,178.43
78,58,173,181.0
78,59,172,180.5
78,60,171,183.29
78,61,170,173.71
78,62,169,171.06
78,63,168,180.35
78,64,167,175.36
78,65,166,180.19
78,66,165,157.99
78,67,164,169.64
78,68,163,165.44
78,69,162,174.34
78,70,161,186.06
78,71,160,163.77
78,72,159,178.44
78,73,158,169.69
78,74,157,164.56
78,75,156,168.28
78,76,155,170.28
78,77,154,159.95
78,78,153,164.75
78,79,152,160.41
78,80,151,154.82
78,81,150,168.32
78,82,149,169.87
78,83,148,154.69
78,84,147,154.7
78,85,146,149.35
78,86,145,164.71
78,87,144,152.08
78,88,143,149.88
78,89,142,148.61
78,90,141,154.13
78,91,140,156.74
78,92,139,151.15
78,93,138,143.54
78,94,137,160.92
78,95,136,155.62
78,96,135,143.07
78,97,134,138.8
78,98,133,139.72
78,99,132,143.21
78,100,131,143.45
78,101,130,152.57
78,102,129,136.24
78,103,128,137.6
78,104,127,144.87
78,105,126,141.32
78,106,125,146.63
78,107,124,143.17
78,108,123,147.14
78,109,122,141.83
78,110,121,130.41
78,111,120,132.0
78,112,119,128.64
78,113,118,143.9
78,114,117,136.17
78,115,116,126.99
78,116,115,132.92
78,117,114,135.61
78,118,113,124.43
78,119,112,126.78
78,120,111,134.7
78,121,110,122.11
78,122,109,128.38
78,123,108,123.48
78,124,107,137.81
78,125,106,122.36
78,126,105,131.84
78,127,104,131.71
78,128,103,117.81
78,129,102,123.99
78,130,101,120.36
78,131,100,131.53
78,132,99,118.5
78,133,98,115.48
78,134,97,122.7
78,135,96,114.87
78,136,95,108.35
78,137,94,113.42
78,138,93,105.91
78,139,92,111.87
78,140,91,104.76
78,141,90,112.02
78,142,89,110.32
78,143,88,101.67
78,144,87,109.52
78,145,86,98.99
78,146,85,111.12
78,147,84,100.79
78,148,83,108.17
78,149,82,110.43
78,150,81,104.41
78,151,80,97.24
78,152,79,110.13
78,153,78,96.11
78,154,77,106.0
78,155,76,91.78
78,156,75,100.26
78,157,74,94.51
78,158,73,99.88
78,159,72,81.85
78,160,71,86.67
78,161,70,94.28
78,162,69,89.69
78,163,68,79.08
78,164,67,85.08
78,165,66,82.09
78,166,65,77.9
78,167,64,72.38
78,168,63,79.61
78,169,62,75.14
78,170,61,70.26
78,171,60,73.17
78,172,59,65.89
78,173,58,66.58
78,174,57,73.04
78,175,56,62.25
78,176,55,76.58
78,177,54,68.71
78,178,53,66.02
78,179,52,72.3
78,180,51,56.51
78,181,50,59.43
78,182,49,55.84
78,183,48,56.27
78,184,47,52.29
78,185,46,58.92
78,186,45,56.7
78,187,44,53.81
78,188,43,55.41
78,189,42,51.53
78,190,41,50.59
78,191,40,47.2
78,192,39,51.69
78,193,38,45.85
78,194,37,45.75
78,195,36,46.32
78,196,35,42.95
78,197,34,44.3
78,198,33,37.72
78,199,32,38.9
78,200,31,41.47
78,201,30,36.82
78,202,29,40.3
78,203,28,37.13
78,204,27,32.55
78,205,26,31.1
78,206,25,35.04
78,207,24,27.0
78,208,23,25.1
78,209,22,25.62
78,210,21,22.79
78,211,20,20.89
78,212,19,23.01
78,213,18,22.51
78,214,17,22.71
78,215,16,18.25
78,216,15,18.54
78,217,14,17.62
78,218,13,13.25
78,219,12,14.9
78,220,11,16.27
78,221,10,11.34
78,222,9,11.6
78,223,8,11.18
78,224,7,10.46
78,225,6,7.33
78,226,5,5.71
78,227,4,4.51
78,228,3,4.36
78,229,2,3.44
78,230,1,2.06
78,231,0,1.51
79,1,198,200.99
79,2,197,201.75
79,3,196,182.82
79,4,195,183.78
79,5,194,187.6
79,6,193,191.72
79,7,192,187.55
79,8,191,183.59
79,9,190,202.87
79,10,189,184.33
79,11,188,189.03
79,12,187,175.94
79,13,186,184.36
79,14,185,181.33
79,15,184,173.41
79,16,183,184.19
79,17,182,187.22
79,18,181,194.75
79,19,180,178.6
79,20,179,182.95
79,21,178,176.02
79,22,177,187.51
79,23,176,190.47
79,24,175,185.49
79,25,174,187.83
79,26,173,174.45
79,27,172,182.83
79,28,171,176.47
79,29,170,186.45
79,30,169,176.08
79,31,168,175.2
79,32,167,181.59
79,33,166,172.44
79,34,165,171.35
79,35,164,170.88
79,36,163,162.87
79,37,162,173.63
79,38,161,185.67
79,39,160,175.67
79,40,159,168.95
79,41,158,165.23
79,42,157,165.06
79,43,156,171.18
79,44,155,168.8
79,45,154,161.46
79,46,153,159.71
79,47,152,164.19
79,48,151,164.76
79,49,150,157.26
79,50,149,159.29
79,51,148,162.45
79,52,147,156.73
79,53,146,153.92
79,54,145,158.29
79,55,144,148.0
79,56,143,167.07
79,57,142,154.17
79,58,141,149.94
79,59,140,153.44
79,60,139,153.83
79,61,138,158.61
79,62,137,158.05
79,63,136,160.96
79,64,135,147.16
79,65,134,147.71
79,66,133,147.57
79,67,132,139.33
79,68,131,138.35
79,69,130,141.51
79,70,129,150.57
79,71,128,149.16
79,72,127,131.99
79,73,126,144.02
79,74,125,140.46
79,75,124,137.35
79,76,123,150.69
79,77,122,138.48
79,78,121,140.51
79,79,120,137.79
79,80,119,128.9
79,81,118,147.81
79,82,117,136.08
79,83,116,133.43
79,84,115,126.1
79,85,114,124.97
79,86,113,129.17
79,87,112,148.57
79,88,111,126.8
79,89,110,121.22
79,90,109,129.25
79,91,108,137.75
79,92,107,120.18
79,93,106,126.96
79,94,105,127.04
79,95,104,135.53
79,96,103,120.36
79,97,102,116.03
79,98,101,134.52
79,99,100,124.9
79,100,99,126.01
79,101,98,110.12
79,102,97,125.54
79,103,96,106.76
79,104,95,125.41
79,105,94,117.28
79,106,93,117.38
79,107,92,111.94
79,108,91,109.55
79,109,90,109.48
79,110,89,105.4
79,111,88,112.74
79,112,87,104.26
79,113,86,114.19
79,114,85,113.0
79,115,84,103.67
79,116,83,114.68
79,117,82,106.45
79,118,81,103.21
79,119,80,95.14
79,120,79,113.15
79,121,78,103.82
79,122,77,92.29
79,123,76,110.08
79,124,75,93.36
79,125,74,104.73
79,126,73,104.54
79,127,72,97.33
79,128,71,96.17
79,129,70,94.22
79,130,69,87.95
79,131,68,85.19
79,132,67,78.94
79,133,66,74.62
79,134,65,94.05
79,135,64,88.75
79,136,63,70.46
79,137,62,71.59
79,138,61,88.25
79,139,60,69.84
79,140,59,76.12
79,141,58,70.42
79,142,57,66.14
79,143,56,76.03
79,144,55,74.95
79,145,54,66.95
79,146,53,66.8
79,147,52,59.66
79,148,51,70.14
79,149,50,68.98
79,150,49,72.38
79,151,48,67.71
79,152,47,54.52
79,153,46,56.02
79,154,45,59.9
79,155,44,54.86
79,156,43,49.88
79,157,42,45.77
79,158,41,56.14
79,159,40,58.03
79,160,39,47.45
79,161,38,50.94
79,162,37,52.15
79,163,36,42.48
79,164,35,43.86
79,165,34,47.34
79,166,33,38.35
79,167,32,39.87
79,168,31,45.87
79,169,30,38.71
79,170,29,37.11
79,171,28,36.11
79,172,27,36.22
79,173,26,32.71
79,174,25,30.65
79,175,24,31.01
79,176,23,29.11
79,177,22,32.26
79,178,21,24.97
79,179,20,26.79
79,180,19,21.5
79,181,18,24.2
79,182,17,19.18
79,183,16,20.92
79,184,15,17.52
79,185,14,14.29
79,186,13,15.27
79,187,12,13.1
79,188,11,16.57
79,189,10,14.01
79,190,9,11.74
79,191,8,9.2
79,192,7,11.38
79,193,6,7.21
79,194,5,5.34
79,195,4,5.09
79,196,3,3.0
79,197,2,4.52
79,198,1,1.54
79,199,0,0.91
80,1,184,175.47
80,2,183,175.98
80,3,182,162.77
80,4,181,162.5
80,5,180,170.46
80,6,179,164.25
80,7,178,164.81
80,8,177,156.75
80,9,176,161.92
80,10,175,150.97
80,11,174,163.78
80,12,173,137.18
80,13,172,158.86
80,14,171,153.11
80,15,170,142.48
80,16,169,147.82
80,17,168,160.62
80,18,167,140.77
80,19,166,153.86
80,20,165,154.01
80,21,164,144.69
80,22,163,151.6
80,23,162,152.13
80,24,161,153.34
80,25,160,157.06
80,26,159,146.15
80,27,158,146.94
80,28,157,151.57
80,29,156,148.35
80,30,155,140.33
80,31,154,152.98
80,32,153,149.07
80,33,152,147.19
80,34,151,139.25
80,35,150,140.6
80,36,149,139.18
80,37,148,138.77
80,38,147,149.95
80,39,146,141.98
80,40,145,135.49
80,41,144,138.12
80,42,143,136.83
80,43,142,144.3
80,44,141,138.1
80,45,140,136.2
80,46,139,127.93
80,47,138,140.31
80,48,137,131.31
80,49,136,135.94
80,50,135,135.21
80,51,134,136.33
80,52,133,124.31
80,53,132,118.21
80,54,131,129.24
80,55,130,140.31
80,56,129,127.38
80,57,128,130.25
80,58,127,119.95
80,59,126,126.84
80,60,125,118.8
80,61,124,122.7
80,62,123,120.13
80,63,122,127.99
80,64,121,119.24
80,65,120,125.54
80,66,119,123.61
80,67,118,116.14
80,68,117,117.35
80,69,116,112.04
80,70,115,113.01
80,71,114,124.21
80,72,113,108.81
80,73,112,109.15
80,74,111,106.94
80,75,110,121.06
80,76,109,115.47
80,77,108,120.16
80,78,107,104.43
80,79,106,107.78
80,80,105,104.01
80,81,104,108.81
80,82,103,100.71
80,83,102,105.75
80,84,101,98.48
80,85,100,103.06
80,86,99,101.58
80,87,98,101.32
80,88,97,105.68
80,89,96,102.08
80,90,95,91.26
80,91,94,100.02
80,92,93,91.78
80,93,92,95.63
80,94,91,98.4
80,95,90,97.77
80,96,89,96.91
80,97,88,91.69
80,98,87,84.76
80,99,86,89.93
80,100,85,87.11
80,101,84,92.29
80,102,83,90.15
80,103,82,82.04
80,104,81,81.84
80,105,80,98.39
80,106,79,83.9
80,107,78,78.52
80,108,77,79.28
80,109,76,82.69
80,110,75,80.34
80,111,74,78.29
80,112,73,79.82
80,113,72,85.08
80,114,71,78.22
80,115,70,72.15
80,116,69,77.29
80,117,68,63.84
80,118,67,66.21
80,119,66,62.2
80,120,65,65.44
80,121,64,64.42
80,122,63,59.92
80,123,62,59.89
80,124,61,64.05
80,125,60,61.98
80,126,59,57.14
80,127,58,57.66
80,128,57,60.4
80,129,56,54.15
80,130,55,58.5
80,131,54,59.48
80,132,53,50.75
80,133,52,51.43
80,134,51,48.39
80,135,50,51.16
80,136,49,47.99
80,137,48,53.94
80,138,47,51.09
80,139,46,46.23
80,140,45,47.33
80,141,44,44.03
80,142,43,45.66
80,143,42,43.6
80,144,41,39.68
80,145,40,40.46
80,146,39,40.66
80,147,38,37.8
80,148,37,36.68
80,149,36,33.96
80,150,35,35.48
80,151,34,37.05
80,152,33,32.11
80,153,32,30.95
80,154,31,29.09
80,155,30,30.91
80,156,29,28.62
80,157,28,28.8
80,158,27,25.55
80,159,26,25.68
80,160,25,27.04
80,161,24,26.53
80,162,23,25.1
80,163,22,23.03
80,164,21,22.71
80,165,20,20.93
80,166,19,17.87
80,167,18,17.27
80,168,17,17.71
80,169,16,17.17
80,170,15,15.86
80,171,14,14.75
80,172,13,13.63
80,173,12,12.13
80,174,11,11.88
80,175,10,10.22
80,176,9,10.11
80,177,8,7.51
80,178,7,7.2
80,179,6,6.36
80,180,5,5.5
80,181,4,3.98
80,182,3,2.63
80,183,2,2.18
80,184,1,2.35
80,185,0,1.89
81,1,239,211.15
81,2,238,211.61
81,3,237,203.68
81,4,236,206.61
81,5,235,212.46
81,6,234,200.98
81,7,233,209.51
81,8,232,208.54
81,9,231,198.85
81,10,230,200.85
81,11,229,202.78
81,12,228,195.99
81,13,227,200.89
81,14,226,197.55
81,15,225,197.65
81,16,224,189.9
81,17,223,199.34
81,18,222,196.2
81,19,221,196.13
81,20,220,196.35
81,21,219,183.3
81,22,218,175.46
81,23,217,196.76
81,24,216,192.59
81,25,215,183.03
81,26,214,192.34
81,27,213,197.64
81,28,212,186.18
81,29,211,185.69
81,30,210,179.73
81,31,209,201.47
81,32,208,180.07
81,33,207,173.01
81,34,206,180.35
81,35,205,198.77
81,36,204,178.77
81,37,203,186.98
81,38,202,185.23
81,39,201,178.86
81,40,200,179.4
81,41,199,175.12
81,42,198,183.87
81,43,197,183.55
81,44,196,170.53
81,45,195,173.77
81,46,194,177.87
81,47,193,171.48
81,48,192,184.47
81,49,191,173.96
81,50,190,181.13
81,51,189,177.23
81,52,188,164.48
81,53,187,165.28
81,54,186,170.28
81,55,185,174.92
81,56,184,163.21
81,57,183,170.96
81,58,182,170.03
81,59,181,173.37
81,60,180,168.8
81,61,179,168.27
81,62,178,161.53
81,63,177,164.9
81,64,176,168.07
81,65,175,167.86
81,66,174,172.0
81,67,173,159.94
81,68,172,162.07
81,69,171,156.89
81,70,170,162.68
81,71,169,159.86
81,72,168,157.74
81,73,167,146.64
81,74,166,150.08
81,75,165,163.94
81,76,164,145.29
81,77,163,155.96
81,78,162,150.69
81,79,161,147.67
81,80,160,148.99
81,81,159,158.53
81,82,158,143.97
81,83,157,163.49
81,84,156,152.33
81,85,155,149.93
81,86,154,151.35
81,87,153,144.44
81,88,152,142.58
81,89,151,141.83
81,90,150,150.23
81,91,149,152.62
81,92,148,149.05
81,93,147,143.77
81,94,146,150.33
81,95,145,147.82
81,96,144,131.47
81,97,143,140.54
81,98,142,134.62
81,99,141,138.75
81,100,140,140.37
81,101,139,143.98
81,102,138,142.88
81,103,137,135.31
81,104,136,127.51
81,105,135,139.47
81,106,134,139.49
81,107,133,127.71
81,108,132,122.68
81,109,131,133.89
81,110,130,128.93
81,111,129,127.8
81,112,128,115.96
81,113,127,135.75
81,114,126,114.9
81,115,125,111.8
81,116,124,120.29
81,117,123,125.63
81,118,122,119.44
81,119,121,112.71
81,120,120,129.63
81,121,119,128.61
81,122,118,110.61
81,123,117,122.98
81,124,116,115.81
81,125,115,114.04
81,126,114,109.21
81,127,113,117.52
81,128,112,108.8
81,129,111,102.14
81,130,110,112.65
81,131,109,105.51
81,132,108,125.15
81,133,107,104.23
81,134,106,116.64
81,135,105,105.81
81,136,104,103.16
81,137,103,116.67
81,138,102,109.44
81,139,101,99.6
81,140,100,97.49
81,141,99,108.76
81,142,98,95.7
81,143,97,95.68
81,144,96,96.8
81,145,95,94.45
81,146,94,94.84
81,147,93,102.79
81,148,92,91.67
81,149,91,92.27
81,150,90,89.69
81,151,89,92.11
81,152,88,93.48
81,153,87,113.65
81,154,86,90.94
81,155,85,92.23
81,156,84,92.39
81,157,83,82.42
81,158,82,79.45
81,159,81,85.88
81,160,80,83.06
81,161,79,83.12
81,162,78,86.19
81,163,77,95.02
81,164,76,75.4
81,165,75,84.17
81,166,74,90.84
81,167,73,77.1
81,168,72,67.88
81,169,71,83.72
81,170,70,75.36
81,171,69,82.16
81,172,68,65.68
81,173,67,74.99
81,174,66,74.88
81,175,65,66.75
81,176,64,69.88
81,177,63,59.04
81,178,62,64.07
81,179,61,62.86
81,180,60,60.04
81,181,59,63.38
81,182,58,58.8
81,183,57,67.19
81,184,56,52.77
81,185,55,59.73
81,186,54,55.22
81,187,53,50.65
81,188,52,56.43
81,189,51,50.15
81,190,50,49.16
81,191,49,46.79
81,192,48,47.5
81,193,47,54.37
81,194,46,45.83
81,195,45,42.17
81,196,44,45.91
81,197,43,37.74
81,198,42,41.34
81,199,41,39.81
81,200,40,42.49
81,201,39,38.97
81,202,38,42.4
81,203,37,37.22
81,204,36,35.61
81,205,35,37.03
81,206,34,36.3
81,207,33,28.19
81,208,32,32.89
81,209,31,30.78
81,210,30,28.87
81,211,29,27.78
81,212,28,27.83
81,213,27,24.57
81,214,26,21.66
81,215,25,22.49
81,216,24,18.5
81,217,23,19.27
81,218,22,21.86
81,219,21,20.03
81,220,20,24.54
81,221,19,18.11
81,222,18,20.99
81,223,17,15.41
81,224,16,15.76
81,225,15,14.9
81,226,14,14.56
81,227,13,16.02
81,228,12,10.98
81,229,11,11.83
81,230,10,13.82
81,231,9,9.28
81,232,8,9.07
81,233,7,7.03
81,234,6,11.59
81,235,5,4.21
81,236,4,4.47
81,237,3,2.2
81,238,2,3.4
81,239,1,1.12
81,240,0,2.8
82,1,213,198.79
82,2,212,199.38
82,3,211,202.03
82,4,210,189.32
82,5,209,195.68
82,6,208,201.26
82,7,207,204.56
82,8,206,198.11
82,9,205,189.69
82,10,204,205.15
82,11,203,187.39
82,12,202,198.58
82,13,201,194.6
82,14,200,192.58
82,15,199,195.87
82,16,198,183.65
82,17,197,200.22
82,18,196,199.62
82,19,195,187.97
82,20,194,188.94
82,21,193,193.73
82,22,192,180.59
82,23,191,179.22
82,24,190,193.64
82,25,189,188.65
82,26,188,184.47
82,27,187,189.29
82,28,186,184.93
82,29,185,183.25
82,30,184,171.38
82,31,183,182.98
82,32,182,188.45
82,33,181,181.51
82,34,180,179.85
82,35,179,183.0
82,36,178,171.8
82,37,177,179.53
82,38,176,179.32
82,39,175,175.34
82,40,174,175.6
82,41,173,183.5
82,42,172,169.23
82,43,171,170.96
82,44,170,173.99
82,45,169,174.34
82,46,168,168.67
82,47,167,167.07
82,48,166,163.17
82,49,165,176.42
82,50,164,160.92
82,51,163,172.73
82,52,162,155.68
82,53,161,166.08
82,54,160,165.85
82,55,159,174.71
82,56,158,164.75
82,57,157,160.05
82,58,156,165.82
82,59,155,161.01
82,60,154,156.66
82,61,153,161.84
82,62,152,161.56
82,63,151,149.69
82,64,150,174.91
82,65,149,167.99
82,66,148,156.73
82,67,147,146.25
82,68,146,149.17
82,69,145,148.35
82,70,144,155.85
82,71,143,151.84
82,72,142,149.36
82,73,141,157.55
82,74,140,152.49
82,75,139,146.92
82,76,138,150.86
82,77,137,147.33
82,78,136,159.07
82,79,135,151.8
82,80,134,146.94
82,81,133,153.08
82,82,132,144.1
82,83,131,129.16
82,84,130,153.73
82,85,129,145.91
82,86,128,140.74
82,87,127,132.7
82,88,126,136.5
82,89,125,146.26
82,90,124,147.62
82,91,123,125.73
82,92,122,142.49
82,93,121,144.85
82,94,120,135.73
82,95,119,149.3
82,96,118,133.17
82,97,117,139.21
82,98,116,127.2
82,99,115,140.7
82,100,114,126.33
82,101,113,132.43
82,102,112,120.48
82,103,111,131.99
82,104,110,127.62
82,105,109,136.13
82,106,108,128.91
82,107,107,124.96
82,108,106,120.29
82,109,105,128.48
82,110,104,117.01
82,111,103,121.27
82,112,102,108.24
82,113,101,115.77
82,114,100,107.96
82,115,99,119.94
82,116,98,117.15
82,117,97,98.47
82,118,96,102.39
82,119,95,101.09
82,120,94,101.73
82,121,93,97.42
82,122,92,93.69
82,123,91,106.59
82,124,90,94.18
82,125,89,127.82
82,126,88,92.61
82,127,87,87.59
82,128,86,107.77
82,129,85,92.72
82,130,84,89.74
82,131,83,89.01
82,132,82,82.7
82,133,81,83.76
82,134,80,82.39
82,135,79,90.49
82,136,78,85.83
82,137,77,74.96
82,138,76,81.64
82,139,75,82.55
82,140,74,75.99
82,141,73,74.02
82,142,72,75.73
82,143,71,78.5
82,144,70,74.01
82,145,69,72.68
82,146,68,70.72
82,147,67,73.05
82,148,66,69.77
82,149,65,66.92
82,150,64,65.43
82,151,63,67.62
82,152,62,67.39
82,153,61,64.98
82,154,60,61.5
82,155,59,60.17
82,156,58,57.18
82,157,57,55.99
82,158,56,57.15
82,159,55,57.99
82,160,54,55.37
82,161,53,57.33
82,162,52,56.89
82,163,51,50.5
82,164,50,52.28
82,165,49,50.15
82,166,48,47.61
82,167,47,44.57
82,168,46,46.48
82,169,45,43.58
82,170,44,45.2
82,171,43,42.62
82,172,42,43.63
82,173,41,41.95
82,174,40,39.66
82,175,39,39.3
82,176,38,36.73
82,177,37,37.63
82,178,36,38.27
82,179,35,33.61
82,180,34,36.65
82,181,33,30.52
82,182,32,30.97
82,183,31,31.92
82,184,30,27.96
82,185,29,29.56
82,186,28,27.06
82,187,27,26.9
82,188,26,25.15
82,189,25,26.41
82,190,24,23.36
82,191,23,23.82
82,192,22,22.6
82,193,21,20.92
82,194,20,19.9
82,195,19,17.41
82,196,18,17.44
82,197,17,16.51
82,198,16,16.68
82,199,15,15.01
82,200,14,14.19
82,201,13,12.52
82,202,12,12.32
82,203,11,10.69
82,204,10,10.74
82,205,9,9.04
82,206,8,8.22
82,207,7,7.37
82,208,6,5.56
82,209,5,4.4
82,210,4,4.55
82,211,3,3.43
82,212,2,3.26
82,213,1,3.15
82,214,0,1.19
83,1,292,251.87
83,2,291,263.07
83,3,290,250.63
83,4,289,253.7
83,5,288,257.49
83,6,287,256.44
83,7,286,255.6
83,8,285,242.05
83,9,284,253.8
83,10,283,252.82
83,11,282,252.07
83,12,281,253.53
83,13,280,246.23
83,14,279,252.74
83,15,278,250.54
83,16,277,248.7
83,17,276,245.38
83,18,275,250.77
83,19,274,234.8
83,20,273,248.52
83,21,272,241.73
83,22,271,245.87
83,23,270,246.66
83,24,269,233.47
83,25,268,247.19
83,26,267,244.54
83,27,266,238.86
83,28,265,235.95
83,29,264,235.7
83,30,263,237.04
83,31,262,219.9
83,32,261,232.68
83,33,260,241.81
83,34,259,234.66
83,35,258,235.89
83,36,257,225.7
83,37,256,237.35
83,38,255,235.22
83,39,254,231.1
83,40,253,233.42
83,41,252,234.97
83,42,251,234.14
83,43,250,236.05
83,44,249,233.08
83,45,248,217.37
83,46,247,222.12
83,47,246,218.39
83,48,245,209.56
83,49,244,226.36
83,50,243,233.11
83,51,242,218.82
83,52,241,227.45
83,53,240,224.6
83,54,239,229.79
83,55,238,224.01
83,56,237,222.37
83,57,236,213.36
83,58,235,218.9
83,59,234,221.18
83,60,233,216.11
83,61,232,212.33
83,62,231,211.55
83,63,230,216.28
83,64,229,217.57
83,65,228,205.94
83,66,227,217.92
83,67,226,205.18
83,68,225,210.27
83,69,224,214.06
83,70,223,217.29
83,71,222,209.94
83,72,221,211.19
83,73,220,206.27
83,74,219,203.15
83,75,218,192.76
83,76,217,203.27
83,77,216,204.23
83,78,215,213.56
83,79,214,210.97
83,80,213,206.62
83,81,212,208.19
83,82,211,201.68
83,83,210,196.04
83,84,209,186.55
83,85,208,195.38
83,86,207,187.63
83,87,206,198.68
83,88,205,203.55
83,89,204,197.05
83,90,203,188.32
83,91,202,195.13
83,92,201,191.29
83,93,200,196.96
83,94,199,187.83
83,95,198,189.22
83,96,197,188.48
83,97,196,193.19
83,98,195,182.43
83,99,194,192.27
83,100,193,188.29
83,101,192,183.33
83,102,191,183.17
83,103,190,189.91
83,104,189,191.67
83,105,188,183.17
83,106,187,190.95
83,107,186,186.76
83,108,185,184.86
83,109,184,178.4
83,110,183,183.36
83,111,182,178.18
83,112,181,177.23
83,113,180,172.48
83,114,179,181.0
83,115,178,177.86
83,116,177,186.38
83,117,176,175.33
83,118,175,163.75
83,119,174,166.65
83,120,173,173.76
83,121,172,179.48
83,122,171,168.99
83,123,170,169.49
83,124,169,177.77
83,125,168,169.8
83,126,167,170.73
83,127,166,171.89
83,128,165,166.16
83,129,164,165.93
83,130,163,174.89
83,131,162,161.97
83,132,161,163.41
83,133,160,163.02
83,134,159,162.9
83,135,158,158.46
83,136,157,168.75
83,137,156,164.39
83,138,155,157.99
83,139,154,156.89
83,140,153,159.9
83,141,152,146.01
83,142,151,150.41
83,143,150,153.07
83,144,149,147.77
83,145,148,160.64
83,146,147,148.7
83,147,146,151.51
83,148,145,144.04
83,149,144,158.28
83,150,143,146.21
83,151,142,149.65
83,152,141,163.7
83,153,140,145.93
83,154,139,150.17
83,155,138,159.88
83,156,137,158.86
83,157,136,156.17
83,158,135,140.67
83,159,134,145.69
83,160,133,144.17
83,161,132,154.26
83,162,131,135.66
83,163,130,148.35
83,164,129,141.89
83,165,128,154.15
83,166,127,142.64
83,167,126,151.31
83,168,125,142.38
83,169,124,131.92
83,170,123,129.52
83,171,122,135.93
83,172,121,134.91
83,173,120,137.47
83,174,119,120.57
83,175,118,159.13
83,176,117,131.81
83,177,116,127.49
83,178,115,139.33
83,179,114,127.38
83,180,113,136.56
83,181,112,131.32
83,182,111,136.73
83,183,110,125.3
83,184,109,118.19
83,185,108,117.45
83,186,107,119.62
83,187,106,129.53
83,188,105,120.29
83,189,104,135.04
83,190,103,121.9
83,191,102,119.84
83,192,101,112.5
83,193,100,120.02
83,194,99,114.47
83,195,98,120.45
83,196,97,109.36
83,197,96,115.98
83,198,95,115.49
83,199,94,105.97
83,200,93,121.76
83,201,92,110.81
83,202,91,116.35
83,203,90,110.79
83,204,89,108.93
83,205,88,108.41
83,206,87,100.55
83,207,86,101.53
83,208,85,106.79
83,209,84,106.7
83,210,83,106.37
83,211,82,108.86
83,212,81,106.88
83,213,80,97.48
83,214,79,101.12
83,215,78,99.8
83,216,77,104.4
83,217,76,98.39
83,218,75,93.27
83,219,74,99.39
83,220,73,93.55
83,221,72,95.02
83,222,71,98.33
83,223,70,103.2
83,224,69,86.01
83,225,68,92.61
83,226,67,96.88
83,227,66,78.09
83,228,65,93.45
83,229,64,95.83
83,230,63,78.1
83,231,62,85.76
83,232,61,82.66
83,233,60,86.87
83,234,59,79.19
83,235,58,78.34
83,236,57,81.13
83,237,56,68.4
83,238,55,67.57
83,239,54,64.77
83,240,53,68.92
83,241,52,61.76
83,242,51,50.28
83,243,50,68.9
83,244,49,65.04
83,245,48,71.68
83,246,47,58.86
83,247,46,62.97
83,248,45,51.15
83,249,44,60.31
83,250,43,43.74
83,251,42,51.79
83,252,41,44.32
83,253,40,49.78
83,254,39,54.74
83,255,38,46.78
83,256,37,42.63
83,257,36,39.76
83,258,35,53.31
83,259,34,45.02
83,260,33,33.24
83,261,32,36.27
83,262,31,33.02
83,263,30,32.83
83,264,29,33.48
83,265,28,34.19
83,266,27,35.97
83,267,26,25.0
83,268,25,24.41
83,269,24,21.77
83,270,23,24.68
83,271,22,20.61
83,272,21,26.5
83,273,20,21.89
83,274,19,18.7
83,275,18,19.24
83,276,17,21.46
83,277,16,21.5
83,278,15,14.1
83,279,14,11.59
83,280,13,15.45
83,281,12,10.69
83,282,11,11.75
83,283,10,10.17
83,284,9,9.0
83,285,8,9.36
83,286,7,8.36
83,287,6,6.91
83,288,5,5.67
83,289,4,5.47
83,290,3,3.76
83,291,2,2.37
83,292,1,1.72
83,293,0,0.81
84,1,266,210.17
84,2,265,216.28
84,3,264,230.93
84,4,263,211.48
84,5,262,206.27
84,6,261,224.36
84,7,260,221.74
84,8,259,216.09
84,9,258,209.5
84,10,257,221.55
84,11,256,197.96
84,12,255,210.76
84,13,254,207.21
84,14,253,220.23
84,15,252,209.99
84,16,251,210.12
84,17,250,197.53
84,18,249,219.43
84,19,248,213.46
84,20,247,209.76
84,21,246,197.16
84,22,245,213.19
84,23,244,202.95
84,24,243,200.72
84,25,242,195.62
84,26,241,203.45
84,27,240,207.52
84,28,239,189.82
84,29,238,200.4
84,30,237,200.29
84,31,236,203.9
84,32,235,203.8
84,33,234,192.97
84,34,233,208.62
84,35,232,199.27
84,36,231,210.41
84,37,230,202.78
84,38,229,193.17
84,39,228,197.58
84,40,227,195.59
84,41,226,205.24
84,42,225,189.69
84,43,224,190.78
84,44,223,187.74
84,45,222,196.77
84,46,221,188.58
84,47,220,180.77
84,48,219,180.35
84,49,218,185.51
84,50,217,194.02
84,51,216,182.0
84,52,215,179.87
84,53,214,182.17
84,54,213,182.71
84,55,212,183.23
84,56,211,183.85
84,57,210,173.58
84,58,209,170.42
84,59,208,184.15
84,60,207,181.49
84,61,206,170.92
84,62,205,183.79
84,63,204,182.74
84,64,203,185.77
84,65,202,166.11
84,66,201,175.37
84,67,200,182.34
84,68,199,173.58
84,69,198,166.11
84,70,197,164.87
84,71,196,178.15
84,72,195,167.92
84,73,194,183.94
84,74,193,164.35
84,75,192,172.05
84,76,191,164.16
84,77,190,171.04
84,78,189,166.9
84,79,188,167.48
84,80,187,162.06
84,81,186,141.35
84,82,185,172.81
84,83,184,168.79
84,84,183,149.2
84,85,182,172.02
84,86,181,153.11
84,87,180,162.32
84,88,179,159.6
84,89,178,148.4
84,90,177,164.43
84,91,176,164.39
84,92,175,141.19
84,93,174,147.47
84,94,173,169.59
84,95,172,144.88
84,96,171,148.47
84,97,170,161.77
84,98,169,148.43
84,99,168,145.96
84,100,167,159.19
84,101,166,151.88
84,102,165,148.28
84,103,164,151.82
84,104,163,137.85
84,105,162,156.96
84,106,161,149.08
84,107,160,140.49
84,108,159,149.29
84,109,158,134.64
84,110,157,154.97
84,111,156,124.44
84,112,155,147.15
84,113,154,146.27
84,114,153,153.54
84,115,152,138.92
84,116,151,124.57
84,117,150,145.56
84,118,149,134.33
84,119,148,133.03
84,120,147,140.8
84,121,146,145.47
84,122,145,146.51
84,123,144,134.06
84,124,143,137.18
84,125,142,139.51
84,126,141,115.46
84,127,140,122.15
84,128,139,124.72
84,129,138,129.74
84,130,137,122.08
84,131,136,130.58
84,132,135,121.81
84,133,134,123.92
84,134,133,118.92
84,135,132,118.52
84,136,131,121.72
84,137,130,122.09
84,138,129,126.97
84,139,128,121.46
84,140,127,118.5
84,141,126,109.7
84,142,125,124.89
84,143,124,125.73
84,144,123,107.91
84,145,122,117.66
84,146,121,113.36
84,147,120,114.16
84,148,119,116.91
84,149,118,112.3
84,150,117,116.28
84,151,116,94.77
84,152,115,100.13
84,153,114,99.74
84,154,113,101.6
84,155,112,89.81
84,156,111,86.64
84,157,110,96.59
84,158,109,91.57
84,159,108,95.97
84,160,107,97.41
84,161,106,104.5
84,162,105,104.05
84,163,104,101.57
84,164,103,97.14
84,165,102,84.68
84,166,101,87.25
84,167,100,85.27
84,168,99,83.33
84,169,98,94.47
84,170,97,91.67
84,171,96,81.93
84,172,95,84.0
84,173,94,91.67
84,174,93,81.46
84,175,92,80.23
84,176,91,74.0
84,177,90,76.31
84,178,89,81.0
84,179,88,72.64
84,180,87,85.42
84,181,86,67.11
84,182,85,70.99
84,183,84,89.12
84,184,83,86.2
84,185,82,76.14
84,186,81,71.05
84,187,80,74.74
84,188,79,67.12
84,189,78,80.39
84,190,77,72.54
84,191,76,76.86
84,192,75,73.96
84,193,74,61.83
84,194,73,70.65
84,195,72,64.14
84,196,71,63.99
84,197,70,60.84
84,198,69,62.31
84,199,68,61.03
84,200,67,66.68
84,201,66,61.73
84,202,65,61.04
84,203,64,69.27
84,204,63,59.74
84,205,62,50.08
84,206,61,52.21
84,207,60,53.34
84,208,59,46.96
84,209,58,50.29
84,210,57,48.41
84,211,56,49.73
84,212,55,45.81
84,213,54,46.69
84,214,53,44.2
84,215,52,48.0
84,216,51,45.91
84,217,50,51.15
84,218,49,46.46
84,219,48,42.28
84,220,47,42.44
84,221,46,40.49
84,222,45,42.86
84,223,44,40.41
84,224,43,44.16
84,225,42,35.75
84,226,41,33.34
84,227,40,35.47
84,228,39,37.45
84,229,38,34.59
84,230,37,31.91
84,231,36,34.01
84,232,35,30.41
84,233,34,35.64
84,234,33,28.07
84,235,32,32.79
84,236,31,28.23
84,237,30,25.87
84,238,29,28.74
84,239,28,28.67
84,240,27,27.11
84,241,26,21.28
84,242,25,25.16
84,243,24,18.53
84,244,23,22.1
84,245,22,20.57
84,246,21,24.11
84,247,20,22.48
84,248,19,20.58
84,249,18,14.69
84,250,17,14.6
84,251,16,15.63
84,252,15,13.97
84,253,14,12.13
84,254,13,14.03
84,255,12,14.9
84,256,11,11.27
84,257,10,10.66
84,258,9,11.99
84,259,8,7.22
84,260,7,5.93
84,261,6,6.14
84,262,5,6.11
84,263,4,4.93
84,264,3,6.86
84,265,2,2.9
84,266,1,2.5
84,267,0,0.93
85,1,187,181.53
85,2,186,172.64
85,3,185,162.59
85,4,184,174.46
85,5,183,174.89
85,6,182,180.61
85,7,181,172.64
85,8,180,165.89
85,9,179,168.3
85,10,178,168.6
85,11,177,166.17
85,12,176,157.14
85,13,175,161.07
85,14,174,173.09
85,15,173,169.59
85,16,172,170.93
85,17,171,165.27
85,18,170,170.96
85,19,169,166.8
85,20,168,168.73
85,21,167,161.06
85,22,166,155.05
85,23,165,164.33
85,24,164,162.06
85,25,163,157.93
85,26,162,153.87
85,27,161,157.29
85,28,160,157.85
85,29,159,147.0
85,30,158,152.58
85,31,157,158.6
85,32,156,154.53
85,33,155,160.07
85,34,154,149.64
85,35,153,153.74
85,36,152,151.09
85,37,151,153.49
85,38,150,144.86
85,39,149,156.65
85,40,148,151.24
85,41,147,149.1
85,42,146,154.47
85,43,145,135.93
85,44,144,145.74
85,45,143,142.4
85,46,142,143.55
85,47,141,141.73
85,48,140,142.91
85,49,139,144.95
85,50,138,144.41
85,51,137,138.74
85,52,136,134.76
85,53,135,147.42
85,54,134,138.69
85,55,133,133.07
85,56,132,137.57
85,57,131,142.43
85,58,130,139.47
85,59,129,144.0
85,60,128,139.57
85,61,127,132.81
85,62,126,132.26
85,63,125,131.87
85,64,124,134.69
85,65,123,132.2
85,66,122,131.25
85,67,121,130.05
85,68,120,135.48
85,69,119,132.75
85,70,118,129.82
85,71,117,130.89
85,72,116,126.75
85,73,115,130.27
85,74,114,125.48
85,75,113,120.81
85,76,112,122.21
85,77,111,125.16
85,78,110,124.51
85,79,109,124.0
85,80,108,114.7
85,81,107,117.89
85,82,106,122.31
85,83,105,123.13
85,84,104,105.76
85,85,103,117.36
85,86,102,112.32
85,87,101,116.03
85,88,100,110.95
85,89,99,111.96
85,90,98,113.95
85,91,97,104.95
85,92,96,120.97
85,93,95,111.82
85,94,94,112.89
85,95,93,112.31
85,96,92,118.62
85,97,91,112.09
85,98,90,109.11
85,99,89,102.9
85,100,88,113.19
85,101,87,102.35
85,102,86,101.72
85,103,85,100.2
85,104,84,106.32
85,105,83,106.27
85,106,82,103.03
85,107,81,99.6
85,108,80,106.04
85,109,79,101.02
85,110,78,102.47
85,111,77,99.78
85,112,76,90.92
85,113,75,88.24
85,114,74,90.7
85,115,73,94.36
85,116,72,90.84
85,117,71,67.88
85,118,70,82.28
85,119,69,87.54
85,120,68,89.01
85,121,67,84.12
85,122,66,82.91
85,123,65,79.66
85,124,64,84.6
85,125,63,80.76
85,126,62,97.25
85,127,61,77.79
85,128,60,85.45
85,129,59,74.95
85,130,58,66.27
85,131,57,67.07
85,132,56,79.68
85,133,55,61.81
85,134,54,56.48
85,135,53,70.75
85,136,52,61.63
85,137,51,78.0
85,138,50,55.09
85,139,49,71.49
85,140,48,54.85
85,141,47,50.56
85,142,46,62.61
85,143,45,54.12
85,144,44,60.1
85,145,43,60.61
85,146,42,56.86
85,147,41,56.56
85,148,40,44.18
85,149,39,39.58
85,150,38,43.45
85,151,37,40.58
85,152,36,38.2
85,153,35,38.31
85,154,34,38.54
85,155,33,33.9
85,156,32,53.48
85,157,31,35.77
85,158,30,33.92
85,159,29,33.81
85,160,28,29.01
85,161,27,30.27
85,162,26,26.64
85,163,25,26.85
85,164,24,31.09
85,165,23,26.79
85,166,22,26.13
85,167,21,21.78
85,168,20,22.37
85,169,19,23.83
85,170,18,20.51
85,171,17,21.81
85,172,16,16.12
85,173,15,16.08
85,174,14,15.4
85,175,13,11.75
85,176,12,16.51
85,177,11,12.88
85,178,10,11.23
85,179,9,9.53
85,180,8,11.59
85,181,7,9.91
85,182,6,6.64
85,183,5,6.68
85,184,4,5.29
85,185,3,4.53
85,186,2,2.14
85,187,1,1.32
85,188,0,1.61
86,1,277,225.37
86,2,276,210.48
86,3,275,223.3
86,4,274,216.61
86,5,273,217.97
86,6,272,208.84
86,7,271,220.13
86,8,270,227.87
86,9,269,225.23
86,10,268,235.1
86,11,267,222.87
86,12,266,216.82
86,13,265,211.23
86,14,264,234.12
86,15,263,213.01
86,16,262,218.33
86,17,261,225.33
86,18,260,222.54
86,19,259,220.08
86,20,258,219.11
86,21,257,222.69
86,22,256,216.44
86,23,255,203.95
86,24,254,219.5
86,25,253,199.4
86,26,252,217.23
86,27,251,201.4
86,28,250,220.92
86,29,249,209.37
86,30,248,227.77
86,31,247,195.13
86,32,246,218.46
86,33,245,212.81
86,34,244,215.61
86,35,243,197.15
86,36,242,212.36
86,37,241,212.68
86,38,240,213.52
86,39,239,203.94
86,40,238,198.77
86,41,237,201.12
86,42,236,206.37
86,43,235,205.79
86,44,234,200.52
86,45,233,203.72
86,46,232,186.37
86,47,231,181.64
86,48,230,202.78
86,49,229,208.1
86,50,228,192.47
86,51,227,192.35
86,52,226,196.99
86,53,225,187.61
86,54,224,190.02
86,55,223,196.41
86,56,222,194.43
86,57,221,198.18
86,58,220,191.18
86,59,219,183.86
86,60,218,188.07
86,61,217,190.59
86,62,216,182.51
86,63,215,180.97
86,64,214,184.63
86,65,213,193.59
86,66,212,175.47
86,67,211,183.11
86,68,210,166.75
86,69,209,178.21
86,70,208,178.07
86,71,207,178.27
86,72,206,188.36
86,73,205,175.79
86,74,204,176.19
86,75,203,177.9
86,76,202,193.66
86,77,201,178.01
86,78,200,180.51
86,79,199,182.91
86,80,198,163.92
86,81,197,179.24
86,82,196,186.15
86,83,195,165.55
86,84,194,162.28
86,85,193,174.44
86,86,192,171.58
86,87,191,168.61
86,88,190,174.44
86,89,189,164.92
86,90,188,175.6
86,91,187,163.23
86,92,186,173.77
86,93,185,165.42
86,94,184,163.2
86,95,183,172.37
86,96,182,154.35
86,97,181,162.19
86,98,180,162.66
86,99,179,160.42
86,100,178,169.22
86,101,177,151.39
86,102,176,163.23
86,103,175,167.68
86,104,174,164.71
86,105,173,154.93
86,106,172,160.64
86,107,171,150.41
86,108,170,157.88
86,109,169,144.78
86,110,168,156.68
86,111,167,164.18
86,112,166,148.16
86,113,165,155.88
86,114,164,156.53
86,115,163,147.25
86,116,162,152.68
86,117,161,132.05
86,118,160,137.69
86,119,159,136.88
86,120,158,153.04
86,121,157,143.19
86,122,156,149.31
86,123,155,137.37
86,124,154,145.39
86,125,153,138.88
86,126,152,137.12
86,127,151,132.47
86,128,150,151.11
86,129,149,130.94
86,130,148,138.8
86,131,147,150.46
86,132,146,141.19
86,133,145,139.52
86,134,144,128.42
86,135,143,138.62
86,136,142,145.22
86,137,141,134.7
86,138,140,129.14
86,139,139,135.46
86,140,138,141.22
86,141,137,123.47
86,142,136,123.98
86,143,135,121.94
86,144,134,116.4
86,145,133,122.28
86,146,132,121.66
86,147,131,134.14
86,148,130,118.01
86,149,129,113.22
86,150,128,114.75
86,151,127,122.44
86,152,126,120.12
86,153,125,110.12
86,154,124,115.51
86,155,123,116.17
86,156,122,114.07
86,157,121,106.3
86,158,120,116.55
86,159,119,114.62
86,160,118,109.01
86,161,117,119.45
86,162,116,115.01
86,163,115,115.1
86,164,114,101.83
86,165,113,107.1
86,166,112,106.97
86,167,111,101.63
86,168,110,102.19
86,169,109,100.88
86,170,108,101.14
86,171,107,112.09
86,172,106,94.28
86,173,105,102.7
86,174,104,95.64
86,175,103,95.97
86,176,102,94.56
86,177,101,91.54
86,178,100,93.14
86,179,99,99.69
86,180,98,93.68
86,181,97,88.73
86,182,96,101.72
86,183,95,83.04
86,184,94,84.24
86,185,93,91.97
86,186,92,84.3
86,187,91,85.19
86,188,90,91.57
86,189,89,77.05
86,190,88,87.53
86,191,87,79.42
86,192,86,78.6
86,193,85,83.12
86,194,84,85.93
86,195,83,79.29
86,196,82,77.81
86,197,81,77.86
86,198,80,79.21
86,199,79,81.97
86,200,78,74.08
86,201,77,75.53
86,202,76,69.91
86,203,75,68.64
86,204,74,67.39
86,205,73,64.36
86,206,72,66.41
86,207,71,64.82
86,208,70,66.3
86,209,69,62.33
86,210,68,74.4
86,211,67,57.0
86,212,66,64.56
86,213,65,67.84
86,214,64,64.71
86,215,63,51.82
86,216,62,62.2
86,217,61,59.16
86,218,60,67.37
86,219,59,64.59
86,220,58,49.27
86,221,57,60.63
86,222,56,50.46
86,223,55,55.85
86,224,54,54.85
86,225,53,54.37
86,226,52,50.28
86,227,51,45.09
86,228,50,49.86
86,229,49,51.06
86,230,48,45.53
86,231,47,48.74
86,232,46,46.15
86,233,45,43.81
86,234,44,50.66
86,235,43,39.99
86,236,42,37.19
86,237,41,37.9
86,238,40,33.05
86,239,39,37.07
86,240,38,36.0
86,241,37,37.32
86,242,36,31.29
86,243,35,32.91
86,244,34,32.48
86,245,33,32.58
86,246,32,27.94
86,247,31,25.98
86,248,30,26.66
86,249,29,25.41
86,250,28,22.16
86,251,27,26.31
86,252,26,22.06
86,253,25,24.92
86,254,24,23.24
86,255,23,21.89
86,256,22,22.09
86,257,21,20.07
86,258,20,19.12
86,259,19,17.06
86,260,18,17.87
86,261,17,14.19
86,262,16,15.73
86,263,15,11.34
86,264,14,11.15
86,265,13,14.68
86,266,12,10.48
86,267,11,11.08
86,268,10,8.42
86,269,9,8.5
86,270,8,12.65
86,271,7,7.56
86,272,6,7.8
86,273,5,7.38
86,274,4,7.06
86,275,3,5.25
86,276,2,5.72
86,277,1,1.86
86,278,0,2.9
87,1,177,164.54
87,2,176,160.77
87,3,175,162.46
87,4,174,165.7
87,5,173,155.65
87,6,172,158.93
87,7,171,164.17
87,8,170,153.32
87,9,169,152.55
87,10,168,154.81
87,11,167,161.59
87,12,166,155.87
87,13,165,146.33
87,14,164,160.56
87,15,163,155.6
87,16,162,140.7
87,17,161,141.53
87,18,160,146.47
87,19,159,141.57
87,20,158,140.71
87,21,157,154.85
87,22,156,147.66
87,23,155,152.73
87,24,154,150.31
87,25,153,143.05
87,26,152,155.5
87,27,151,151.06
87,28,150,154.52
87,29,149,149.32
87,30,148,146.12
87,31,147,134.41
87,32,146,150.28
87,33,145,147.51
87,34,144,135.84
87,35,143,135.52
87,36,142,131.94
87,37,141,136.88
87,38,140,134.99
87,39,139,138.45
87,40,138,134.2
87,41,137,138.67
87,42,136,129.96
87,43,135,127.64
87,44,134,136.65
87,45,133,148.52
87,46,132,137.34
87,47,131,128.06
87,48,130,122.96
87,49,129,139.6
87,50,128,125.78
87,51,127,129.98
87,52,126,121.85
87,53,125,132.29
87,54,124,119.52
87,55,123,127.88
87,56,122,124.1
87,57,121,115.03
87,58,120,120.88
87,59,119,118.74
87,60,118,127.16
87,61,117,110.73
87,62,116,112.21
87,63,115,114.31
87,64,114,110.42
87,65,113,110.06
87,66,112,115.41
87,67,111,108.09
87,68,110,109.22
87,69,109,124.43
87,70,108,116.95
87,71,107,100.81
87,72,106,116.66
87,73,105,98.23
87,74,104,115.67
87,75,103,129.24
87,76,102,109.4
87,77,101,126.07
87,78,100,107.93
87,79,99,101.45
87,80,98,101.54
87,81,97,115.95
87,82,96,107.11
87,83,95,91.05
87,84,94,97.01
87,85,93,87.23
87,86,92,109.08
87,87,91,100.18
87,88,90,98.58
87,89,89,86.46
87,90,88,106.89
87,91,87,90.75
87,92,86,101.18
87,93,85,103.34
87,94,84,83.69
87,95,83,101.0
87,96,82,97.19
87,97,81,86.35
87,98,80,88.48
87,99,79,96.83
87,100,78,84.75
87,101,77,90.61
87,102,76,92.77
87,103,75,88.87
87,104,74,77.57
87,105,73,92.48
87,106,72,78.01
87,107,71,84.0
87,108,70,74.41
87,109,69,79.52
87,110,68,81.49
87,111,67,71.45
87,112,66,85.2
87,113,65,73.43
87,114,64,68.52
87,115,63,70.85
87,116,62,73.2
87,117,61,78.29
87,118,60,73.08
87,119,59,65.08
87,120,58,68.9
87,121,57,62.32
87,122,56,70.25
87,123,55,66.24
87,124,54,70.96
87,125,53,62.24
87,126,52,69.77
87,127,51,59.29
87,128,50,53.96
87,129,49,51.33
87,130,48,57.29
87,131,47,62.42
87,132,46,49.62
87,133,45,73.58
87,134,44,46.45
87,135,43,50.36
87,136,42,42.42
87,137,41,49.16
87,138,40,45.64
87,139,39,48.05
87,140,38,50.67
87,141,37,43.28
87,142,36,44.25
87,143,35,42.36
87,144,34,34.81
87,145,33,41.06
87,146,32,37.69
87,147,31,35.05
87,148,30,34.82
87,149,29,29.68
87,150,28,30.84
87,151,27,34.13
87,152,26,26.56
87,153,25,34.3
87,154,24,23.89
87,155,23,25.45
87,156,22,25.12
87,157,21,21.03
87,158,20,21.7
87,159,19,20.27
87,160,18,20.31
87,161,17,16.92
87,162,16,16.7
87,163,15,13.91
87,164,14,15.76
87,165,13,12.77
87,166,12,20.36
87,167,11,10.21
87,168,10,13.05
87,169,9,11.66
87,170,8,9.16
87,171,7,6.98
87,172,6,5.48
87,173,5,8.25
87,174,4,4.33
87,175,3,2.75
87,176,2,4.43
87,177,1,1.45
87,178,0,1.67
88,1,212,173.2
88,2,211,188.29
88,3,210,170.8
88,4,209,175.31
88,5,208,185.69
88,6,207,185.03
88,7,206,188.63
88,8,205,187.67
88,9,204,179.13
88,10,203,181.87
88,11,202,184.45
88,12,201,173.48
88,13,200,183.88
88,14,199,180.08
88,15,198,170.44
88,16,197,183.55
88,17,196,177.02
88,18,195,173.2
88,19,194,176.27
88,20,193,178.55
88,21,192,165.48
88,22,191,178.57
88,23,190,176.7
88,24,189,179.73
88,25,188,173.72
88,26,187,177.58
88,27,186,167.88
88,28,185,175.01
88,29,184,151.17
88,30,183,176.08
88,31,182,178.43
88,32,181,161.93
88,33,180,161.9
88,34,179,164.27
88,35,178,169.86
88,36,177,165.48
88,37,176,157.79
88,38,175,164.2
88,39,174,157.16
88,40,173,153.32
88,41,172,167.06
88,42,171,165.53
88,43,170,168.27
88,44,169,143.8
88,45,168,151.42
88,46,167,158.89
88,47,166,158.76
88,48,165,154.19
88,49,164,154.25
88,50,163,161.81
88,51,162,156.96
88,52,161,141.52
88,53,160,159.6
88,54,159,162.53
88,55,158,156.57
88,56,157,145.19
88,57,156,147.86
88,58,155,151.7
88,59,154,150.4
88,60,153,141.1
88,61,152,159.36
88,62,151,148.43
88,63,150,144.22
88,64,149,151.11
88,65,148,154.13
88,66,147,145.36
88,67,146,137.87
88,68,145,137.82
88,69,144,150.86
88,70,143,139.77
88,71,142,128.56
88,72,141,136.77
88,73,140,137.35
88,74,139,134.58
88,75,138,139.27
88,76,137,132.21
88,77,136,152.43
88,78,135,142.57
88,79,134,134.19
88,80,133,137.6
88,81,132,131.58
88,82,131,132.81
88,83,130,122.63
88,84,129,133.36
88,85,128,130.99
88,86,127,123.21
88,87,126,115.44
88,88,125,130.8
88,89,124,122.26
88,90,123,115.57
88,91,122,117.8
88,92,121,124.03
88,93,120,117.39
88,94,119,111.51
88,95,118,123.25
88,96,117,112.45
88,97,116,121.2
88,98,115,98.98
88,99,114,128.26
88,100,113,116.25
88,101,112,120.72
88,102,111,114.19
88,103,110,123.85
88,104,109,101.5
88,105,108,101.36
88,106,107,97.0
88,107,106,103.81
88,108,105,101.66
88,109,104,118.24
88,110,103,93.93
88,111,102,102.84
88,112,101,100.0
88,113,100,95.27
88,114,99,100.19
88,115,98,102.68
88,116,97,94.31
88,117,96,87.62
88,118,95,88.92
88,119,94,95.62
88,120,93,98.24
88,121,92,90.16
88,122,91,85.43
88,123,90,85.01
88,124,89,92.42
88,125,88,88.92
88,126,87,105.81
88,127,86,82.49
88,128,85,80.72
88,129,84,77.85
88,130,83,82.69
88,131,82,81.1
88,132,81,90.72
88,133,80,82.61
88,134,79,81.38
88,135,78,74.03
88,136,77,74.65
88,137,76,72.72
88,138,75,74.35
88,139,74,70.98
88,140,73,67.81
88,141,72,69.32
88,142,71,68.3
88,143,70,70.96
88,144,69,72.44
88,145,68,70.6
88,146,67,65.08
88,147,66,60.84
88,148,65,63.89
88,149,64,65.48
88,150,63,59.11
88,151,62,60.06
88,152,61,59.94
88,153,60,60.06
88,154,59,61.54
88,155,58,56.66
88,156,57,54.31
88,157,56,55.8
88,158,55,52.92
88,159,54,55.38
88,160,53,54.73
88,161,52,54.04
88,162,51,51.43
88,163,50,48.08
88,164,49,50.89
88,165,48,48.46
88,166,47,50.19
88,167,46,47.37
88,168,45,44.48
88,169,44,43.8
88,170,43,44.66
88,171,42,42.99
88,172,41,43.4
88,173,40,39.48
88,174,39,37.07
88,175,38,36.09
88,176,37,35.9
88,177,36,36.48
88,178,35,33.14
88,179,34,32.39
88,180,33,33.11
88,181,32,31.52
88,182,31,29.42
88,183,30,31.33
88,184,29,27.57
88,185,28,29.04
88,186,27,26.65
88,187,26,29.33
88,188,25,26.1
88,189,24,24.81
88,190,23,23.71
88,191,22,23.21
88,192,21,22.12
88,193,20,21.11
88,194,19,19.63
88,195,18,18.74
88,196,17,16.63
88,197,16,16.44
88,198,15,16.47
88,199,14,13.89
88,200,13,13.58
88,201,12,13.42
88,202,11,12.33
88,203,10,10.42
88,204,9,8.58
88,205,8,9.71
88,206,7,8.01
88,207,6,7.24
88,208,5,5.82
88,209,4,5.89
88,210,3,3.35
88,211,2,3.13
88,212,1,2.0
88,213,0,0.97
89,1,216,212.35
89,2,215,206.85
89,3,214,210.77
89,4,213,195.93
89,5,212,206.68
89,6,211,198.54
89,7,210,206.41
89,8,209,202.5
89,9,208,198.01
89,10,207,195.16
89,11,206,197.19
89,12,205,199.2
89,13,204,197.12
89,14,203,192.76
89,15,202,197.02
89,16,201,190.34
89,17,200,196.04
89,18,199,204.05
89,19,198,190.85
89,20,197,194.09
89,21,196,198.73
89,22,195,187.38
89,23,194,184.66
89,24,193,189.98
89,25,192,204.66
89,26,191,187.32
89,27,190,191.76
89,28,189,195.07
89,29,188,194.98
89,30,187,188.87
89,31,186,179.67
89,32,185,189.16
89,33,184,180.92
89,34,183,192.0
89,35,182,195.91
89,36,181,169.39
89,37,180,171.2
89,38,179,172.73
89,39,178,180.3
89,40,177,172.57
89,41,176,177.56
89,42,175,181.83
89,43,174,177.42
89,44,173,180.19
89,45,172,184.46
89,46,171,167.36
89,47,170,182.57
89,48,169,171.39
89,49,168,165.5
89,50,167,170.82
89,51,166,174.89
89,52,165,169.18
89,53,164,171.93
89,54,163,161.28
89,55,162,168.6
89,56,161,175.52
89,57,160,159.76
89,58,159,165.95
89,59,158,164.56
89,60,157,167.94
89,61,156,148.45
89,62,155,167.44
89,63,154,160.27
89,64,153,162.72
89,65,152,170.31
89,66,151,165.41
89,67,150,166.03
89,68,149,144.79
89,69,148,165.71
89,70,147,147.55
89,71,146,157.28
89,72,145,154.58
89,73,144,164.08
89,74,143,146.23
89,75,142,152.67
89,76,141,147.29
89,77,140,141.3
89,78,139,152.06
89,79,138,147.47
89,80,137,149.19
89,81,136,149.58
89,82,135,147.18
89,83,134,139.57
89,84,133,147.7
89,85,132,149.82
89,86,131,151.72
89,87,130,143.33
89,88,129,140.13
89,89,128,146.65
89,90,127,151.35
89,91,126,147.43
89,92,125,128.59
89,93,124,133.18
89,94,123,142.9
89,95,122,139.91
89,96,121,132.45
89,97,120,135.87
89,98,119,139.05
89,99,118,146.02
89,100,117,137.56
89,101,116,128.89
89,102,115,138.78
89,103,114,132.19
89,104,113,141.22
89,105,112,122.98
89,106,111,125.87
89,107,110,125.45
89,108,109,140.75
89,109,108,129.12
89,110,107,128.68
89,111,106,124.28
89,112,105,121.87
89,113,104,124.68
89,114,103,114.8
89,115,102,132.38
89,116,101,121.26
89,117,100,122.77
89,118,99,123.39
89,119,98,124.59
89,120,97,118.92
89,121,96,118.9
89,122,95,115.26
89,123,94,113.47
89,124,93,108.99
89,125,92,116.13
89,126,91,108.73
89,127,90,113.46
89,128,89,102.28
89,129,88,100.36
89,130,87,107.04
89,131,86,98.17
89,132,85,113.37
89,133,84,108.09
89,134,83,103.38
89,135,82,112.95
89,136,81,103.71
89,137,80,114.43
89,138,79,110.73
89,139,78,105.71
89,140,77,105.54
89,141,76,104.44
89,142,75,98.56
89,143,74,89.15
89,144,73,99.07
89,145,72,95.72
89,146,71,97.65
89,147,70,93.04
89,148,69,96.37
89,149,68,95.34
89,150,67,95.72
89,151,66,86.65
89,152,65,86.65
89,153,64,86.89
89,154,63,84.86
89,155,62,75.49
89,156,61,78.76
89,157,60,87.87
89,158,59,75.26
89,159,58,80.25
89,160,57,68.99
89,161,56,86.11
89,162,55,56.16
89,163,54,77.94
89,164,53,67.7
89,165,52,65.72
89,166,51,78.93
89,167,50,60.79
89,168,49,64.96
89,169,48,63.86
89,170,47,65.11
89,171,46,64.06
89,172,45,53.56
89,173,44,64.46
89,174,43,59.7
89,175,42,54.5
89,176,41,56.26
89,177,40,55.59
89,178,39,40.26
89,179,38,48.83
89,180,37,62.18
89,181,36,42.46
89,182,35,42.99
89,183,34,40.5
89,184,33,40.36
89,185,32,38.1
89,186,31,36.41
89,187,30,32.99
89,188,29,40.19
89,189,28,35.55
89,190,27,33.66
89,191,26,27.67
89,192,25,36.21
89,193,24,35.41
89,194,23,31.06
89,195,22,25.21
89,196,21,20.54
89,197,20,21.73
89,198,19,20.05
89,199,18,15.73
89,200,17,21.76
89,201,16,18.82
89,202,15,14.35
89,203,14,12.72
89,204,13,14.67
89,205,12,15.07
89,206,11,10.64
89,207,10,13.46
89,208,9,10.2
89,209,8,8.72
89,210,7,7.52
89,211,6,6.77
89,212,5,7.08
89,213,4,3.48
89,214,3,6.04
89,215,2,1.87
89,216,1,2.1
89,217,0,1.41
90,1,153,161.35
90,2,152,162.98
90,3,151,163.16
90,4,150,153.56
90,5,149,162.9
90,6,148,156.48
90,7,147,161.55
90,8,146,152.73
90,9,145,174.64
90,10,144,152.11
90,11,143,157.89
90,12,142,163.25
90,13,141,159.85
90,14,140,160.84
90,15,139,160.9
90,16,138,154.24
90,17,137,149.37
90,18,136,147.73
90,19,135,149.78
90,20,134,146.83
90,21,133,154.91
90,22,132,141.66
90,23,131,150.11
90,24,130,145.81
90,25,129,153.9
90,26,128,139.49
90,27,127,160.49
90,28,126,147.85
90,29,125,147.8
90,30,124,134.73
90,31,123,148.1
90,32,122,137.55
90,33,121,135.44
90,34,120,148.25
90,35,119,136.57
90,36,118,137.07
90,37,117,133.47
90,38,116,133.02
90,39,115,133.0
90,40,114,146.22
90,41,113,134.83
90,42,112,129.99
90,43,111,139.83
90,44,110,128.2
90,45,109,139.69
90,46,108,133.8
90,47,107,123.92
90,48,106,122.66
90,49,105,134.68
90,50,104,136.0
90,51,103,132.56
90,52,102,139.57
90,53,101,120.71
90,54,100,128.56
90,55,99,113.53
90,56,98,120.61
90,57,97,121.96
90,58,96,125.1
90,59,95,132.66
90,60,94,118.32
90,61,93,111.78
90,62,92,122.71
90,63,91,118.42
90,64,90,117.8
90,65,89,120.31
90,66,88,116.11
90,67,87,101.5
90,68,86,107.45
90,69,85,139.52
90,70,84,109.53
90,71,83,107.3
90,72,82,109.72
90,73,81,107.46
90,74,80,106.43
90,75,79,119.86
90,76,78,119.65
90,77,77,105.49
90,78,76,104.59
90,79,75,112.23
90,80,74,106.18
90,81,73,114.48
90,82,72,93.64
90,83,71,99.36
90,84,70,103.99
90,85,69,96.39
90,86,68,98.84
90,87,67,107.03
90,88,66,108.47
90,89,65,101.02
90,90,64,94.42
90,91,63,91.79
90,92,62,94.1
90,93,61,93.08
90,94,60,93.47
90,95,59,93.7
90,96,58,70.74
90,97,57,92.17
90,98,56,95.31
90,99,55,92.37
90,100,54,83.69
90,101,53,77.95
90,102,52,87.78
90,103,51,90.8
90,104,50,74.43
90,105,49,72.59
90,106,48,83.31
90,107,47,77.01
90,108,46,75.72
90,109,45,88.34
90,110,44,70.4
90,111,43,86.97
90,112,42,66.98
90,113,41,81.2
90,114,40,87.26
90,115,39,76.14
90,116,38,62.94
90,117,37,70.46
90,118,36,67.71
90,119,35,53.36
90,120,34,71.41
90,121,33,69.68
90,122,32,60.68
90,123,31,76.79
90,124,30,43.11
90,125,29,45.37
90,126,28,50.84
90,127,27,57.77
90,128,26,37.36
90,129,25,35.01
90,130,24,35.32
90,131,23,41.62
90,132,22,36.73
90,133,21,30.49
90,134,20,23.03
90,135,19,32.35
90,136,18,22.43
90,137,17,26.49
90,138,16,30.68
90,139,15,17.76
90,140,14,20.78
90,141,13,16.2
90,142,12,15.06
90,143,11,14.52
90,144,10,19.27
90,145,9,13.86
90,146,8,13.76
90,147,7,10.31
90,148,6,9.39
90,149,5,8.39
90,150,4,7.4
90,151,3,8.27
90,152,2,4.97
90,153,1,1.68
90,154,0,0.7
91,1,134,133.87
91,2,133,127.4
91,3,132,132.82
91,4,131,142.48
91,5,130,136.16
91,6,129,117.94
91,7,128,119.15
91,8,127,121.15
91,9,126,127.06
91,10,125,120.9
91,11,124,104.34
91,12,123,123.13
91,13,122,123.58
91,14,121,117.8
91,15,120,122.3
91,16,119,112.0
91,17,118,106.45
91,18,117,115.94
91,19,116,117.83
91,20,115,113.91
91,21,114,116.82
91,22,113,104.02
91,23,112,109.19
91,24,111,102.71
91,25,110,108.07
91,26,109,97.36
91,27,108,115.12
91,28,107,121.99
91,29,106,103.42
91,30,105,101.97
91,31,104,106.82
91,32,103,96.17
91,33,102,98.87
91,34,101,108.41
91,35,100,89.21
91,36,99,118.72
91,37,98,92.9
91,38,97,106.56
91,39,96,100.21
91,40,95,102.13
91,41,94,100.27
91,42,93,89.17
91,43,92,88.7
91,44,91,94.24
91,45,90,96.47
91,46,89,92.24
91,47,88,87.05
91,48,87,90.92
91,49,86,85.75
91,50,85,83.42
91,51,84,100.37
91,52,83,84.12
91,53,82,82.24
91,54,81,78.48
91,55,80,85.55
91,56,79,71.51
91,57,78,87.46
91,58,77,68.66
91,59,76,70.38
91,60,75,78.63
91,61,74,82.04
91,62,73,79.34
91,63,72,81.58
91,64,71,77.31
91,65,70,69.62
91,66,69,69.6
91,67,68,71.79
91,68,67,66.97
91,69,66,66.3
91,70,65,70.76
91,71,64,67.38
91,72,63,79.4
91,73,62,63.74
91,74,61,68.94
91,75,60,55.96
91,76,59,63.48
91,77,58,58.56
91,78,57,49.7
91,79,56,56.11
91,80,55,52.84
91,81,54,62.33
91,82,53,60.08
91,83,52,51.61
91,84,51,52.7
91,85,50,50.57
91,86,49,51.7
91,87,48,47.96
91,88,47,43.66
91,89,46,46.26
91,90,45,59.93
91,91,44,51.27
91,92,43,42.91
91,93,42,36.52
91,94,41,36.95
91,95,40,39.61
91,96,39,43.26
91,97,38,38.43
91,98,37,41.74
91,99,36,33.59
91,100,35,35.0
91,101,34,37.53
91,102,33,35.0
91,103,32,39.62
91,104,31,32.13
91,105,30,31.36
91,106,29,26.07
91,107,28,29.97
91,108,27,27.89
91,109,26,25.87
91,110,25,28.3
91,111,24,21.91
91,112,23,22.5
91,113,22,20.92
91,114,21,20.66
91,115,20,26.02
91,116,19,18.39
91,117,18,21.95
91,118,17,19.27
91,119,16,14.82
91,120,15,16.04
91,121,14,13.82
91,122,13,12.09
91,123,12,12.2
91,124,11,10.16
91,125,10,11.74
91,126,9,7.34
91,127,8,6.39
91,128,7,6.1
91,129,6,5.72
91,130,5,6.62
91,131,4,5.48
91,132,3,3.69
91,133,2,2.74
91,134,1,0.92
91,135,0,0.58
92,1,340,269.61
92,2,339,283.91
92,3,338,275.54
92,4,337,268.88
92,5,336,280.11
92,6,335,276.0
92,7,334,270.81
92,8,333,283.6
92,9,332,257.94
92,10,331,259.93
92,11,330,272.05
92,12,329,265.72
92,13,328,263.69
92,14,327,268.22
92,15,326,280.84
92,16,325,273.09
92,17,324,256.11
92,18,323,258.89
92,19,322,280.64
92,20,321,270.68
92,21,320,265.92
92,22,319,268.29
92,23,318,250.39
92,24,317,271.74
92,25,316,267.65
92,26,315,259.75
92,27,314,260.92
92,28,313,262.54
92,29,312,279.16
92,30,311,271.8
92,31,310,265.27
92,32,309,260.05
92,33,308,260.79
92,34,307,252.94
92,35,306,245.71
92,36,305,260.03
92,37,304,262.9
92,38,303,240.8
92,39,302,235.68
92,40,301,247.59
92,41,300,268.26
92,42,299,233.39
92,43,298,253.0
92,44,297,252.19
92,45,296,243.9
92,46,295,243.56
92,47,294,230.38
92,48,293,255.47
92,49,292,255.23
92,50,291,234.7
92,51,290,246.5
92,52,289,237.86
92,53,288,235.28
92,54,287,252.11
92,55,286,244.72
92,56,285,240.28
92,57,284,229.44
92,58,283,228.67
92,59,282,221.08
92,60,281,230.29
92,61,280,230.04
92,62,279,233.87
92,63,278,223.19
92,64,277,227.15
92,65,276,221.27
92,66,275,235.87
92,67,274,243.57
92,68,273,249.7
92,69,272,238.04
92,70,271,216.86
92,71,270,212.02
92,72,269,229.52
92,73,268,239.27
92,74,267,224.3
92,75,266,246.34
92,76,265,221.67
92,77,264,237.63
92,78,263,222.73
92,79,262,232.32
92,80,261,216.6
92,81,260,226.81
92,82,259,226.18
92,83,258,211.0
92,84,257,224.02
92,85,256,206.79
92,86,255,219.2
92,87,254,224.8
92,88,253,223.35
92,89,252,221.91
92,90,251,208.94
92,91,250,204.48
92,92,249,204.03
92,93,248,218.19
92,94,247,212.06
92,95,246,203.36
92,96,245,211.59
92,97,244,207.41
92,98,243,209.41
92,99,242,220.06
92,100,241,210.18
92,101,240,205.97
92,102,239,202.79
92,103,238,206.29
92,104,237,216.61
92,105,236,203.56
92,106,235,213.45
92,107,234,204.54
92,108,233,205.75
92,109,232,220.2
92,110,231,225.22
92,111,230,201.84
92,112,229,199.98
92,113,228,204.09
92,114,227,200.63
92,115,226,205.69
92,116,225,202.16
92,117,224,197.34
92,118,223,196.61
92,119,222,199.22
92,120,221,204.69
92,121,220,198.29
92,122,219,204.91
92,123,218,194.43
92,124,217,202.62
92,125,216,195.66
92,126,215,208.21
92,127,214,186.55
92,128,213,192.39
92,129,212,194.06
92,130,211,184.91
92,131,210,185.61
92,132,209,189.81
92,133,208,178.23
92,134,207,185.62
92,135,206,182.61
92,136,205,183.37
92,137,204,182.37
92,138,203,184.72
92,139,202,184.62
92,140,201,186.58
92,141,200,180.38
92,142,199,183.03
92,143,198,177.43
92,144,197,177.33
92,145,196,179.68
92,146,195,179.15
92,147,194,172.02
92,148,193,173.34
92,149,192,173.48
92,150,191,173.6
92,151,190,171.1
92,152,189,168.37
92,153,188,180.47
92,154,187,163.23
92,155,186,174.74
92,156,185,170.14
92,157,184,164.18
92,158,183,172.5
92,159,182,169.69
92,160,181,157.45
92,161,180,172.26
92,162,179,170.93
92,163,178,168.02
92,164,177,160.3
92,165,176,159.58
92,166,175,163.91
92,167,174,153.07
92,168,173,164.49
92,169,172,155.82
92,170,171,169.42
92,171,170,156.55
92,172,169,155.32
92,173,168,159.0
92,174,167,162.64
92,175,166,158.53
92,176,165,151.36
92,177,164,150.03
92,178,163,154.15
92,179,162,156.44
92,180,161,153.03
92,181,160,160.87
92,182,159,161.02
92,183,158,139.07
92,184,157,159.13
92,185,156,150.14
92,186,155,142.11
92,187,154,143.42
92,188,153,144.49
92,189,152,149.03
92,190,151,128.08
92,191,150,145.14
92,192,149,150.84
92,193,148,123.82
92,194,147,143.93
92,195,146,144.89
92,196,145,127.78
92,197,144,127.26
92,198,143,136.3
92,199,142,129.85
92,200,141,131.47
92,201,140,127.45
92,202,139,127.68
92,203,138,123.87
92,204,137,127.24
92,205,136,118.71
92,206,135,121.68
92,207,134,122.73
92,208,133,122.54
92,209,132,125.05
92,210,131,124.94
92,211,130,123.54
92,212,129,123.78
92,213,128,115.0
92,214,127,117.46
92,215,126,110.4
92,216,125,112.84
92,217,124,105.29
92,218,123,116.43
92,219,122,110.71
92,220,121,109.13
92,221,120,109.13
92,222,119,112.33
92,223,118,105.46
92,224,117,99.93
92,225,116,101.64
92,226,115,104.09
92,227,114,109.83
92,228,113,104.09
92,229,112,98.21
92,230,111,102.49
92,231,110,100.23
92,232,109,95.93
92,233,108,97.64
92,234,107,95.86
92,235,106,103.91
92,236,105,87.87
92,237,104,93.19
92,238,103,90.43
92,239,102,95.56
92,240,101,98.49
92,241,100,88.54
92,242,99,85.89
92,243,98,91.27
92,244,97,89.95
92,245,96,78.0
92,246,95,77.59
92,247,94,79.44
92,248,93,84.7
92,249,92,84.63
92,250,91,90.17
92,251,90,78.63
92,252,89,81.39
92,253,88,78.21
92,254,87,74.92
92,255,86,75.68
92,256,85,75.98
92,257,84,72.93
92,258,83,73.85
92,259,82,71.94
92,260,81,68.97
92,261,80,67.56
92,262,79,70.04
92,263,78,71.99
92,264,77,67.79
92,265,76,69.16
92,266,75,65.67
92,267,74,66.51
92,268,73,66.34
92,269,72,66.05
92,270,71,62.89
92,271,70,61.65
92,272,69,62.39
92,273,68,59.15
92,274,67,57.95
92,275,66,58.86
92,276,65,56.9
92,277,64,53.11
92,278,63,56.36
92,279,62,55.44
92,280,61,54.6
92,281,60,54.93
92,282,59,56.39
92,283,58,52.16
92,284,57,51.96
92,285,56,50.23
92,286,55,47.58
92,287,54,45.52
92,288,53,46.21
92,289,52,47.12
92,290,51,42.31
92,291,50,46.57
92,292,49,44.45
92,293,48,47.74
92,294,47,44.09
92,295,46,43.97
92,296,45,40.73
92,297,44,40.25
92,298,43,41.22
92,299,42,36.33
92,300,41,36.13
92,301,40,37.07
92,302,39,36.18
92,303,38,34.4
92,304,37,35.19
92,305,36,33.44
92,306,35,32.08
92,307,34,29.98
92,308,33,32.37
92,309,32,29.28
92,310,31,28.53
92,311,30,26.2
92,312,29,25.79
92,313,28,26.76
92,314,27,24.16
92,315,26,26.18
92,316,25,23.43
92,317,24,22.29
92,318,23,20.96
92,319,22,18.87
92,320,21,18.45
92,321,20,16.42
92,322,19,17.16
92,323,18,18.08
92,324,17,14.73
92,325,16,16.7
92,326,15,16.23
92,327,14,14.2
92,328,13,13.44
92,329,12,12.0
92,330,11,12.93
92,331,10,10.58
92,332,9,8.48
92,333,8,9.33
92,334,7,9.0
92,335,6,6.26
92,336,5,4.61
92,337,4,4.94
92,338,3,4.34
92,339,2,2.47
92,340,1,1.96
92,341,0,0.86
93,1,154,153.0
93,2,153,150.18
93,3,152,151.8
93,4,151,159.17
93,5,150,155.96
93,6,149,150.31
93,7,148,150.2
93,8,147,158.49
93,9,146,146.44
93,10,145,142.76
93,11,144,145.96
93,12,143,150.13
93,13,142,156.2
93,14,141,138.8
93,15,140,157.22
93,16,139,162.54
93,17,138,143.43
93,18,137,144.75
93,19,136,139.61
93,20,135,134.08
93,21,134,139.74
93,22,133,134.8
93,23,132,138.18
93,24,131,144.75
93,25,130,139.26
93,26,129,147.71
93,27,128,141.56
93,28,127,128.21
93,29,126,136.21
93,30,125,134.95
93,31,124,139.35
93,32,123,128.05
93,33,122,142.5
93,34,121,124.44
93,35,120,135.45
93,36,119,144.42
93,37,118,142.12
93,38,117,122.58
93,39,116,130.0
93,40,115,123.62
93,41,114,132.94
93,42,113,131.14
93,43,112,123.7
93,44,111,127.37
93,45,110,132.83
93,46,109,117.44
93,47,108,141.58
93,48,107,130.5
93,49,106,136.35
93,50,105,131.01
93,51,104,112.08
93,52,103,119.16
93,53,102,120.02
93,54,101,122.32
93,55,100,114.91
93,56,99,121.92
93,57,98,114.27
93,58,97,113.12
93,59,96,112.04
93,60,95,117.83
93,61,94,123.91
93,62,93,122.91
93,63,92,107.83
93,64,91,115.75
93,65,90,120.66
93,66,89,111.1
93,67,88,106.87
93,68,87,99.72
93,69,86,102.64
93,70,85,102.3
93,71,84,111.14
93,72,83,118.0
93,73,82,94.53
93,74,81,103.88
93,75,80,92.26
93,76,79,93.92
93,77,78,111.95
93,78,77,103.31
93,79,76,97.99
93,80,75,109.58
93,81,74,96.87
93,82,73,93.83
93,83,72,79.02
93,84,71,89.89
93,85,70,81.41
93,86,69,79.04
93,87,68,89.05
93,88,67,88.13
93,89,66,96.51
93,90,65,93.36
93,91,64,95.36
93,92,63,98.15
93,93,62,95.4
93,94,61,76.48
93,95,60,77.53
93,96,59,89.06
93,97,58,91.69
93,98,57,81.1
93,99,56,112.9
93,100,55,78.53
93,101,54,74.48
93,102,53,74.08
93,103,52,77.54
93,104,51,70.06
93,105,50,72.75
93,106,49,75.51
93,107,48,60.39
93,108,47,71.72
93,109,46,60.22
93,110,45,66.52
93,111,44,66.94
93,112,43,73.19
93,113,42,57.85
93,114,41,59.76
93,115,40,58.65
93,116,39,61.61
93,117,38,57.74
93,118,37,44.48
93,119,36,58.35
93,120,35,49.99
93,121,34,46.19
93,122,33,50.78
93,123,32,55.65
93,124,31,58.85
93,125,30,40.08
93,126,29,39.04
93,127,28,38.15
93,128,27,34.34
93,129,26,40.67
93,130,25,39.32
93,131,24,38.34
93,132,23,33.64
93,133,22,29.88
93,134,21,29.87
93,135,20,33.0
93,136,19,31.2
93,137,18,24.18
93,138,17,25.68
93,139,16,27.77
93,140,15,17.07
93,141,14,24.78
93,142,13,18.98
93,143,12,18.68
93,144,11,18.94
93,145,10,10.68
93,146,9,12.05
93,147,8,12.74
93,148,7,8.82
93,149,6,6.58
93,150,5,5.57
93,151,4,4.41
93,152,3,4.03
93,153,2,3.73
93,154,1,1.65
93,155,0,1.13
94,1,257,210.31
94,2,256,222.67
94,3,255,205.67
94,4,254,212.71
94,5,253,205.31
94,6,252,222.96
94,7,251,192.75
94,8,250,205.75
94,9,249,211.72
94,10,248,210.05
94,11,247,200.78
94,12,246,210.75
94,13,245,206.18
94,14,244,208.72
94,15,243,194.15
94,16,242,202.42
94,17,241,204.33
94,18,240,195.1
94,19,239,196.95
94,20,238,207.18
94,21,237,198.41
94,22,236,200.65
94,23,235,198.62
94,24,234,199.38
94,25,233,202.89
94,26,232,192.5
94,27,231,206.09
94,28,230,202.85
94,29,229,197.81
94,30,228,187.1
94,31,227,179.92
94,32,226,197.37
94,33,225,190.18
94,34,224,188.38
94,35,223,197.79
94,36,222,179.63
94,37,221,192.37
94,38,220,188.38
94,39,219,187.39
94,40,218,198.82
94,41,217,184.79
94,42,216,181.0
94,43,215,195.9
94,44,214,185.73
94,45,213,184.76
94,46,212,180.74
94,47,211,182.7
94,48,210,186.23
94,49,209,193.31
94,50,208,179.93
94,51,207,179.57
94,52,206,175.83
94,53,205,165.25
94,54,204,183.5
94,55,203,183.19
94,56,202,151.34
94,57,201,164.77
94,58,200,179.92
94,59,199,182.36
94,60,198,187.38
94,61,197,175.87
94,62,196,184.99
94,63,195,176.77
94,64,194,160.59
94,65,193,163.66
94,66,192,175.31
94,67,191,177.05
94,68,190,159.93
94,69,189,175.78
94,70,188,166.03
94,71,187,171.7
94,72,186,174.48
94,73,185,162.99
94,74,184,170.42
94,75,183,162.47
94,76,182,169.65
94,77,181,166.06
94,78,180,164.22
94,79,179,153.88
94,80,178,160.03
94,81,177,168.52
94,82,176,168.82
94,83,175,166.05
94,84,174,160.91
94,85,173,158.01
94,86,172,146.51
94,87,171,152.54
94,88,170,166.74
94,89,169,156.14
94,90,168,154.87
94,91,167,124.49
94,92,166,137.99
94,93,165,148.9
94,94,164,158.58
94,95,163,155.15
94,96,162,141.86
94,97,161,138.15
94,98,160,138.7
94,99,159,154.56
94,100,158,145.26
94,101,157,137.44
94,102,156,141.46
94,103,155,138.73
94,104,154,141.7
94,105,153,129.95
94,106,152,125.84
94,107,151,143.66
94,108,150,141.07
94,109,149,135.75
94,110,148,138.59
94,111,147,152.27
94,112,146,125.97
94,113,145,136.36
94,114,144,130.4
94,115,143,135.38
94,116,142,132.73
94,117,141,136.12
94,118,140,135.01
94,119,139,138.08
94,120,138,131.49
94,121,137,140.29
94,122,136,122.79
94,123,135,127.95
94,124,134,109.1
94,125,133,133.04
94,126,132,124.03
94,127,131,128.88
94,128,130,133.4
94,129,129,124.07
94,130,128,124.97
94,131,127,128.38
94,132,126,114.96
94,133,125,121.85
94,134,124,127.0
94,135,123,110.71
94,136,122,122.71
94,137,121,101.65
94,138,120,111.46
94,139,119,105.82
94,140,118,113.82
94,141,117,120.97
94,142,116,100.75
94,143,115,121.33
94,144,114,119.84
94,145,113,107.01
94,146,112,110.55
94,147,111,106.71
94,148,110,114.29
94,149,109,95.55
94,150,108,120.65
94,151,107,110.27
94,152,106,104.88
94,153,105,101.66
94,154,104,97.33
94,155,103,101.08
94,156,102,92.54
94,157,101,95.04
94,158,100,92.12
94,159,99,85.16
94,160,98,86.77
94,161,97,98.43
94,162,96,91.18
94,163,95,86.68
94,164,94,92.02
94,165,93,90.75
94,166,92,80.23
94,167,91,93.46
94,168,90,83.19
94,169,89,81.35
94,170,88,84.01
94,171,87,78.51
94,172,86,83.22
94,173,85,84.7
94,174,84,76.54
94,175,83,71.56
94,176,82,84.06
94,177,81,83.16
94,178,80,75.57
94,179,79,79.52
94,180,78,76.54
94,181,77,70.67
94,182,76,75.35
94,183,75,68.52
94,184,74,79.04
94,185,73,69.49
94,186,72,68.86
94,187,71,66.12
94,188,70,57.45
94,189,69,61.0
94,190,68,61.47
94,191,67,61.26
94,192,66,59.77
94,193,65,61.75
94,194,64,60.2
94,195,63,61.84
94,196,62,57.35
94,197,61,57.25
94,198,60,58.82
94,199,59,54.78
94,200,58,54.01
94,201,57,51.06
94,202,56,49.84
94,203,55,45.85
94,204,54,48.89
94,205,53,51.86
94,206,52,50.42
94,207,51,47.58
94,208,50,48.75
94,209,49,49.73
94,210,48,43.71
94,211,47,39.08
94,212,46,45.49
94,213,45,41.95
94,214,44,38.25
94,215,43,41.73
94,216,42,41.65
94,217,41,39.69
94,218,40,39.3
94,219,39,34.78
94,220,38,33.36
94,221,37,37.82
94,222,36,32.59
94,223,35,30.27
94,224,34,31.1
94,225,33,32.17
94,226,32,31.6
94,227,31,30.23
94,228,30,28.32
94,229,29,25.5
94,230,28,28.4
94,231,27,26.15
94,232,26,25.74
94,233,25,22.18
94,234,24,22.83
94,235,23,21.39
94,236,22,19.4
94,237,21,19.37
94,238,20,19.92
94,239,19,18.31
94,240,18,15.94
94,241,17,16.86
94,242,16,16.02
94,243,15,15.59
94,244,14,13.99
94,245,13,13.05
94,246,12,11.27
94,247,11,10.17
94,248,10,10.96
94,249,9,8.74
94,250,8,7.34
94,251,7,6.33
94,252,6,5.6
94,253,5,4.78
94,254,4,4.29
94,255,3,3.57
94,256,2,2.89
94,257,1,1.31
94,258,0,1.04
95,1,282,256.26
95,2,281,235.22
95,3,280,253.94
95,4,279,241.0
95,5,278,245.81
95,6,277,258.21
95,7,276,237.99
95,8,275,226.43
95,9,274,233.29
95,10,273,238.47
95,11,272,250.74
95,12,271,225.3
95,13,270,228.62
95,14,269,240.1
95,15,268,241.79
95,16,267,232.79
95,17,266,241.66
95,18,265,239.0
95,19,264,236.47
95,20,263,228.18
95,21,262,228.5
95,22,261,241.22
95,23,260,223.57
95,24,259,226.79
95,25,258,231.42
95,26,257,216.5
95,27,256,225.76
95,28,255,220.18
95,29,254,216.04
95,30,253,218.77
95,31,252,224.16
95,32,251,220.38
95,33,250,217.82
95,34,249,212.05
95,35,248,217.93
95,36,247,221.01
95,37,246,212.51
95,38,245,224.31
95,39,244,222.99
95,40,243,216.43
95,41,242,207.81
95,42,241,204.24
95,43,240,222.18
95,44,239,212.99
95,45,238,218.35
95,46,237,221.09
95,47,236,214.77
95,48,235,201.89
95,49,234,197.96
95,50,233,209.27
95,51,232,210.43
95,52,231,204.2
95,53,230,212.85
95,54,229,209.61
95,55,228,199.42
95,56,227,210.19
95,57,226,222.31
95,58,225,207.76
95,59,224,211.55
95,60,223,211.23
95,61,222,187.58
95,62,221,199.8
95,63,220,196.29
95,64,219,195.68
95,65,218,204.47
95,66,217,204.4
95,67,216,205.92
95,68,215,196.61
95,69,214,191.35
95,70,213,196.94
95,71,212,200.44
95,72,211,191.56
95,73,210,190.58
95,74,209,195.79
95,75,208,197.71
95,76,207,194.48
95,77,206,190.52
95,78,205,195.47
95,79,204,186.92
95,80,203,192.51
95,81,202,174.57
95,82,201,191.76
95,83,200,174.09
95,84,199,191.48
95,85,198,192.67
95,86,197,178.75
95,87,196,184.35
95,88,195,174.77
95,89,194,170.71
95,90,193,183.99
95,91,192,185.57
95,92,191,177.25
95,93,190,168.7
95,94,189,182.0
95,95,188,156.63
95,96,187,173.43
95,97,186,183.42
95,98,185,165.12
95,99,184,178.65
95,100,183,180.18
95,101,182,172.93
95,102,181,168.67
95,103,180,181.28
95,104,179,167.47
95,105,178,165.91
95,106,177,178.63
95,107,176,160.55
95,108,175,168.33
95,109,174,171.48
95,110,173,172.19
95,111,172,168.37
95,112,171,151.34
95,113,170,168.46
95,114,169,155.92
95,115,168,163.43
95,116,167,171.42
95,117,166,174.42
95,118,165,169.55
95,119,164,154.7
95,120,163,170.9
95,121,162,145.32
95,122,161,148.7
95,123,160,144.45
95,124,159,155.11
95,125,158,150.84
95,126,157,152.92
95,127,156,166.27
95,128,155,151.41
95,129,154,144.25
95,130,153,157.21
95,131,152,137.73
95,132,151,152.21
95,133,150,134.63
95,134,149,137.12
95,135,148,133.49
95,136,147,135.9
95,137,146,149.5
95,138,145,135.37
95,139,144,139.96
95,140,143,136.29
95,141,142,138.22
95,142,141,133.18
95,143,140,135.24
95,144,139,121.61
95,145,138,136.5
95,146,137,145.69
95,147,136,128.54
95,148,135,134.99
95,149,134,136.57
95,150,133,139.48
95,151,132,142.41
95,152,131,142.91
95,153,130,121.06
95,154,129,123.47
95,155,128,141.74
95,156,127,116.44
95,157,126,119.94
95,158,125,112.83
95,159,124,123.09
95,160,123,114.6
95,161,122,108.75
95,162,121,118.41
95,163,120,116.91
95,164,119,122.21
95,165,118,119.6
95,166,117,107.82
95,167,116,101.92
95,168,115,106.05
95,169,114,107.63
95,170,113,113.87
95,171,112,122.02
95,172,111,102.93
95,173,110,109.74
95,174,109,102.62
95,175,108,101.85
95,176,107,115.73
95,177,106,103.12
95,178,105,96.18
95,179,104,92.12
95,180,103,94.08
95,181,102,95.79
95,182,101,93.41
95,183,100,111.17
95,184,99,93.4
95,185,98,91.91
95,186,97,89.85
95,187,96,89.65
95,188,95,89.43
95,189,94,87.72
95,190,93,85.23
95,191,92,86.13
95,192,91,94.86
95,193,90,91.27
95,194,89,86.96
95,195,88,80.63
95,196,87,97.88
95,197,86,77.58
95,198,85,77.79
95,199,84,81.15
95,200,83,78.13
95,201,82,78.23
95,202,81,76.81
95,203,80,79.74
95,204,79,76.63
95,205,78,75.15
95,206,77,73.59
95,207,76,73.72
95,208,75,73.76
95,209,74,69.33
95,210,73,70.59
95,211,72,65.65
95,212,71,70.18
95,213,70,64.3
95,214,69,70.49
95,215,68,62.86
95,216,67,69.69
95,217,66,66.0
95,218,65,59.9
95,219,64,61.91
95,220,63,61.16
95,221,62,61.74
95,222,61,56.85
95,223,60,56.76
95,224,59,59.62
95,225,58,56.86
95,226,57,54.25
95,227,56,55.76
95,228,55,53.49
95,229,54,54.57
95,230,53,51.11
95,231,52,51.53
95,232,51,46.94
95,233,50,49.77
95,234,49,47.8
95,235,48,48.65
95,236,47,44.74
95,237,46,44.3
95,238,45,45.04
95,239,44,40.53
95,240,43,43.01
95,241,42,42.03
95,242,41,40.76
95,243,40,41.04
95,244,39,37.6
95,245,38,37.98
95,246,37,37.81
95,247,36,39.07
95,248,35,40.63
95,249,34,32.11
95,250,33,32.96
95,251,32,34.54
95,252,31,31.22
95,253,30,30.88
95,254,29,27.96
95,255,28,29.88
95,256,27,28.6
95,257,26,28.29
95,258,25,25.02
95,259,24,26.81
95,260,23,25.76
95,261,22,25.5
95,262,21,24.75
95,263,20,21.08
95,264,19,18.74
95,265,18,19.23
95,266,17,18.29
95,267,16,18.58
95,268,15,17.9
95,269,14,14.45
95,270,13,11.64
95,271,12,11.15
95,272,11,12.32
95,273,10,8.31
95,274,9,12.06
95,275,8,7.33
95,276,7,10.14
95,277,6,10.49
95,278,5,4.51
95,279,4,4.61
95,280,3,2.93
95,281,2,5.22
95,282,1,3.49
95,283,0,1.11
96,1,335,286.72
96,2,334,268.59
96,3,333,269.1
96,4,332,283.34
96,5,331,263.88
96,6,330,249.98
96,7,329,275.06
96,8,328,266.8
96,9,327,272.2
96,10,326,263.37
96,11,325,275.29
96,12,324,258.9
96,13,323,255.44
96,14,322,266.83
96,15,321,265.46
96,16,320,279.54
96,17,319,249.39
96,18,318,267.8
96,19,317,269.75
96,20,316,263.16
96,21,315,256.17
96,22,314,262.93
96,23,313,260.41
96,24,312,265.76
96,25,311,249.45
96,26,310,252.97
96,27,309,269.94
96,28,308,254.68
96,29,307,270.43
96,30,306,258.24
96,31,305,257.96
96,32,304,250.04
96,33,303,256.83
96,34,302,241.97
96,35,301,269.46
96,36,300,264.25
96,37,299,246.34
96,38,298,236.77
96,39,297,244.35
96,40,296,252.91
96,41,295,264.97
96,42,294,265.57
96,43,293,247.23
96,44,292,249.34
96,45,291,230.08
96,46,290,250.98
96,47,289,236.69
96,48,288,251.6
96,49,287,249.16
96,50,286,248.13
96,51,285,258.5
96,52,284,249.76
96,53,283,234.06
96,54,282,244.01
96,55,281,224.11
96,56,280,230.77
96,57,279,235.69
96,58,278,229.34
96,59,277,231.58
96,60,276,230.05
96,61,275,227.92
96,62,274,250.26
96,63,273,241.58
96,64,272,236.25
96,65,271,234.05
96,66,270,243.86
96,67,269,246.09
96,68,268,231.69
96,69,267,228.13
96,70,266,239.19
96,71,265,236.97
96,72,264,236.1
96,73,263,244.92
96,74,262,234.61
96,75,261,219.59
96,76,260,233.96
96,77,259,229.38
96,78,258,223.39
96,79,257,216.04
96,80,256,221.84
96,81,255,219.24
96,82,254,225.71
96,83,253,226.88
96,84,252,214.58
96,85,251,213.31
96,86,250,212.54
96,87,249,212.34
96,88,248,226.46
96,89,247,200.46
96,90,246,226.13
96,91,245,226.39
96,92,244,220.3
96,93,243,207.57
96,94,242,214.09
96,95,241,224.21
96,96,240,203.56
96,97,239,215.71
96,98,238,216.56
96,99,237,210.78
96,100,236,202.46
96,101,235,213.08
96,102,234,214.22
96,103,233,211.75
96,104,232,218.0
96,105,231,211.09
96,106,230,197.35
96,107,229,202.01
96,108,228,206.12
96,109,227,210.28
96,110,226,210.24
96,111,225,198.64
96,112,224,194.55
96,113,223,207.96
96,114,222,203.38
96,115,221,189.99
96,116,220,205.5
96,117,219,205.36
96,118,218,203.33
96,119,217,194.56
96,120,216,198.93
96,121,215,190.75
96,122,214,173.24
96,123,213,207.41
96,124,212,189.88
96,125,211,181.59
96,126,210,197.85
96,127,209,193.53
96,128,208,187.41
96,129,207,200.42
96,130,206,192.39
96,131,205,191.15
96,132,204,189.0
96,133,203,190.29
96,134,202,194.06
96,135,201,189.86
96,136,200,183.58
96,137,199,188.17
96,138,198,184.06
96,139,197,178.5
96,140,196,178.91
96,141,195,172.6
96,142,194,189.66
96,143,193,179.32
96,144,192,165.91
96,145,191,177.57
96,146,190,178.87
96,147,189,169.59
96,148,188,183.42
96,149,187,170.12
96,150,186,180.07
96,151,185,179.11
96,152,184,182.78
96,153,183,177.9
96,154,182,167.36
96,155,181,177.11
96,156,180,167.87
96,157,179,163.5
96,158,178,164.19
96,159,177,164.73
96,160,176,165.26
96,161,175,182.09
96,162,174,180.42
96,163,173,159.44
96,164,172,162.9
96,165,171,157.73
96,166,170,157.25
96,167,169,158.93
96,168,168,159.69
96,169,167,170.98
96,170,166,167.65
96,171,165,151.83
96,172,164,161.51
96,173,163,164.6
96,174,162,152.59
96,175,161,152.82
96,176,160,161.39
96,177,159,158.68
96,178,158,161.85
96,179,157,159.95
96,180,156,145.39
96,181,155,149.8
96,182,154,150.02
96,183,153,155.67
96,184,152,150.99
96,185,151,156.5
96,186,150,142.1
96,187,149,148.14
96,188,148,149.3
96,189,147,140.16
96,190,146,148.36
96,191,145,135.98
96,192,144,141.54
96,193,143,145.08
96,194,142,135.64
96,195,141,139.78
96,196,140,135.75
96,197,139,146.36
96,198,138,131.51
96,199,137,124.01
96,200,136,130.84
96,201,135,141.57
96,202,134,136.43
96,203,133,122.14
96,204,132,134.03
96,205,131,133.1
96,206,130,135.01
96,207,129,128.93
96,208,128,124.67
96,209,127,135.79
96,210,126,134.6
96,211,125,130.46
96,212,124,135.6
96,213,123,137.74
96,214,122,119.08
96,215,121,126.39
96,216,120,126.21
96,217,119,118.51
96,218,118,116.9
96,219,117,109.54
96,220,116,122.57
96,221,115,122.98
96,222,114,123.01
96,223,113,114.64
96,224,112,119.64
96,225,111,108.21
96,226,110,113.24
96,227,109,120.6
96,228,108,124.53
96,229,107,113.02
96,230,106,102.56
96,231,105,111.64
96,232,104,103.81
96,233,103,108.52
96,234,102,104.94
96,235,101,95.79
96,236,100,109.19
96,237,99,109.14
96,238,98,107.09
96,239,97,102.46
96,240,96,90.33
96,241,95,113.6
96,242,94,107.82
96,243,93,82.23
96,244,92,97.88
96,245,91,90.44
96,246,90,101.26
96,247,89,92.42
96,248,88,101.84
96,249,87,81.78
96,250,86,84.17
96,251,85,79.86
96,252,84,105.27
96,253,83,77.88
96,254,82,87.04
96,255,81,69.89
96,256,80,79.0
96,257,79,85.8
96,258,78,89.06
96,259,77,95.08
96,260,76,80.01
96,261,75,80.07
96,262,74,75.9
96,263,73,83.76
96,264,72,70.72
96,265,71,76.84
96,266,70,63.85
96,267,69,78.17
96,268,68,80.45
96,269,67,71.28
96,270,66,70.07
96,271,65,69.56
96,272,64,62.17
96,273,63,69.28
96,274,62,58.98
96,275,61,57.82
96,276,60,52.57
96,277,59,52.02
96,278,58,62.37
96,279,57,55.21
96,280,56,51.96
96,281,55,58.32
96,282,54,50.9
96,283,53,50.01
96,284,52,49.42
96,285,51,52.71
96,286,50,44.34
96,287,49,49.3
96,288,48,47.73
96,289,47,42.48
96,290,46,45.28
96,291,45,44.68
96,292,44,40.84
96,293,43,41.39
96,294,42,43.49
96,295,41,41.86
96,296,40,41.44
96,297,39,34.53
96,298,38,37.33
96,299,37,34.87
96,300,36,38.71
96,301,35,32.03
96,302,34,34.42
96,303,33,27.89
96,304,32,27.35
96,305,31,30.84
96,306,30,30.13
96,307,29,29.14
96,308,28,26.44
96,309,27,23.53
96,310,26,22.94
96,311,25,24.63
96,312,24,23.47
96,313,23,22.05
96,314,22,18.26
96,315,21,20.69
96,316,20,20.52
96,317,19,14.79
96,318,18,19.37
96,319,17,19.58
96,320,16,14.18
96,321,15,18.8
96,322,14,14.32
96,323,13,12.85
96,324,12,11.28
96,325,11,7.93
96,326,10,9.33
96,327,9,8.85
96,328,8,6.16
96,329,7,6.79
96,330,6,4.79
96,331,5,6.03
96,332,4,4.24
96,333,3,3.6
96,334,2,2.52
96,335,1,2.29
96,336,0,0.59
97,1,201,201.78
97,2,200,212.98
97,3,199,195.65
97,4,198,181.81
97,5,197,186.62
97,6,196,185.44
97,7,195,181.02
97,8,194,175.73
97,9,193,184.76
97,10,192,181.4
97,11,191,198.74
97,12,190,190.52
97,13,189,186.35
97,14,188,175.98
97,15,187,183.23
97,16,186,180.64
97,17,185,177.89
97,18,184,186.07
97,19,183,187.66
97,20,182,189.37
97,21,181,175.26
97,22,180,181.2
97,23,179,172.42
97,24,178,179.96
97,25,177,187.28
97,26,176,172.44
97,27,175,183.88
97,28,174,177.62
97,29,173,180.05
97,30,172,183.56
97,31,171,176.41
97,32,170,170.1
97,33,169,173.95
97,34,168,173.89
97,35,167,176.04
97,36,166,164.04
97,37,165,167.23
97,38,164,163.95
97,39,163,175.08
97,40,162,159.2
97,41,161,156.41
97,42,160,166.1
97,43,159,157.62
97,44,158,153.52
97,45,157,169.12
97,46,156,161.38
97,47,155,167.06
97,48,154,163.2
97,49,153,170.03
97,50,152,161.75
97,51,151,167.46
97,52,150,164.53
97,53,149,155.19
97,54,148,161.25
97,55,147,150.12
97,56,146,152.75
97,57,145,157.33
97,58,144,164.62
97,59,143,142.73
97,60,142,156.58
97,61,141,145.38
97,62,140,145.45
97,63,139,144.33
97,64,138,154.36
97,65,137,154.49
97,66,136,146.5
97,67,135,147.02
97,68,134,143.45
97,69,133,141.5
97,70,132,144.53
97,71,131,146.38
97,72,130,148.22
97,73,129,144.75
97,74,128,139.47
97,75,127,162.1
97,76,126,147.85
97,77,125,151.19
97,78,124,133.59
97,79,123,137.41
97,80,122,140.26
97,81,121,134.9
97,82,120,129.98
97,83,119,134.94
97,84,118,134.65
97,85,117,133.63
97,86,116,127.07
97,87,115,150.27
97,88,114,142.75
97,89,113,144.17
97,90,112,130.18
97,91,111,126.16
97,92,110,129.97
97,93,109,144.26
97,94,108,125.98
97,95,107,138.21
97,96,106,121.93
97,97,105,119.18
97,98,104,117.05
97,99,103,121.69
97,100,102,122.65
97,101,101,127.18
97,102,100,117.65
97,103,99,118.21
97,104,98,118.01
97,105,97,113.3
97,106,96,116.12
97,107,95,120.25
97,108,94,124.69
97,109,93,105.13
97,110,92,115.07
97,111,91,126.14
97,112,90,116.53
97,113,89,110.17
97,114,88,102.44
97,115,87,104.98
97,116,86,113.5
97,117,85,111.53
97,118,84,94.92
97,119,83,113.82
97,120,82,105.02
97,121,81,97.68
97,122,80,104.68
97,123,79,92.19
97,124,78,99.62
97,125,77,108.76
97,126,76,98.04
97,127,75,88.64
97,128,74,87.58
97,129,73,88.59
97,130,72,79.55
97,131,71,79.28
97,132,70,100.78
97,133,69,78.61
97,134,68,99.35
97,135,67,75.95
97,136,66,80.09
97,137,65,87.17
97,138,64,75.6
97,139,63,75.77
97,140,62,70.24
97,141,61,79.11
97,142,60,74.38
97,143,59,64.53
97,144,58,66.2
97,145,57,60.1
97,146,56,60.62
97,147,55,65.53
97,148,54,60.48
97,149,53,59.94
97,150,52,59.24
97,151,51,53.8
97,152,50,58.58
97,153,49,54.31
97,154,48,52.77
97,155,47,51.24
97,156,46,53.12
97,157,45,46.81
97,158,44,47.21
97,159,43,47.31
97,160,42,45.11
97,161,41,46.04
97,162,40,42.3
97,163,39,41.35
97,164,38,39.68
97,165,37,39.05
97,166,36,40.41
97,167,35,39.93
97,168,34,37.5
97,169,33,36.2
97,170,32,34.27
97,171,31,34.03
97,172,30,30.77
97,173,29,29.61
97,174,28,30.13
97,175,27,29.46
97,176,26,25.41
97,177,25,26.29
97,178,24,23.02
97,179,23,23.06
97,180,22,21.54
97,181,21,23.09
97,182,20,21.52
97,183,19,19.49
97,184,18,18.85
97,185,17,17.24
97,186,16,17.37
97,187,15,15.22
97,188,14,14.99
97,189,13,13.62
97,190,12,13.75
97,191,11,11.14
97,192,10,9.83
97,193,9,10.95
97,194,8,8.99
97,195,7,7.36
97,196,6,7.93
97,197,5,5.22
97,198,4,3.9
97,199,3,3.63
97,200,2,2.8
97,201,1,1.79
97,202,0,0.94
98,1,155,159.09
98,2,154,158.57
98,3,153,163.5
98,4,152,160.01
98,5,151,161.15
98,6,150,162.4
98,7,149,148.74
98,8,148,153.43
98,9,147,167.37
98,10,146,151.86
98,11,145,151.7
98,12,144,149.61
98,13,143,158.0
98,14,142,150.3
98,15,141,150.13
98,16,140,150.22
98,17,139,145.02
98,18,138,149.21
98,19,137,142.12
98,20,136,147.1
98,21,135,148.64
98,22,134,142.33
98,23,133,140.98
98,24,132,130.8
98,25,131,133.37
98,26,130,134.63
98,27,129,147.57
98,28,128,141.27
98,29,127,139.22
98,30,126,145.01
98,31,125,137.11
98,32,124,137.66
98,33,123,137.59
98,34,122,140.03
98,35,121,138.92
98,36,120,136.93
98,37,119,129.0
98,38,118,139.58
98,39,117,135.67
98,40,116,120.71
98,41,115,128.99
98,42,114,129.16
98,43,113,126.07
98,44,112,128.26
98,45,111,122.91
98,46,110,115.82
98,47,109,125.98
98,48,108,126.14
98,49,107,126.64
98,50,106,139.46
98,51,105,127.8
98,52,104,125.23
98,53,103,112.54
98,54,102,107.38
98,55,101,126.62
98,56,100,113.32
98,57,99,120.52
98,58,98,123.98
98,59,97,126.1
98,60,96,120.2
98,61,95,112.01
98,62,94,112.4
98,63,93,98.41
98,64,92,99.72
98,65,91,102.82
98,66,90,112.99
98,67,89,105.19
98,68,88,104.37
98,69,87,109.24
98,70,86,99.23
98,71,85,103.29
98,72,84,105.81
98,73,83,90.1
98,74,82,100.66
98,75,81,91.55
98,76,80,111.6
98,77,79,100.33
98,78,78,90.22
98,79,77,85.69
98,80,76,93.03
98,81,75,101.69
98,82,74,91.53
98,83,73,89.96
98,84,72,95.18
98,85,71,87.35
98,86,70,85.83
98,87,69,95.54
98,88,68,84.13
98,89,67,94.21
98,90,66,97.81
98,91,65,77.4
98,92,64,76.19
98,93,63,75.2
98,94,62,85.8
98,95,61,71.07
98,96,60,92.91
98,97,59,76.7
98,98,58,88.06
98,99,57,84.51
98,100,56,71.12
98,101,55,71.25
98,102,54,69.53
98,103,53,70.53
98,104,52,82.98
98,105,51,69.83
98,106,50,67.58
98,107,49,69.69
98,108,48,76.59
98,109,47,67.75
98,110,46,63.86
98,111,45,67.18
98,112,44,65.97
98,113,43,57.89
98,114,42,69.76
98,115,41,56.78
98,116,40,58.37
98,117,39,59.14
98,118,38,68.6
98,119,37,66.13
98,120,36,55.54
98,121,35,46.3
98,122,34,46.94
98,123,33,50.65
98,124,32,52.83
98,125,31,49.12
98,126,30,41.43
98,127,29,42.95
98,128,28,41.28
98,129,27,49.97
98,130,26,31.85
98,131,25,34.86
98,132,24,57.3
98,133,23,33.07
98,134,22,36.21
98,135,21,27.19
98,136,20,24.62
98,137,19,29.07
98,138,18,26.09
98,139,17,25.53
98,140,16,22.65
98,141,15,20.29
98,142,14,20.67
98,143,13,16.69
98,144,12,15.94
98,145,11,14.82
98,146,10,14.06
98,147,9,12.32
98,148,8,8.21
98,149,7,15.21
98,150,6,7.3
98,151,5,6.31
98,152,4,4.4
98,153,3,5.28
98,154,2,4.37
98,155,1,2.95
98,156,0,1.52
99,1,184,180.04
99,2,183,182.51
99,3,182,180.64
99,4,181,191.23
99,5,180,182.35
99,6,179,186.38
99,7,178,166.93
99,8,177,165.08
99,9,176,176.56
99,10,175,166.56
99,11,174,167.9
99,12,173,179.74
99,13,172,164.0
99,14,171,170.63
99,15,170,161.98
99,16,169,172.01
99,17,168,179.29
99,18,167,162.92
99,19,166,169.32
99,20,165,169.73
99,21,164,160.96
99,22,163,161.68
99,23,162,157.83
99,24,161,171.09
99,25,160,180.06
99,26,159,164.31
99,27,158,158.89
99,28,157,162.99
99,29,156,167.76
99,30,155,156.49
99,31,154,149.54
99,32,153,156.7
99,33,152,152.34
99,34,151,144.62
99,35,150,155.4
99,36,149,155.43
99,37,148,151.53
99,38,147,159.45
99,39,146,149.42
99,40,145,154.53
99,41,144,163.82
99,42,143,156.38
99,43,142,160.66
99,44,141,143.25
99,45,140,140.73
99,46,139,139.35
99,47,138,150.17
99,48,137,159.98
99,49,136,153.77
99,50,135,142.38
99,51,134,153.2
99,52,133,139.48
99,53,132,141.96
99,54,131,139.29
99,55,130,144.28
99,56,129,139.67
99,57,128,156.48
99,58,127,143.52
99,59,126,137.6
99,60,125,133.46
99,61,124,141.54
99,62,123,138.68
99,63,122,140.91
99,64,121,140.42
99,65,120,149.24
99,66,119,143.62
99,67,118,131.99
99,68,117,128.68
99,69,116,125.34
99,70,115,147.28
99,71,114,127.03
99,72,113,130.01
99,73,112,126.45
99,74,111,131.61
99,75,110,139.49
99,76,109,128.8
99,77,108,129.23
99,78,107,124.88
99,79,106,113.08
99,80,105,120.44
99,81,104,124.57
99,82,103,124.12
99,83,102,130.95
99,84,101,115.64
99,85,100,98.47
99,86,99,125.1
99,87,98,124.08
99,88,97,116.29
99,89,96,124.58
99,90,95,125.55
99,91,94,115.28
99,92,93,110.12
99,93,92,107.1
99,94,91,124.13
99,95,90,110.88
99,96,89,109.21
99,97,88,112.86
99,98,87,99.32
99,99,86,111.86
99,100,85,96.33
99,101,84,97.4
99,102,83,113.28
99,103,82,105.86
99,104,81,98.35
99,105,80,102.62
99,106,79,101.33
99,107,78,98.42
99,108,77,110.87
99,109,76,96.16
99,110,75,92.08
99,111,74,98.79
99,112,73,98.21
99,113,72,102.05
99,114,71,92.36
99,115,70,91.41
99,116,69,97.4
99,117,68,93.06
99,118,67,107.5
99,119,66,84.24
99,120,65,103.65
99,121,64,83.47
99,122,63,95.98
99,123,62,80.4
99,124,61,80.73
99,125,60,94.09
99,126,59,81.98
99,127,58,75.59
99,128,57,86.97
99,129,56,77.62
99,130,55,76.61
99,131,54,79.09
99,132,53,74.56
99,133,52,71.55
99,134,51,78.88
99,135,50,74.53
99,136,49,73.31
99,137,48,66.8
99,138,47,64.8
99,139,46,62.3
99,140,45,60.67
99,141,44,61.98
99,142,43,62.84
99,143,42,66.88
99,144,41,54.14
99,145,40,45.93
99,146,39,62.75
99,147,38,53.18
99,148,37,57.69
99,149,36,63.08
99,150,35,46.93
99,151,34,52.88
99,152,33,38.47
99,153,32,45.19
99,154,31,39.14
99,155,30,45.03
99,156,29,36.4
99,157,28,39.91
99,158,27,36.54
99,159,26,35.22
99,160,25,32.36
99,161,24,28.08
99,162,23,27.12
99,163,22,24.09
99,164,21,27.41
99,165,20,26.88
99,166,19,21.9
99,167,18,20.1
99,168,17,16.68
99,169,16,19.84
99,170,15,17.42
99,171,14,17.03
99,172,13,14.95
99,173,12,15.43
99,174,11,11.23
99,175,10,11.18
99,176,9,11.4
99,177,8,11.41
99,178,7,6.44
99,179,6,5.82
99,180,5,4.6
99,181,4,3.89
99,182,3,2.71
99,183,2,2.56
99,184,1,2.13
99,185,0,4.05
100,1,199,174.21
100,2,198,183.88
100,3,197,169.86
100,4,196,167.21
100,5,195,179.44
100,6,194,182.3
100,7,193,178.61
100,8,192,180.33
100,9,191,167.59
100,10,190,161.39
100,11,189,175.07
100,12,188,161.33
100,13,187,172.69
100,14,186,160.91
100,15,185,153.2
100,16,184,176.0
100,17,183,159.13
100,18,182,166.62
100,19,181,166.42
100,20,180,165.71
100,21,179,178.62
100,22,178,161.47
100,23,177,170.2
100,24,176,173.31
100,25,175,162.78
100,26,174,159.29
100,27,173,160.87
100,28,172,156.37
100,29,171,162.56
100,30,170,151.31
100,31,169,167.14
100,32,168,158.08
100,33,167,162.59
100,34,166,166.17
100,35,165,165.73
100,36,164,155.23
100,37,163,148.98
100,38,162,167.52
100,39,161,147.24
100,40,160,145.58
100,41,159,156.76
100,42,158,159.09
100,43,157,147.62
100,44,156,150.53
100,45,155,144.26
100,46,154,143.83
100,47,153,155.5
100,48,152,144.99
100,49,151,152.43
100,50,150,146.32
100,51,149,142.74
100,52,148,139.89
100,53,147,139.09
100,54,146,145.13
100,55,145,150.09
100,56,144,145.83
100,57,143,131.24
100,58,142,124.9
100,59,141,139.92
100,60,140,132.14
100,61,139,138.01
100,62,138,133.26
100,63,137,122.51
100,64,136,142.94
100,65,135,137.11
100,66,134,128.52
100,67,133,128.05
100,68,132,123.86
100,69,131,134.02
100,70,130,120.11
100,71,129,132.99
100,72,128,131.24
100,73,127,124.61
100,74,126,129.42
100,75,125,127.62
100,76,124,127.38
100,77,123,132.89
100,78,122,120.1
100,79,121,130.23
100,80,120,117.83
100,81,119,118.17
100,82,118,124.8
100,83,117,113.88
100,84,116,120.4
100,85,115,125.57
100,86,114,114.18
100,87,113,116.7
100,88,112,118.18
100,89,111,106.36
100,90,110,111.57
100,91,109,108.62
100,92,108,117.9
100,93,107,108.69
100,94,106,116.18
100,95,105,109.42
100,96,104,104.91
100,97,103,107.74
100,98,102,98.31
100,99,101,119.44
100,100,100,107.62
100,101,99,105.28
100,102,98,106.29
100,103,97,94.69
100,104,96,104.7
100,105,95,98.58
100,106,94,96.61
100,107,93,107.34
100,108,92,107.8
100,109,91,102.97
100,110,90,98.3
100,111,89,90.94
100,112,88,102.41
100,113,87,88.97
100,114,86,100.33
100,115,85,87.93
100,116,84,86.93
100,117,83,94.1
100,118,82,88.7
100,119,81,87.43
100,120,80,90.49
100,121,79,77.54
100,122,78,84.36
100,123,77,94.51
100,124,76,85.44
100,125,75,73.97
100,126,74,78.67
100,127,73,75.3
100,128,72,77.91
100,129,71,81.09
100,130,70,83.63
100,131,69,77.69
100,132,68,74.03
100,133,67,89.57
100,134,66,79.35
100,135,65,71.39
100,136,64,76.88
100,137,63,75.3
100,138,62,71.08
100,139,61,78.21
100,140,60,69.97
100,141,59,76.61
100,142,58,62.2
100,143,57,64.92
100,144,56,61.58
100,145,55,58.17
100,146,54,59.05
100,147,53,63.83
100,148,52,70.02
100,149,51,50.88
100,150,50,59.88
100,151,49,62.17
100,152,48,52.17
100,153,47,58.31
100,154,46,48.09
100,155,45,43.53
100,156,44,49.33
100,157,43,45.12
100,158,42,45.11
100,159,41,44.8
100,160,40,40.75
100,161,39,43.32
100,162,38,56.73
100,163,37,40.61
100,164,36,41.4
100,165,35,34.57
100,166,34,41.24
100,167,33,36.63
100,168,32,29.62
100,169,31,31.14
100,170,30,25.84
100,171,29,28.04
100,172,28,26.73
100,173,27,28.07
100,174,26,24.76
100,175,25,34.08
100,176,24,28.95
100,177,23,23.22
100,178,22,24.22
100,179,21,20.37
100,180,20,26.34
100,181,19,19.18
100,182,18,21.15
100,183,17,17.19
100,184,16,16.19
100,185,15,24.23
100,186,14,17.74
100,187,13,14.89
100,188,12,10.97
100,189,11,11.68
100,190,10,8.92
100,191,9,8.43
100,192,8,11.46
100,193,7,6.82
100,194,6,6.03
100,195,5,4.47
100,196,4,4.66
100,197,3,3.33
100,198,2,3.39
100,199,1,1.99
100,200,0,0.62
